solid Uranium STLWriter Wed 01 May 2024 14:57:17
facet normal 0.0 0.0 0.0
  outer loop
    vertex -8.196220397949219 -59.999969482421875 3.9999990463256836
    vertex -8.196212768554688 -31.726268768310547 4.000001907348633
    vertex -8.196205139160156 59.99972915649414 4.000001907348633
  endloop
endfacet
facet normal 0.0 0.0 0.0
  outer loop
    vertex -8.196205139160156 59.999969482421875 4.000001907348633
    vertex -4.044120788574219 47.94749069213867 4.000001907348633
    vertex -3.6962051391601562 48.00297546386719 4.000001907348633
  endloop
endfacet
facet normal 0.0 0.0 0.0
  outer loop
    vertex -8.196205139160156 59.999969482421875 4.000001907348633
    vertex -4.160209655761719 47.928977966308594 4.000001907348633
    vertex -4.044120788574219 47.94749069213867 4.000001907348633
  endloop
endfacet
facet normal 0.0 0.0 0.0
  outer loop
    vertex -8.196205139160156 59.999969482421875 4.000001907348633
    vertex -4.4743804931640625 47.76926803588867 4.000001907348633
    vertex -4.160209655761719 47.928977966308594 4.000001907348633
  endloop
endfacet
facet normal 0.0 0.0 0.0
  outer loop
    vertex -8.196205139160156 59.999969482421875 4.000001907348633
    vertex -4.5792083740234375 47.71597671508789 4.000001907348633
    vertex -4.4743804931640625 47.76926803588867 4.000001907348633
  endloop
endfacet
facet normal 0.0 0.0 0.0
  outer loop
    vertex -8.196205139160156 59.999969482421875 4.000001907348633
    vertex -4.6625213623046875 47.63266372680664 4.000001907348633
    vertex -4.5792083740234375 47.71597671508789 4.000001907348633
  endloop
endfacet
facet normal 0.0 0.0 0.0
  outer loop
    vertex -8.196205139160156 59.999969482421875 4.000001907348633
    vertex -4.912208557128906 47.38297653198242 4.000001907348633
    vertex -4.6625213623046875 47.63266372680664 4.000001907348633
  endloop
endfacet
facet normal 0.0 0.0 0.0
  outer loop
    vertex -8.196205139160156 59.999969482421875 4.000001907348633
    vertex -5.0719146728515625 47.06880569458008 4.000001907348633
    vertex -4.912208557128906 47.38297653198242 4.000001907348633
  endloop
endfacet
facet normal 0.0 0.0 0.0
  outer loop
    vertex -8.196205139160156 59.999969482421875 4.000001907348633
    vertex -3.6962051391601562 48.00297546386719 4.000001907348633
    vertex -3.348297119140625 47.94749069213867 4.000001907348633
  endloop
endfacet
facet normal 0.0 0.0 0.0
  outer loop
    vertex -8.196205139160156 59.999969482421875 4.000001907348633
    vertex -5.125205993652344 46.9639778137207 4.000001907348633
    vertex -5.0719146728515625 47.06880569458008 4.000001907348633
  endloop
endfacet
facet normal 0.0 0.0 0.0
  outer loop
    vertex -8.196205139160156 59.999969482421875 4.000001907348633
    vertex -5.199211120605469 46.499977111816406 4.000001907348633
    vertex -5.1437225341796875 46.84789276123047 4.000001907348633
  endloop
endfacet
facet normal 0.0 0.0 0.0
  outer loop
    vertex -8.196205139160156 59.999969482421875 4.000001907348633
    vertex -7.67742919921875 -31.72626495361328 4.000001907348633
    vertex -6.1962127685546875 -31.72626495361328 4.000001907348633
  endloop
endfacet
facet normal 0.0 0.0 0.0
  outer loop
    vertex -8.196205139160156 59.999969482421875 4.000001907348633
    vertex -8.196212768554688 -31.726268768310547 4.000001907348633
    vertex -7.67742919921875 -31.72626495361328 4.000001907348633
  endloop
endfacet
facet normal 0.0 0.0 0.0
  outer loop
    vertex -8.196205139160156 59.999969482421875 4.000001907348633
    vertex -8.196205139160156 59.99972915649414 4.000001907348633
    vertex -8.196212768554688 -31.726268768310547 4.000001907348633
  endloop
endfacet
facet normal 0.0 0.0 0.0
  outer loop
    vertex -0.19622039794921875 -47.40898895263672 4.000001907348633
    vertex -2.1942214965820312 -46.499977111816406 4.000001907348633
    vertex -2.2046661376953125 -46.566375732421875 4.000001907348633
  endloop
endfacet
facet normal 0.0 0.0 0.0
  outer loop
    vertex -2.2046661376953125 -46.566375732421875 4.000001907348633
    vertex -0.19622039794921875 -47.45418167114258 4.000001907348633
    vertex -0.19622039794921875 -47.40898895263672 4.000001907348633
  endloop
endfacet
facet normal 0.0 0.0 0.0
  outer loop
    vertex -0.19622039794921875 -47.45418167114258 4.000001907348633
    vertex -2.2046661376953125 -46.566375732421875 4.000001907348633
    vertex -2.2672195434570312 -46.96397399902344 4.000001907348633
  endloop
endfacet
facet normal 0.0 0.0 0.0
  outer loop
    vertex -8.196205139160156 59.999969482421875 4.000001907348633
    vertex -5.1437225341796875 46.84789276123047 4.000001907348633
    vertex -5.125205993652344 46.9639778137207 4.000001907348633
  endloop
endfacet
facet normal 0.0 0.0 0.0
  outer loop
    vertex -8.196205139160156 59.999969482421875 4.000001907348633
    vertex -3.348297119140625 47.94749069213867 4.000001907348633
    vertex -3.232208251953125 47.928977966308594 4.000001907348633
  endloop
endfacet
facet normal 0.0 0.0 0.0
  outer loop
    vertex -8.196205139160156 59.999969482421875 4.000001907348633
    vertex -3.232208251953125 47.928977966308594 4.000001907348633
    vertex -3.12738037109375 47.87568664550781 4.000001907348633
  endloop
endfacet
facet normal 0.0 0.0 0.0
  outer loop
    vertex -8.196205139160156 59.999969482421875 4.000001907348633
    vertex -3.12738037109375 47.87568664550781 4.000001907348633
    vertex -2.8132095336914062 47.71597671508789 4.000001907348633
  endloop
endfacet
facet normal 0.0 0.0 0.0
  outer loop
    vertex -2.2489395141601562 46.84789276123047 4.000001907348633
    vertex -0.1962127685546875 47.64390563964844 4.000001907348633
    vertex -0.1962127685546875 47.72126007080078 4.000001907348633
  endloop
endfacet
facet normal 0.0 0.0 0.0
  outer loop
    vertex -8.196205139160156 59.999969482421875 4.000001907348633
    vertex -0.1962127685546875 58.38954162597656 4.000000953674316
    vertex -0.1962127685546875 59.999969482421875 4.000001907348633
  endloop
endfacet
facet normal 0.0 0.0 0.0
  outer loop
    vertex -8.196205139160156 59.999969482421875 4.000001907348633
    vertex -0.1962127685546875 58.387306213378906 4.000000953674316
    vertex -0.1962127685546875 58.38954162597656 4.000000953674316
  endloop
endfacet
facet normal 0.0 0.0 0.0
  outer loop
    vertex -8.196205139160156 59.999969482421875 4.000001907348633
    vertex -0.1962127685546875 58.386932373046875 4.000000953674316
    vertex -0.1962127685546875 58.387306213378906 4.000000953674316
  endloop
endfacet
facet normal 0.0 0.0 0.0
  outer loop
    vertex -8.196205139160156 59.999969482421875 4.000001907348633
    vertex -0.1962127685546875 58.383705139160156 4.000000953674316
    vertex -0.1962127685546875 58.386932373046875 4.000000953674316
  endloop
endfacet
facet normal 0.0 0.0 0.0
  outer loop
    vertex -8.196205139160156 59.999969482421875 4.000001907348633
    vertex -0.1962127685546875 58.364227294921875 4.000000953674316
    vertex -0.1962127685546875 58.383705139160156 4.000000953674316
  endloop
endfacet
facet normal 0.0 0.0 0.0
  outer loop
    vertex -8.196205139160156 59.999969482421875 4.000001907348633
    vertex -0.1962127685546875 58.3293342590332 4.000000953674316
    vertex -0.1962127685546875 58.364227294921875 4.000000953674316
  endloop
endfacet
facet normal 0.0 0.0 0.0
  outer loop
    vertex -8.196205139160156 59.999969482421875 4.000001907348633
    vertex -0.1962127685546875 58.32423400878906 4.000000953674316
    vertex -0.1962127685546875 58.3293342590332 4.000000953674316
  endloop
endfacet
facet normal 0.0 0.0 0.0
  outer loop
    vertex -8.196205139160156 59.999969482421875 4.000001907348633
    vertex -0.1962127685546875 52.34746170043945 4.000001907348633
    vertex -0.1962127685546875 58.32423400878906 4.000000953674316
  endloop
endfacet
facet normal 0.0 0.0 0.0
  outer loop
    vertex -8.196205139160156 59.999969482421875 4.000001907348633
    vertex -0.1962127685546875 52.347415924072266 4.000001907348633
    vertex -0.1962127685546875 52.34746170043945 4.000001907348633
  endloop
endfacet
facet normal 0.0 0.0 0.0
  outer loop
    vertex -8.196205139160156 59.999969482421875 4.000001907348633
    vertex -0.1962127685546875 52.345802307128906 4.000001907348633
    vertex -0.1962127685546875 52.347415924072266 4.000001907348633
  endloop
endfacet
facet normal 0.0 0.0 0.0
  outer loop
    vertex -0.1962127685546875 52.345802307128906 4.000001907348633
    vertex -8.196205139160156 59.999969482421875 4.000001907348633
    vertex -2.2672042846679688 46.9639778137207 4.000001907348633
  endloop
endfacet
facet normal 0.0 0.0 0.0
  outer loop
    vertex -2.2672042846679688 46.9639778137207 4.000001907348633
    vertex -0.1962127685546875 47.72126007080078 4.000001907348633
    vertex -0.1962127685546875 52.345802307128906 4.000001907348633
  endloop
endfacet
facet normal 0.0 0.0 0.0
  outer loop
    vertex -8.196205139160156 59.999969482421875 4.000001907348633
    vertex -2.32049560546875 47.06880569458008 4.000001907348633
    vertex -2.2672042846679688 46.9639778137207 4.000001907348633
  endloop
endfacet
facet normal 0.0 0.0 0.0
  outer loop
    vertex -8.196205139160156 59.999969482421875 4.000001907348633
    vertex -2.4802093505859375 47.38297653198242 4.000001907348633
    vertex -2.32049560546875 47.06880569458008 4.000001907348633
  endloop
endfacet
facet normal 0.0 0.0 0.0
  outer loop
    vertex -8.196205139160156 59.999969482421875 4.000001907348633
    vertex -2.7298965454101562 47.63266372680664 4.000001907348633
    vertex -2.4802093505859375 47.38297653198242 4.000001907348633
  endloop
endfacet
facet normal 0.0 0.0 0.0
  outer loop
    vertex -8.196205139160156 59.999969482421875 4.000001907348633
    vertex -2.8132095336914062 47.71597671508789 4.000001907348633
    vertex -2.7298965454101562 47.63266372680664 4.000001907348633
  endloop
endfacet
facet normal 0.0 0.0 0.0
  outer loop
    vertex -2.2672195434570312 -46.96397399902344 4.000001907348633
    vertex -0.1962127685546875 -47.72126007080078 4.000001907348633
    vertex -0.19622039794921875 -47.45418167114258 4.000001907348633
  endloop
endfacet
facet normal 0.0 0.0 0.0
  outer loop
    vertex -6.196220397949219 -48.999977111816406 4.000001907348633
    vertex -5.125221252441406 -46.96397399902344 4.000001907348633
    vertex -5.188636779785156 -46.566375732421875 4.000001907348633
  endloop
endfacet
facet normal 0.0 0.0 0.0
  outer loop
    vertex -6.196220397949219 -48.999977111816406 4.000001907348633
    vertex -4.9427032470703125 -47.323020935058594 4.000001907348633
    vertex -5.125221252441406 -46.96397399902344 4.000001907348633
  endloop
endfacet
facet normal 0.0 0.0 0.0
  outer loop
    vertex -6.196220397949219 -48.999977111816406 4.000001907348633
    vertex -4.912223815917969 -47.38298034667969 4.000001907348633
    vertex -4.9427032470703125 -47.323020935058594 4.000001907348633
  endloop
endfacet
facet normal 0.0 0.0 0.0
  outer loop
    vertex -5.199211120605469 46.499977111816406 1.3306760787963867
    vertex -3.6962051391601562 44.99797821044922 1.3306760787963867
    vertex -5.125205993652344 46.9639778137207 1.3306760787963867
  endloop
endfacet
facet normal 0.0 0.0 0.0
  outer loop
    vertex -5.125205993652344 46.9639778137207 1.3306760787963867
    vertex -2.1942062377929688 46.499977111816406 1.3306760787963867
    vertex -4.912208557128906 47.38297653198242 1.3306760787963867
  endloop
endfacet
facet normal 0.0 0.0 0.0
  outer loop
    vertex -4.912208557128906 47.38297653198242 1.3306760787963867
    vertex -2.1942062377929688 46.499977111816406 1.3306760787963867
    vertex -4.5792083740234375 47.71597671508789 1.3306760787963867
  endloop
endfacet
facet normal 0.0 0.0 0.0
  outer loop
    vertex -4.5792083740234375 47.71597671508789 1.3306760787963867
    vertex -2.1942062377929688 46.499977111816406 1.3306760787963867
    vertex -4.160209655761719 47.928977966308594 1.3306760787963867
  endloop
endfacet
facet normal 0.0 0.0 0.0
  outer loop
    vertex -2.2672042846679688 46.9639778137207 1.3306760787963867
    vertex -3.6962051391601562 48.00297546386719 1.3306760787963867
    vertex -4.160209655761719 47.928977966308594 1.3306760787963867
  endloop
endfacet
facet normal 0.0 0.0 0.0
  outer loop
    vertex -2.2672042846679688 46.9639778137207 1.3306760787963867
    vertex -3.232208251953125 47.928977966308594 1.3306760787963867
    vertex -3.6962051391601562 48.00297546386719 1.3306760787963867
  endloop
endfacet
facet normal 0.0 0.0 0.0
  outer loop
    vertex -2.8132095336914062 47.71597671508789 1.3306760787963867
    vertex -3.232208251953125 47.928977966308594 1.3306760787963867
    vertex -2.2672042846679688 46.9639778137207 1.3306760787963867
  endloop
endfacet
facet normal 0.0 0.0 0.0
  outer loop
    vertex -2.4802093505859375 47.38297653198242 1.3306760787963867
    vertex -2.8132095336914062 47.71597671508789 1.3306760787963867
    vertex -2.2672042846679688 46.9639778137207 1.3306760787963867
  endloop
endfacet
facet normal 0.0 0.0 0.0
  outer loop
    vertex -3.6962051391601562 44.99797821044922 1.3306760787963867
    vertex -5.125205993652344 46.03597640991211 1.3306760787963867
    vertex -4.160209655761719 45.07097625732422 1.3306760787963867
  endloop
endfacet
facet normal 0.0 0.0 0.0
  outer loop
    vertex -4.5792083740234375 45.28397750854492 1.3306760787963867
    vertex -4.160209655761719 45.07097625732422 1.3306760787963867
    vertex -4.912208557128906 45.61697769165039 1.3306760787963867
  endloop
endfacet
facet normal 0.0 0.0 0.0
  outer loop
    vertex -4.912208557128906 45.61697769165039 1.3306760787963867
    vertex -4.160209655761719 45.07097625732422 1.3306760787963867
    vertex -5.125205993652344 46.03597640991211 1.3306760787963867
  endloop
endfacet
facet normal 0.0 0.0 0.0
  outer loop
    vertex -3.6962051391601562 44.99797821044922 1.3306760787963867
    vertex -5.199211120605469 46.499977111816406 1.3306760787963867
    vertex -5.125205993652344 46.03597640991211 1.3306760787963867
  endloop
endfacet
facet normal 0.0 0.0 0.0
  outer loop
    vertex -3.232208251953125 45.07097625732422 1.3306760787963867
    vertex -5.125205993652344 46.9639778137207 1.3306760787963867
    vertex -3.6962051391601562 44.99797821044922 1.3306760787963867
  endloop
endfacet
facet normal 0.0 0.0 0.0
  outer loop
    vertex -2.2672042846679688 46.9639778137207 1.3306760787963867
    vertex -4.160209655761719 47.928977966308594 1.3306760787963867
    vertex -2.1942062377929688 46.499977111816406 1.3306760787963867
  endloop
endfacet
facet normal 0.0 0.0 0.0
  outer loop
    vertex -2.1942062377929688 46.499977111816406 1.3306760787963867
    vertex -5.125205993652344 46.9639778137207 1.3306760787963867
    vertex -2.2672042846679688 46.03597640991211 1.3306760787963867
  endloop
endfacet
facet normal 0.0 0.0 0.0
  outer loop
    vertex -2.8132095336914062 45.28397750854492 1.3306760787963867
    vertex -5.125205993652344 46.9639778137207 1.3306760787963867
    vertex -3.232208251953125 45.07097625732422 1.3306760787963867
  endloop
endfacet
facet normal 0.0 0.0 0.0
  outer loop
    vertex -2.2672042846679688 46.03597640991211 1.3306760787963867
    vertex -5.125205993652344 46.9639778137207 1.3306760787963867
    vertex -2.4802093505859375 45.61697769165039 1.3306760787963867
  endloop
endfacet
facet normal 0.0 0.0 0.0
  outer loop
    vertex -2.8132247924804688 -47.715980529785156 4.000001907348633
    vertex -2.480224609375 -47.38298034667969 4.000001907348633
    vertex -2.7655715942382812 -47.66832733154297 4.000001907348633
  endloop
endfacet
facet normal 0.0 0.0 0.0
  outer loop
    vertex -0.1962127685546875 47.72126007080078 4.000001907348633
    vertex -2.2672042846679688 46.9639778137207 4.000001907348633
    vertex -2.2489395141601562 46.84789276123047 4.000001907348633
  endloop
endfacet
facet normal 0.0 0.0 0.0
  outer loop
    vertex -5.199226379394531 -46.499977111816406 4.000001907348633
    vertex -5.135810852050781 -46.102378845214844 4.000001907348633
    vertex -5.180694580078125 46.38389205932617 4.000001907348633
  endloop
endfacet
facet normal 0.0 0.0 0.0
  outer loop
    vertex -5.199226379394531 -46.499977111816406 4.000001907348633
    vertex -5.199211120605469 46.499977111816406 4.000001907348633
    vertex -8.196205139160156 59.999969482421875 4.000001907348633
  endloop
endfacet
facet normal 0.0 0.0 0.0
  outer loop
    vertex -6.196220397949219 -48.999977111816406 4.000001907348633
    vertex -4.864570617675781 -47.430633544921875 4.000001907348633
    vertex -4.912223815917969 -47.38298034667969 4.000001907348633
  endloop
endfacet
facet normal 0.0 0.0 0.0
  outer loop
    vertex -6.196220397949219 -48.999977111816406 4.000001907348633
    vertex -4.5792236328125 -47.715980529785156 4.000001907348633
    vertex -4.864570617675781 -47.430633544921875 4.000001907348633
  endloop
endfacet
facet normal 0.0 0.0 0.0
  outer loop
    vertex -6.196220397949219 -48.999977111816406 4.000001907348633
    vertex -4.220184326171875 -47.89849853515625 4.000001907348633
    vertex -4.5792236328125 -47.715980529785156 4.000001907348633
  endloop
endfacet
facet normal 0.0 0.0 0.0
  outer loop
    vertex -6.196220397949219 -48.999977111816406 4.000001907348633
    vertex -4.160224914550781 -47.928977966308594 4.000001907348633
    vertex -4.220184326171875 -47.89849853515625 4.000001907348633
  endloop
endfacet
facet normal 0.0 0.0 0.0
  outer loop
    vertex -6.196220397949219 -48.999977111816406 4.000001907348633
    vertex -4.0938262939453125 -47.93956756591797 4.000001907348633
    vertex -4.160224914550781 -47.928977966308594 4.000001907348633
  endloop
endfacet
facet normal 0.0 0.0 0.0
  outer loop
    vertex -6.196220397949219 -48.999977111816406 4.000001907348633
    vertex -3.6962203979492188 -48.00297546386719 4.000001907348633
    vertex -4.0938262939453125 -47.93956756591797 4.000001907348633
  endloop
endfacet
facet normal 0.0 0.0 0.0
  outer loop
    vertex -6.196220397949219 -48.999977111816406 4.000001907348633
    vertex -3.62982177734375 -47.99238586425781 4.000001907348633
    vertex -3.6962203979492188 -48.00297546386719 4.000001907348633
  endloop
endfacet
facet normal 0.0 0.0 0.0
  outer loop
    vertex -6.196220397949219 -48.999977111816406 4.000001907348633
    vertex -3.2322235107421875 -47.928977966308594 4.000001907348633
    vertex -3.62982177734375 -47.99238586425781 4.000001907348633
  endloop
endfacet
facet normal 0.0 0.0 0.0
  outer loop
    vertex -0.1962127685546875 -48.426692962646484 4.000001907348633
    vertex -3.2322235107421875 -47.928977966308594 4.000001907348633
    vertex -6.196220397949219 -48.999977111816406 4.000001907348633
  endloop
endfacet
facet normal 0.0 0.0 0.0
  outer loop
    vertex -6.196220397949219 -48.999977111816406 4.000001907348633
    vertex -0.19622039794921875 -48.999977111816406 4.000001907348633
    vertex -0.1962127685546875 -48.426692962646484 4.000001907348633
  endloop
endfacet
facet normal 0.0 0.0 0.0
  outer loop
    vertex -5.125221252441406 -46.035980224609375 4.000001907348633
    vertex -5.180694580078125 46.38389205932617 4.000001907348633
    vertex -5.135810852050781 -46.102378845214844 4.000001907348633
  endloop
endfacet
facet normal 0.0 0.0 0.0
  outer loop
    vertex -5.125221252441406 -46.035980224609375 4.000001907348633
    vertex -5.125205993652344 46.03597640991211 4.000001907348633
    vertex -5.180694580078125 46.38389205932617 4.000001907348633
  endloop
endfacet
facet normal 0.0 0.0 0.0
  outer loop
    vertex -5.125221252441406 -46.035980224609375 4.000001907348633
    vertex -4.9654998779296875 45.721805572509766 4.000001907348633
    vertex -5.125205993652344 46.03597640991211 4.000001907348633
  endloop
endfacet
facet normal 0.0 0.0 0.0
  outer loop
    vertex -5.125221252441406 -46.035980224609375 4.000001907348633
    vertex -4.9427032470703125 -45.676937103271484 4.000001907348633
    vertex -4.9654998779296875 45.721805572509766 4.000001907348633
  endloop
endfacet
facet normal 0.0 0.0 0.0
  outer loop
    vertex -5.199226379394531 -46.499977111816406 4.000001907348633
    vertex -6.196220397949219 -48.999977111816406 4.000001907348633
    vertex -5.188636779785156 -46.566375732421875 4.000001907348633
  endloop
endfacet
facet normal 0.0 0.0 0.0
  outer loop
    vertex -5.199226379394531 -46.499977111816406 4.000001907348633
    vertex -6.1962127685546875 -31.72626495361328 4.000001907348633
    vertex -6.196220397949219 -48.999977111816406 4.000001907348633
  endloop
endfacet
facet normal 0.0 0.0 0.0
  outer loop
    vertex -5.199226379394531 -46.499977111816406 4.000001907348633
    vertex -8.196205139160156 59.999969482421875 4.000001907348633
    vertex -6.1962127685546875 -31.72626495361328 4.000001907348633
  endloop
endfacet
facet normal 0.0 0.0 0.0
  outer loop
    vertex -5.199226379394531 -46.499977111816406 4.000001907348633
    vertex -5.180694580078125 46.38389205932617 4.000001907348633
    vertex -5.199211120605469 46.499977111816406 4.000001907348633
  endloop
endfacet
facet normal 0.0 0.0 0.0
  outer loop
    vertex -2.1942062377929688 46.499977111816406 4.000001907348633
    vertex -0.1962127685546875 47.40898513793945 4.000001907348633
    vertex -0.1962127685546875 47.64390563964844 4.000001907348633
  endloop
endfacet
facet normal 0.0 0.0 0.0
  outer loop
    vertex -0.1962127685546875 47.64390563964844 4.000001907348633
    vertex -2.2489395141601562 46.84789276123047 4.000001907348633
    vertex -2.1942062377929688 46.499977111816406 4.000001907348633
  endloop
endfacet
facet normal 0.0 0.0 0.0
  outer loop
    vertex -2.1942062377929688 46.499977111816406 4.000001907348633
    vertex -0.1962127685546875 18.056640625 4.000002861022949
    vertex -0.1962127685546875 47.40898513793945 4.000001907348633
  endloop
endfacet
facet normal 0.0 0.0 0.0
  outer loop
    vertex -0.1962127685546875 52.3475227355957 1.049041748046875e-05
    vertex -0.1962127685546875 52.345802307128906 4.000001907348633
    vertex -0.1962127685546875 47.72126007080078 4.000001907348633
  endloop
endfacet
facet normal 0.0 0.0 0.0
  outer loop
    vertex -0.1962127685546875 52.3475227355957 1.049041748046875e-05
    vertex -0.1962127685546875 52.347415924072266 4.000001907348633
    vertex -0.1962127685546875 52.345802307128906 4.000001907348633
  endloop
endfacet
facet normal 0.0 0.0 0.0
  outer loop
    vertex -0.1962127685546875 52.3475227355957 1.049041748046875e-05
    vertex -0.1962127685546875 52.34746170043945 4.000001907348633
    vertex -0.1962127685546875 52.347415924072266 4.000001907348633
  endloop
endfacet
facet normal 0.0 0.0 0.0
  outer loop
    vertex -0.1962127685546875 58.32423400878906 4.000000953674316
    vertex -0.1962127685546875 58.324256896972656 1.049041748046875e-05
    vertex -0.1962127685546875 58.3293342590332 4.000000953674316
  endloop
endfacet
facet normal 0.0 0.0 0.0
  outer loop
    vertex -0.1962127685546875 58.32423400878906 4.000000953674316
    vertex -0.1962127685546875 52.3475227355957 1.049041748046875e-05
    vertex -0.1962127685546875 58.324256896972656 1.049041748046875e-05
  endloop
endfacet
facet normal 0.0 0.0 0.0
  outer loop
    vertex -0.1962127685546875 58.32423400878906 4.000000953674316
    vertex -0.1962127685546875 52.34746170043945 4.000001907348633
    vertex -0.1962127685546875 52.3475227355957 1.049041748046875e-05
  endloop
endfacet
facet normal 0.0 0.0 0.0
  outer loop
    vertex -0.1962127685546875 59.999969482421875 1.1444091796875e-05
    vertex -0.1962127685546875 58.3293342590332 4.000000953674316
    vertex -0.1962127685546875 58.324256896972656 1.049041748046875e-05
  endloop
endfacet
facet normal 0.0 0.0 0.0
  outer loop
    vertex -0.1962127685546875 59.999969482421875 1.1444091796875e-05
    vertex -0.1962127685546875 58.364227294921875 4.000000953674316
    vertex -0.1962127685546875 58.3293342590332 4.000000953674316
  endloop
endfacet
facet normal 0.0 0.0 0.0
  outer loop
    vertex -0.1962127685546875 59.999969482421875 1.1444091796875e-05
    vertex -0.1962127685546875 58.383705139160156 4.000000953674316
    vertex -0.1962127685546875 58.364227294921875 4.000000953674316
  endloop
endfacet
facet normal 0.0 0.0 0.0
  outer loop
    vertex -0.1962127685546875 59.999969482421875 1.1444091796875e-05
    vertex -0.1962127685546875 58.386932373046875 4.000000953674316
    vertex -0.1962127685546875 58.383705139160156 4.000000953674316
  endloop
endfacet
facet normal 0.0 0.0 0.0
  outer loop
    vertex -0.1962127685546875 59.999969482421875 1.1444091796875e-05
    vertex -0.1962127685546875 58.387306213378906 4.000000953674316
    vertex -0.1962127685546875 58.386932373046875 4.000000953674316
  endloop
endfacet
facet normal 0.0 0.0 0.0
  outer loop
    vertex -0.1962127685546875 59.999969482421875 1.1444091796875e-05
    vertex -0.1962127685546875 58.38954162597656 4.000000953674316
    vertex -0.1962127685546875 58.387306213378906 4.000000953674316
  endloop
endfacet
facet normal 0.0 0.0 0.0
  outer loop
    vertex -0.1962127685546875 59.999969482421875 4.000001907348633
    vertex -0.1962127685546875 59.999969482421875 0.5000095367431641
    vertex -0.1962127685546875 59.999969482421875 0.5000104904174805
  endloop
endfacet
facet normal 0.0 0.0 0.0
  outer loop
    vertex -0.1962127685546875 59.999969482421875 4.000001907348633
    vertex -0.1962127685546875 59.999969482421875 1.1444091796875e-05
    vertex -0.1962127685546875 59.999969482421875 0.5000095367431641
  endloop
endfacet
facet normal 0.0 0.0 0.0
  outer loop
    vertex -0.1962127685546875 59.999969482421875 4.000001907348633
    vertex -0.1962127685546875 58.38954162597656 4.000000953674316
    vertex -0.1962127685546875 59.999969482421875 1.1444091796875e-05
  endloop
endfacet
facet normal 0.0 0.0 0.0
  outer loop
    vertex -2.480224609375 -47.38298034667969 4.000001907348633
    vertex -2.2672195434570312 -46.96397399902344 4.000001907348633
    vertex -2.4497451782226562 -47.323020935058594 4.000001907348633
  endloop
endfacet
facet normal 0.0 0.0 0.0
  outer loop
    vertex -0.1962127685546875 -47.72126007080078 4.000001907348633
    vertex -2.2672195434570312 -46.96397399902344 4.000001907348633
    vertex -2.480224609375 -47.38298034667969 4.000001907348633
  endloop
endfacet
facet normal 0.0 0.0 0.0
  outer loop
    vertex -0.1962127685546875 52.3475227355957 1.049041748046875e-05
    vertex -0.1962127685546875 47.72126007080078 4.000001907348633
    vertex -0.1962127685546875 47.64390563964844 4.000001907348633
  endloop
endfacet
facet normal 0.0 0.0 0.0
  outer loop
    vertex -2.480224609375 -47.38298034667969 4.000001907348633
    vertex -0.1962127685546875 -48.0218391418457 4.000001907348633
    vertex -0.1962127685546875 -47.72126007080078 4.000001907348633
  endloop
endfacet
facet normal 0.0 0.0 0.0
  outer loop
    vertex -0.1962127685546875 52.3475227355957 1.049041748046875e-05
    vertex -0.1962127685546875 47.64390563964844 4.000001907348633
    vertex -0.1962127685546875 47.40898513793945 4.000001907348633
  endloop
endfacet
facet normal 0.0 0.0 0.0
  outer loop
    vertex -0.1962127685546875 52.3475227355957 1.049041748046875e-05
    vertex -0.1962127685546875 18.056640625 4.000002861022949
    vertex -0.1962127685546875 15.847610473632812 6.67572021484375e-06
  endloop
endfacet
facet normal 0.0 0.0 0.0
  outer loop
    vertex -0.1962127685546875 -59.999969482421875 0.4999990463256836
    vertex -0.1962127685546875 -58.32433319091797 9.5367431640625e-07
    vertex -0.1962127685546875 -59.999969482421875 3.9999990463256836
  endloop
endfacet
facet normal 0.0 0.0 0.0
  outer loop
    vertex -0.1962127685546875 -59.999969482421875 0.4999990463256836
    vertex -0.1962127685546875 -59.999969482421875 0.0
    vertex -0.1962127685546875 -58.32433319091797 9.5367431640625e-07
  endloop
endfacet
facet normal 0.0 0.0 0.0
  outer loop
    vertex -0.1962127685546875 -58.32433319091797 4.0
    vertex -0.19622039794921875 -52.34788513183594 9.5367431640625e-07
    vertex -0.1962127685546875 -52.34788513183594 4.0
  endloop
endfacet
facet normal 0.0 0.0 0.0
  outer loop
    vertex -0.1962127685546875 -58.32433319091797 4.0
    vertex -0.1962127685546875 -58.32433319091797 9.5367431640625e-07
    vertex -0.19622039794921875 -52.34788513183594 9.5367431640625e-07
  endloop
endfacet
facet normal 0.0 0.0 0.0
  outer loop
    vertex -0.1962127685546875 -58.32433319091797 4.0
    vertex -0.1962127685546875 -59.999969482421875 3.9999990463256836
    vertex -0.1962127685546875 -58.32433319091797 9.5367431640625e-07
  endloop
endfacet
facet normal 0.0 0.0 0.0
  outer loop
    vertex -0.1962127685546875 15.847610473632812 6.67572021484375e-06
    vertex -0.1962127685546875 -52.34788513183594 4.0
    vertex -0.19622039794921875 -52.34788513183594 9.5367431640625e-07
  endloop
endfacet
facet normal 0.0 0.0 0.0
  outer loop
    vertex -0.1962127685546875 15.847610473632812 6.67572021484375e-06
    vertex -0.19622039794921875 -49.00187301635742 4.000000953674316
    vertex -0.1962127685546875 -52.34788513183594 4.0
  endloop
endfacet
facet normal 0.0 0.0 0.0
  outer loop
    vertex -0.1962127685546875 15.847610473632812 6.67572021484375e-06
    vertex -0.19622039794921875 -48.999977111816406 4.000000953674316
    vertex -0.19622039794921875 -49.00187301635742 4.000000953674316
  endloop
endfacet
facet normal 0.0 0.0 0.0
  outer loop
    vertex -0.1962127685546875 15.847610473632812 6.67572021484375e-06
    vertex -0.19622039794921875 -48.999977111816406 4.000001907348633
    vertex -0.19622039794921875 -48.999977111816406 4.000000953674316
  endloop
endfacet
facet normal 0.0 0.0 0.0
  outer loop
    vertex -0.1962127685546875 15.847610473632812 6.67572021484375e-06
    vertex -0.1962127685546875 -48.426692962646484 4.000001907348633
    vertex -0.19622039794921875 -48.999977111816406 4.000001907348633
  endloop
endfacet
facet normal 0.0 0.0 0.0
  outer loop
    vertex -0.1962127685546875 15.847610473632812 6.67572021484375e-06
    vertex -0.1962127685546875 -48.26557540893555 4.000001907348633
    vertex -0.1962127685546875 -48.426692962646484 4.000001907348633
  endloop
endfacet
facet normal 0.0 0.0 0.0
  outer loop
    vertex -0.1962127685546875 15.847610473632812 6.67572021484375e-06
    vertex -0.1962127685546875 -48.0218391418457 4.000001907348633
    vertex -0.1962127685546875 -48.26557540893555 4.000001907348633
  endloop
endfacet
facet normal 0.0 0.0 0.0
  outer loop
    vertex -0.1962127685546875 15.847610473632812 6.67572021484375e-06
    vertex -0.1962127685546875 -47.72126007080078 4.000001907348633
    vertex -0.1962127685546875 -48.0218391418457 4.000001907348633
  endloop
endfacet
facet normal 0.0 0.0 0.0
  outer loop
    vertex -0.1962127685546875 15.847610473632812 6.67572021484375e-06
    vertex -0.19622039794921875 -47.45418167114258 4.000001907348633
    vertex -0.1962127685546875 -47.72126007080078 4.000001907348633
  endloop
endfacet
facet normal 0.0 0.0 0.0
  outer loop
    vertex -0.1962127685546875 15.847610473632812 6.67572021484375e-06
    vertex -0.19622039794921875 -47.40898895263672 4.000001907348633
    vertex -0.19622039794921875 -47.45418167114258 4.000001907348633
  endloop
endfacet
facet normal 0.0 0.0 0.0
  outer loop
    vertex -0.1962127685546875 15.847610473632812 6.67572021484375e-06
    vertex -0.1962127685546875 11.775850296020508 4.000001907348633
    vertex -0.19622039794921875 -47.40898895263672 4.000001907348633
  endloop
endfacet
facet normal 0.0 0.0 0.0
  outer loop
    vertex -0.1962127685546875 15.847610473632812 6.67572021484375e-06
    vertex -0.1962127685546875 18.056640625 4.000002861022949
    vertex -0.1962127685546875 11.775850296020508 4.000001907348633
  endloop
endfacet
facet normal 0.0 0.0 0.0
  outer loop
    vertex -0.1962127685546875 52.3475227355957 1.049041748046875e-05
    vertex -0.1962127685546875 47.40898513793945 4.000001907348633
    vertex -0.1962127685546875 18.056640625 4.000002861022949
  endloop
endfacet
facet normal 0.0 0.0 0.0
  outer loop
    vertex -2.4802093505859375 45.61697769165039 1.3306760787963867
    vertex -5.125205993652344 46.9639778137207 1.3306760787963867
    vertex -2.8132095336914062 45.28397750854492 1.3306760787963867
  endloop
endfacet
facet normal 0.0 0.0 0.0
  outer loop
    vertex -0.1962127685546875 -48.0218391418457 4.000001907348633
    vertex -2.480224609375 -47.38298034667969 4.000001907348633
    vertex -2.8132247924804688 -47.715980529785156 4.000001907348633
  endloop
endfacet
facet normal 0.0 0.0 0.0
  outer loop
    vertex -0.1962127685546875 -48.26557540893555 4.000001907348633
    vertex -2.8132247924804688 -47.715980529785156 4.000001907348633
    vertex -3.2322235107421875 -47.928977966308594 4.000001907348633
  endloop
endfacet
facet normal 0.0 0.0 0.0
  outer loop
    vertex -4.160224914550781 -45.07097625732422 4.000001907348633
    vertex -4.4743804931640625 45.23068618774414 4.000001907348633
    vertex -4.220184326171875 -45.10145568847656 4.000001907348633
  endloop
endfacet
facet normal 0.0 0.0 0.0
  outer loop
    vertex -4.160224914550781 -45.07097625732422 4.000001907348633
    vertex -4.160209655761719 45.07097625732422 4.000001907348633
    vertex -4.4743804931640625 45.23068618774414 4.000001907348633
  endloop
endfacet
facet normal 0.0 0.0 0.0
  outer loop
    vertex -4.0938262939453125 -45.06053161621094 4.000001907348633
    vertex -4.160209655761719 45.07097625732422 4.000001907348633
    vertex -4.160224914550781 -45.07097625732422 4.000001907348633
  endloop
endfacet
facet normal 0.0 0.0 0.0
  outer loop
    vertex -3.6962203979492188 -44.99797821044922 4.000001907348633
    vertex -3.8122940063476562 45.01624298095703 4.000001907348633
    vertex -4.0938262939453125 -45.06053161621094 4.000001907348633
  endloop
endfacet
facet normal 0.0 0.0 0.0
  outer loop
    vertex -3.6962203979492188 -44.99797821044922 4.000001907348633
    vertex -3.6962051391601562 44.99797821044922 4.000001907348633
    vertex -3.8122940063476562 45.01624298095703 4.000001907348633
  endloop
endfacet
facet normal 0.0 0.0 0.0
  outer loop
    vertex -3.62982177734375 -45.0084228515625 4.000001907348633
    vertex -3.6962051391601562 44.99797821044922 4.000001907348633
    vertex -3.6962203979492188 -44.99797821044922 4.000001907348633
  endloop
endfacet
facet normal 0.0 0.0 0.0
  outer loop
    vertex -3.62982177734375 -45.0084228515625 4.000001907348633
    vertex -3.348297119140625 45.052711486816406 4.000001907348633
    vertex -3.6962051391601562 44.99797821044922 4.000001907348633
  endloop
endfacet
facet normal 0.0 0.0 0.0
  outer loop
    vertex -3.2322235107421875 -45.07097625732422 4.000001907348633
    vertex -3.348297119140625 45.052711486816406 4.000001907348633
    vertex -3.62982177734375 -45.0084228515625 4.000001907348633
  endloop
endfacet
facet normal 0.0 0.0 0.0
  outer loop
    vertex -3.2322235107421875 -45.07097625732422 4.000001907348633
    vertex -3.232208251953125 45.07097625732422 4.000001907348633
    vertex -3.348297119140625 45.052711486816406 4.000001907348633
  endloop
endfacet
facet normal 0.0 0.0 0.0
  outer loop
    vertex -2.9180374145507812 45.23068618774414 4.000001907348633
    vertex -3.232208251953125 45.07097625732422 4.000001907348633
    vertex -3.2322235107421875 -45.07097625732422 4.000001907348633
  endloop
endfacet
facet normal 0.0 0.0 0.0
  outer loop
    vertex -4.912223815917969 -45.61697769165039 4.000001907348633
    vertex -4.9654998779296875 45.721805572509766 4.000001907348633
    vertex -4.9427032470703125 -45.676937103271484 4.000001907348633
  endloop
endfacet
facet normal 0.0 0.0 0.0
  outer loop
    vertex -4.912223815917969 -45.61697769165039 4.000001907348633
    vertex -4.912208557128906 45.61697769165039 4.000001907348633
    vertex -4.9654998779296875 45.721805572509766 4.000001907348633
  endloop
endfacet
facet normal 0.0 0.0 0.0
  outer loop
    vertex -4.864570617675781 -45.5693244934082 4.000001907348633
    vertex -4.912208557128906 45.61697769165039 4.000001907348633
    vertex -4.912223815917969 -45.61697769165039 4.000001907348633
  endloop
endfacet
facet normal 0.0 0.0 0.0
  outer loop
    vertex -4.864570617675781 -45.5693244934082 4.000001907348633
    vertex -4.828895568847656 45.53366470336914 4.000001907348633
    vertex -4.912208557128906 45.61697769165039 4.000001907348633
  endloop
endfacet
facet normal 0.0 0.0 0.0
  outer loop
    vertex -4.5792236328125 -45.28397750854492 4.000001907348633
    vertex -4.828895568847656 45.53366470336914 4.000001907348633
    vertex -4.864570617675781 -45.5693244934082 4.000001907348633
  endloop
endfacet
facet normal 0.0 0.0 0.0
  outer loop
    vertex -4.5792236328125 -45.28397750854492 4.000001907348633
    vertex -4.5792083740234375 45.28397750854492 4.000001907348633
    vertex -4.828895568847656 45.53366470336914 4.000001907348633
  endloop
endfacet
facet normal 0.0 0.0 0.0
  outer loop
    vertex -4.4743804931640625 45.23068618774414 4.000001907348633
    vertex -4.5792083740234375 45.28397750854492 4.000001907348633
    vertex -4.5792236328125 -45.28397750854492 4.000001907348633
  endloop
endfacet
facet normal 0.0 0.0 0.0
  outer loop
    vertex -4.220184326171875 -45.10145568847656 4.000001907348633
    vertex -4.4743804931640625 45.23068618774414 4.000001907348633
    vertex -4.5792236328125 -45.28397750854492 4.000001907348633
  endloop
endfacet
facet normal 0.0 0.0 0.0
  outer loop
    vertex -2.8132247924804688 -47.715980529785156 4.000001907348633
    vertex -0.1962127685546875 -48.26557540893555 4.000001907348633
    vertex -0.1962127685546875 -48.0218391418457 4.000001907348633
  endloop
endfacet
facet normal 0.0 0.0 0.0
  outer loop
    vertex -2.4269180297851562 45.721805572509766 4.000001907348633
    vertex -2.4802093505859375 45.61697769165039 4.000001907348633
    vertex -2.480224609375 -45.61697769165039 4.000001907348633
  endloop
endfacet
facet normal 0.0 0.0 0.0
  outer loop
    vertex -2.480224609375 -45.61697769165039 4.000001907348633
    vertex -2.7298965454101562 45.36729049682617 4.000001907348633
    vertex -2.7655715942382812 -45.33163070678711 4.000001907348633
  endloop
endfacet
facet normal 0.0 0.0 0.0
  outer loop
    vertex -3.2322235107421875 -47.928977966308594 4.000001907348633
    vertex -0.1962127685546875 -48.426692962646484 4.000001907348633
    vertex -0.1962127685546875 -48.26557540893555 4.000001907348633
  endloop
endfacet
facet normal 0.0 0.0 0.0
  outer loop
    vertex -2.8731842041015625 -47.7464599609375 4.000001907348633
    vertex -3.2322235107421875 -47.928977966308594 4.000001907348633
    vertex -2.8132247924804688 -47.715980529785156 4.000001907348633
  endloop
endfacet
facet normal 0.0 0.0 0.0
  outer loop
    vertex -2.1942062377929688 46.499977111816406 4.000001907348633
    vertex -0.1962127685546875 11.775850296020508 4.000001907348633
    vertex -0.1962127685546875 18.056640625 4.000002861022949
  endloop
endfacet
facet normal 0.0 0.0 0.0
  outer loop
    vertex -0.1962127685546875 11.775850296020508 4.000001907348633
    vertex -2.1942062377929688 46.499977111816406 4.000001907348633
    vertex -2.1942214965820312 -46.499977111816406 4.000001907348633
  endloop
endfacet
facet normal 0.0 0.0 0.0
  outer loop
    vertex -2.1942214965820312 -46.499977111816406 4.000001907348633
    vertex -0.19622039794921875 -47.40898895263672 4.000001907348633
    vertex -0.1962127685546875 11.775850296020508 4.000001907348633
  endloop
endfacet
facet normal 0.0 0.0 0.0
  outer loop
    vertex -2.2489395141601562 46.152061462402344 4.000001907348633
    vertex -2.1942214965820312 -46.499977111816406 4.000001907348633
    vertex -2.1942062377929688 46.499977111816406 4.000001907348633
  endloop
endfacet
facet normal 0.0 0.0 0.0
  outer loop
    vertex -2.2489395141601562 46.152061462402344 4.000001907348633
    vertex -2.2046661376953125 -46.43357849121094 4.000001907348633
    vertex -2.1942214965820312 -46.499977111816406 4.000001907348633
  endloop
endfacet
facet normal 0.0 0.0 0.0
  outer loop
    vertex -2.2672195434570312 -46.035980224609375 4.000001907348633
    vertex -2.2046661376953125 -46.43357849121094 4.000001907348633
    vertex -2.2489395141601562 46.152061462402344 4.000001907348633
  endloop
endfacet
facet normal 0.0 0.0 0.0
  outer loop
    vertex -2.297698974609375 -45.97602081298828 4.000001907348633
    vertex -2.4269180297851562 45.721805572509766 4.000001907348633
    vertex -2.480224609375 -45.61697769165039 4.000001907348633
  endloop
endfacet
facet normal 0.0 0.0 0.0
  outer loop
    vertex -2.2672195434570312 -46.035980224609375 4.000001907348633
    vertex -2.4269180297851562 45.721805572509766 4.000001907348633
    vertex -2.297698974609375 -45.97602081298828 4.000001907348633
  endloop
endfacet
facet normal 0.0 0.0 0.0
  outer loop
    vertex -2.2672195434570312 -46.035980224609375 4.000001907348633
    vertex -2.2672042846679688 46.03597640991211 4.000001907348633
    vertex -2.4269180297851562 45.721805572509766 4.000001907348633
  endloop
endfacet
facet normal 0.0 0.0 0.0
  outer loop
    vertex -2.2489395141601562 46.152061462402344 4.000001907348633
    vertex -2.2672042846679688 46.03597640991211 4.000001907348633
    vertex -2.2672195434570312 -46.035980224609375 4.000001907348633
  endloop
endfacet
facet normal 0.0 0.0 0.0
  outer loop
    vertex -2.8731842041015625 -45.25349807739258 4.000001907348633
    vertex -2.9180374145507812 45.23068618774414 4.000001907348633
    vertex -3.2322235107421875 -45.07097625732422 4.000001907348633
  endloop
endfacet
facet normal 0.0 0.0 0.0
  outer loop
    vertex -2.8132247924804688 -45.28397750854492 4.000001907348633
    vertex -2.9180374145507812 45.23068618774414 4.000001907348633
    vertex -2.8731842041015625 -45.25349807739258 4.000001907348633
  endloop
endfacet
facet normal 0.0 0.0 0.0
  outer loop
    vertex -2.8132247924804688 -45.28397750854492 4.000001907348633
    vertex -2.8132095336914062 45.28397750854492 4.000001907348633
    vertex -2.9180374145507812 45.23068618774414 4.000001907348633
  endloop
endfacet
facet normal 0.0 0.0 0.0
  outer loop
    vertex -2.7655715942382812 -45.33163070678711 4.000001907348633
    vertex -2.8132095336914062 45.28397750854492 4.000001907348633
    vertex -2.8132247924804688 -45.28397750854492 4.000001907348633
  endloop
endfacet
facet normal 0.0 0.0 0.0
  outer loop
    vertex -2.7655715942382812 -45.33163070678711 4.000001907348633
    vertex -2.7298965454101562 45.36729049682617 4.000001907348633
    vertex -2.8132095336914062 45.28397750854492 4.000001907348633
  endloop
endfacet
facet normal 0.0 0.0 0.0
  outer loop
    vertex -2.480224609375 -45.61697769165039 4.000001907348633
    vertex -2.4802093505859375 45.61697769165039 4.000001907348633
    vertex -2.7298965454101562 45.36729049682617 4.000001907348633
  endloop
endfacet
facet normal 0.0 0.0 0.0
  outer loop
    vertex -4.220184326171875 -47.89849853515625 4.000001907348633
    vertex -4.160224914550781 -47.928977966308594 2.6640024185180664
    vertex -4.5792236328125 -47.715980529785156 2.6640024185180664
  endloop
endfacet
facet normal 0.0 0.0 0.0
  outer loop
    vertex -4.0938262939453125 -45.06053161621094 4.000001907348633
    vertex -3.8122940063476562 45.01624298095703 4.000001907348633
    vertex -4.160209655761719 45.07097625732422 4.000001907348633
  endloop
endfacet
facet normal 0.0 0.0 0.0
  outer loop
    vertex -4.5792236328125 -47.715980529785156 4.000001907348633
    vertex -4.5792236328125 -47.715980529785156 2.6640024185180664
    vertex -4.912223815917969 -47.38298034667969 2.6640024185180664
  endloop
endfacet
facet normal 0.0 0.0 0.0
  outer loop
    vertex -5.0719146728515625 47.06880569458008 4.000001907348633
    vertex -5.125205993652344 46.9639778137207 1.3306760787963867
    vertex -4.912208557128906 47.38297653198242 1.3306760787963867
  endloop
endfacet
facet normal 0.0 0.0 0.0
  outer loop
    vertex -4.912208557128906 47.38297653198242 1.3306760787963867
    vertex -4.912208557128906 47.38297653198242 4.000001907348633
    vertex -5.0719146728515625 47.06880569458008 4.000001907348633
  endloop
endfacet
facet normal 0.0 0.0 0.0
  outer loop
    vertex -4.5792083740234375 45.28397750854492 4.000001907348633
    vertex -4.5792083740234375 45.28397750854492 1.3306760787963867
    vertex -4.912208557128906 45.61697769165039 1.3306760787963867
  endloop
endfacet
facet normal 0.0 0.0 0.0
  outer loop
    vertex -4.912208557128906 45.61697769165039 1.3306760787963867
    vertex -4.828895568847656 45.53366470336914 4.000001907348633
    vertex -4.5792083740234375 45.28397750854492 4.000001907348633
  endloop
endfacet
facet normal 0.0 0.0 0.0
  outer loop
    vertex -4.160224914550781 -45.07097625732422 2.6640024185180664
    vertex -4.160224914550781 -45.07097625732422 4.000001907348633
    vertex -4.220184326171875 -45.10145568847656 4.000001907348633
  endloop
endfacet
facet normal 0.0 0.0 0.0
  outer loop
    vertex -4.160224914550781 -45.07097625732422 2.6640024185180664
    vertex -4.0938262939453125 -45.06053161621094 4.000001907348633
    vertex -4.160224914550781 -45.07097625732422 4.000001907348633
  endloop
endfacet
facet normal 0.0 0.0 0.0
  outer loop
    vertex -3.6962203979492188 -44.99797821044922 2.6640024185180664
    vertex -3.62982177734375 -45.0084228515625 4.000001907348633
    vertex -3.6962203979492188 -44.99797821044922 4.000001907348633
  endloop
endfacet
facet normal 0.0 0.0 0.0
  outer loop
    vertex -5.125205993652344 46.9639778137207 1.3306760787963867
    vertex -5.125205993652344 46.9639778137207 4.000001907348633
    vertex -5.1437225341796875 46.84789276123047 4.000001907348633
  endloop
endfacet
facet normal 0.0 0.0 0.0
  outer loop
    vertex -4.912223815917969 -45.61697769165039 2.6640024185180664
    vertex -5.125221252441406 -46.96397399902344 2.6640024185180664
    vertex -4.912223815917969 -47.38298034667969 2.6640024185180664
  endloop
endfacet
facet normal 0.0 0.0 0.0
  outer loop
    vertex -5.199226379394531 -46.499977111816406 2.6640024185180664
    vertex -5.125221252441406 -46.96397399902344 2.6640024185180664
    vertex -5.125221252441406 -46.035980224609375 2.6640024185180664
  endloop
endfacet
facet normal 0.0 0.0 0.0
  outer loop
    vertex -0.1962127685546875 15.847610473632812 6.67572021484375e-06
    vertex -8.196220397949219 -59.999969482421875 0.0
    vertex -8.196205139160156 59.999969482421875 1.1444091796875e-05
  endloop
endfacet
facet normal 0.0 0.0 0.0
  outer loop
    vertex -8.196205139160156 59.999969482421875 1.1444091796875e-05
    vertex -0.1962127685546875 52.3475227355957 1.049041748046875e-05
    vertex -0.1962127685546875 15.847610473632812 6.67572021484375e-06
  endloop
endfacet
facet normal 0.0 0.0 0.0
  outer loop
    vertex -8.196220397949219 -59.999969482421875 0.0
    vertex -0.1962127685546875 15.847610473632812 6.67572021484375e-06
    vertex -0.19622039794921875 -52.34788513183594 9.5367431640625e-07
  endloop
endfacet
facet normal 0.0 0.0 0.0
  outer loop
    vertex -4.5792236328125 -47.715980529785156 2.6640024185180664
    vertex -4.160224914550781 -47.928977966308594 2.6640024185180664
    vertex -4.912223815917969 -45.61697769165039 2.6640024185180664
  endloop
endfacet
facet normal 0.0 0.0 0.0
  outer loop
    vertex -4.912223815917969 -47.38298034667969 2.6640024185180664
    vertex -4.5792236328125 -47.715980529785156 2.6640024185180664
    vertex -4.912223815917969 -45.61697769165039 2.6640024185180664
  endloop
endfacet
facet normal 0.0 0.0 0.0
  outer loop
    vertex -4.912223815917969 -45.61697769165039 2.6640024185180664
    vertex -3.2322235107421875 -47.928977966308594 2.6640024185180664
    vertex -4.5792236328125 -45.28397750854492 2.6640024185180664
  endloop
endfacet
facet normal 0.0 0.0 0.0
  outer loop
    vertex -4.912223815917969 -45.61697769165039 2.6640024185180664
    vertex -5.125221252441406 -46.035980224609375 2.6640024185180664
    vertex -5.125221252441406 -46.96397399902344 2.6640024185180664
  endloop
endfacet
facet normal 0.0 0.0 0.0
  outer loop
    vertex -4.912223815917969 -45.61697769165039 2.6640024185180664
    vertex -4.864570617675781 -45.5693244934082 4.000001907348633
    vertex -4.912223815917969 -45.61697769165039 4.000001907348633
  endloop
endfacet
facet normal 0.0 0.0 0.0
  outer loop
    vertex -4.5792236328125 -45.28397750854492 2.6640024185180664
    vertex -4.5792236328125 -45.28397750854492 4.000001907348633
    vertex -4.864570617675781 -45.5693244934082 4.000001907348633
  endloop
endfacet
facet normal 0.0 0.0 0.0
  outer loop
    vertex -4.864570617675781 -45.5693244934082 4.000001907348633
    vertex -4.912223815917969 -45.61697769165039 2.6640024185180664
    vertex -4.5792236328125 -45.28397750854492 2.6640024185180664
  endloop
endfacet
facet normal 0.0 0.0 0.0
  outer loop
    vertex -2.2672042846679688 46.03597640991211 4.000001907348633
    vertex -2.2672042846679688 46.03597640991211 1.3306760787963867
    vertex -2.4802093505859375 45.61697769165039 1.3306760787963867
  endloop
endfacet
facet normal 0.0 0.0 0.0
  outer loop
    vertex -2.4802093505859375 45.61697769165039 1.3306760787963867
    vertex -2.4269180297851562 45.721805572509766 4.000001907348633
    vertex -2.2672042846679688 46.03597640991211 4.000001907348633
  endloop
endfacet
facet normal 0.0 0.0 0.0
  outer loop
    vertex -2.4802093505859375 45.61697769165039 1.3306760787963867
    vertex -2.4802093505859375 45.61697769165039 4.000001907348633
    vertex -2.4269180297851562 45.721805572509766 4.000001907348633
  endloop
endfacet
facet normal 0.0 0.0 0.0
  outer loop
    vertex -2.8132095336914062 45.28397750854492 1.3306760787963867
    vertex -2.8132095336914062 45.28397750854492 4.000001907348633
    vertex -2.7298965454101562 45.36729049682617 4.000001907348633
  endloop
endfacet
facet normal 0.0 0.0 0.0
  outer loop
    vertex -2.4802093505859375 45.61697769165039 4.000001907348633
    vertex -2.4802093505859375 45.61697769165039 1.3306760787963867
    vertex -2.8132095336914062 45.28397750854492 1.3306760787963867
  endloop
endfacet
facet normal 0.0 0.0 0.0
  outer loop
    vertex -2.8132095336914062 45.28397750854492 1.3306760787963867
    vertex -2.7298965454101562 45.36729049682617 4.000001907348633
    vertex -2.4802093505859375 45.61697769165039 4.000001907348633
  endloop
endfacet
facet normal 0.0 0.0 0.0
  outer loop
    vertex -2.9180374145507812 45.23068618774414 4.000001907348633
    vertex -2.8132095336914062 45.28397750854492 1.3306760787963867
    vertex -3.232208251953125 45.07097625732422 1.3306760787963867
  endloop
endfacet
facet normal 0.0 0.0 0.0
  outer loop
    vertex -3.232208251953125 45.07097625732422 1.3306760787963867
    vertex -3.232208251953125 45.07097625732422 4.000001907348633
    vertex -2.9180374145507812 45.23068618774414 4.000001907348633
  endloop
endfacet
facet normal 0.0 0.0 0.0
  outer loop
    vertex -2.8132095336914062 45.28397750854492 1.3306760787963867
    vertex -2.9180374145507812 45.23068618774414 4.000001907348633
    vertex -2.8132095336914062 45.28397750854492 4.000001907348633
  endloop
endfacet
facet normal 0.0 0.0 0.0
  outer loop
    vertex -3.348297119140625 45.052711486816406 4.000001907348633
    vertex -3.232208251953125 45.07097625732422 1.3306760787963867
    vertex -3.6962051391601562 44.99797821044922 1.3306760787963867
  endloop
endfacet
facet normal 0.0 0.0 0.0
  outer loop
    vertex -3.6962051391601562 44.99797821044922 1.3306760787963867
    vertex -3.6962051391601562 44.99797821044922 4.000001907348633
    vertex -3.348297119140625 45.052711486816406 4.000001907348633
  endloop
endfacet
facet normal 0.0 0.0 0.0
  outer loop
    vertex -3.232208251953125 45.07097625732422 1.3306760787963867
    vertex -3.348297119140625 45.052711486816406 4.000001907348633
    vertex -3.232208251953125 45.07097625732422 4.000001907348633
  endloop
endfacet
facet normal 0.0 0.0 0.0
  outer loop
    vertex -5.125205993652344 46.9639778137207 1.3306760787963867
    vertex -5.0719146728515625 47.06880569458008 4.000001907348633
    vertex -5.125205993652344 46.9639778137207 4.000001907348633
  endloop
endfacet
facet normal 0.0 0.0 0.0
  outer loop
    vertex -4.5792083740234375 47.71597671508789 1.3306760787963867
    vertex -4.5792083740234375 47.71597671508789 4.000001907348633
    vertex -4.6625213623046875 47.63266372680664 4.000001907348633
  endloop
endfacet
facet normal 0.0 0.0 0.0
  outer loop
    vertex -4.5792083740234375 47.71597671508789 1.3306760787963867
    vertex -4.4743804931640625 47.76926803588867 4.000001907348633
    vertex -4.5792083740234375 47.71597671508789 4.000001907348633
  endloop
endfacet
facet normal 0.0 0.0 0.0
  outer loop
    vertex -4.160209655761719 47.928977966308594 1.3306760787963867
    vertex -4.044120788574219 47.94749069213867 4.000001907348633
    vertex -4.160209655761719 47.928977966308594 4.000001907348633
  endloop
endfacet
facet normal 0.0 0.0 0.0
  outer loop
    vertex -4.912223815917969 -45.61697769165039 2.6640024185180664
    vertex -4.912223815917969 -45.61697769165039 4.000001907348633
    vertex -4.9427032470703125 -45.676937103271484 4.000001907348633
  endloop
endfacet
facet normal 0.0 0.0 0.0
  outer loop
    vertex -4.5792236328125 -45.28397750854492 2.6640024185180664
    vertex -3.2322235107421875 -47.928977966308594 2.6640024185180664
    vertex -4.160224914550781 -45.07097625732422 2.6640024185180664
  endloop
endfacet
facet normal 0.0 0.0 0.0
  outer loop
    vertex -4.160224914550781 -45.07097625732422 2.6640024185180664
    vertex -3.2322235107421875 -47.928977966308594 2.6640024185180664
    vertex -3.6962203979492188 -44.99797821044922 2.6640024185180664
  endloop
endfacet
facet normal 0.0 0.0 0.0
  outer loop
    vertex -2.8132247924804688 -47.715980529785156 2.6640024185180664
    vertex -3.2322235107421875 -45.07097625732422 2.6640024185180664
    vertex -3.6962203979492188 -44.99797821044922 2.6640024185180664
  endloop
endfacet
facet normal 0.0 0.0 0.0
  outer loop
    vertex -2.8132247924804688 -47.715980529785156 2.6640024185180664
    vertex -2.8132247924804688 -45.28397750854492 2.6640024185180664
    vertex -3.2322235107421875 -45.07097625732422 2.6640024185180664
  endloop
endfacet
facet normal 0.0 0.0 0.0
  outer loop
    vertex -0.1962127685546875 59.999969482421875 0.5000104904174805
    vertex -8.196205139160156 59.999969482421875 1.1444091796875e-05
    vertex -8.196205139160156 59.999969482421875 4.000001907348633
  endloop
endfacet
facet normal 0.0 0.0 0.0
  outer loop
    vertex -8.196205139160156 59.999969482421875 4.000001907348633
    vertex -0.1962127685546875 59.999969482421875 4.000001907348633
    vertex -0.1962127685546875 59.999969482421875 0.5000104904174805
  endloop
endfacet
facet normal 0.0 0.0 0.0
  outer loop
    vertex -0.19622039794921875 -48.999977111816406 4.000001907348633
    vertex -6.196220397949219 -48.999977111816406 4.000001907348633
    vertex -6.196220397949219 -48.999977111816406 4.000000953674316
  endloop
endfacet
facet normal 0.0 0.0 0.0
  outer loop
    vertex -6.196220397949219 -48.999977111816406 4.000000953674316
    vertex -0.19622039794921875 -48.999977111816406 4.000000953674316
    vertex -0.19622039794921875 -48.999977111816406 4.000001907348633
  endloop
endfacet
facet normal 0.0 0.0 0.0
  outer loop
    vertex -0.19622039794921875 -49.00187301635742 4.000000953674316
    vertex -6.196220397949219 -48.999977111816406 4.000000953674316
    vertex -8.196220397949219 -59.999969482421875 3.9999990463256836
  endloop
endfacet
facet normal 0.0 0.0 0.0
  outer loop
    vertex -8.196220397949219 -59.999969482421875 3.9999990463256836
    vertex -0.1962127685546875 -52.34788513183594 4.0
    vertex -0.19622039794921875 -49.00187301635742 4.000000953674316
  endloop
endfacet
facet normal 0.0 0.0 0.0
  outer loop
    vertex -6.196220397949219 -48.999977111816406 4.000000953674316
    vertex -0.19622039794921875 -49.00187301635742 4.000000953674316
    vertex -0.19622039794921875 -48.999977111816406 4.000000953674316
  endloop
endfacet
facet normal 0.0 0.0 0.0
  outer loop
    vertex -8.196220397949219 -59.999969482421875 3.9999990463256836
    vertex -0.1962127685546875 -59.999969482421875 3.9999990463256836
    vertex -0.1962127685546875 -58.32433319091797 4.0
  endloop
endfacet
facet normal 0.0 0.0 0.0
  outer loop
    vertex -8.196220397949219 -59.999969482421875 3.9999990463256836
    vertex -0.1962127685546875 -58.32433319091797 4.0
    vertex -0.1962127685546875 -52.34788513183594 4.0
  endloop
endfacet
facet normal 0.0 0.0 0.0
  outer loop
    vertex -6.196220397949219 -48.999977111816406 4.000000953674316
    vertex -6.196220397949219 -48.999977111816406 4.000001907348633
    vertex -6.1962127685546875 -31.72626495361328 4.000001907348633
  endloop
endfacet
facet normal 0.0 0.0 0.0
  outer loop
    vertex -8.196220397949219 -59.999969482421875 3.9999990463256836
    vertex -7.67742919921875 -31.72626495361328 4.000001907348633
    vertex -8.196212768554688 -31.726268768310547 4.000001907348633
  endloop
endfacet
facet normal 0.0 0.0 0.0
  outer loop
    vertex -7.67742919921875 -31.72626495361328 4.000001907348633
    vertex -8.196220397949219 -59.999969482421875 3.9999990463256836
    vertex -6.196220397949219 -48.999977111816406 4.000000953674316
  endloop
endfacet
facet normal 0.0 0.0 0.0
  outer loop
    vertex -6.196220397949219 -48.999977111816406 4.000000953674316
    vertex -6.1962127685546875 -31.72626495361328 4.000001907348633
    vertex -7.67742919921875 -31.72626495361328 4.000001907348633
  endloop
endfacet
facet normal 0.0 0.0 0.0
  outer loop
    vertex -8.196205139160156 59.999969482421875 4.000001907348633
    vertex -8.196205139160156 59.999969482421875 1.1444091796875e-05
    vertex -8.196220397949219 -59.999969482421875 0.0
  endloop
endfacet
facet normal 0.0 0.0 0.0
  outer loop
    vertex -8.196220397949219 -59.999969482421875 0.0
    vertex -8.196205139160156 59.99972915649414 4.000001907348633
    vertex -8.196205139160156 59.999969482421875 4.000001907348633
  endloop
endfacet
facet normal 0.0 0.0 0.0
  outer loop
    vertex -8.196205139160156 59.99972915649414 4.000001907348633
    vertex -8.196220397949219 -59.999969482421875 0.0
    vertex -8.196220397949219 -59.999969482421875 3.9999990463256836
  endloop
endfacet
facet normal 0.0 0.0 0.0
  outer loop
    vertex -4.5792236328125 -47.715980529785156 2.6640024185180664
    vertex -4.5792236328125 -47.715980529785156 4.000001907348633
    vertex -4.220184326171875 -47.89849853515625 4.000001907348633
  endloop
endfacet
facet normal 0.0 0.0 0.0
  outer loop
    vertex -4.160224914550781 -47.928977966308594 2.6640024185180664
    vertex -4.220184326171875 -47.89849853515625 4.000001907348633
    vertex -4.160224914550781 -47.928977966308594 4.000001907348633
  endloop
endfacet
facet normal 0.0 0.0 0.0
  outer loop
    vertex -2.2672042846679688 46.03597640991211 1.3306760787963867
    vertex -2.2672042846679688 46.03597640991211 4.000001907348633
    vertex -2.2489395141601562 46.152061462402344 4.000001907348633
  endloop
endfacet
facet normal 0.0 0.0 0.0
  outer loop
    vertex -4.160224914550781 -47.928977966308594 2.6640024185180664
    vertex -4.160224914550781 -47.928977966308594 4.000001907348633
    vertex -4.0938262939453125 -47.93956756591797 4.000001907348633
  endloop
endfacet
facet normal 0.0 0.0 0.0
  outer loop
    vertex -2.1942214965820312 -46.499977111816406 2.6640024185180664
    vertex -2.2046661376953125 -46.566375732421875 4.000001907348633
    vertex -2.1942214965820312 -46.499977111816406 4.000001907348633
  endloop
endfacet
facet normal 0.0 0.0 0.0
  outer loop
    vertex -2.8132247924804688 -47.715980529785156 2.6640024185180664
    vertex -2.480224609375 -45.61697769165039 2.6640024185180664
    vertex -2.8132247924804688 -45.28397750854492 2.6640024185180664
  endloop
endfacet
facet normal 0.0 0.0 0.0
  outer loop
    vertex -2.8132247924804688 -47.715980529785156 2.6640024185180664
    vertex -2.2672195434570312 -46.035980224609375 2.6640024185180664
    vertex -2.480224609375 -45.61697769165039 2.6640024185180664
  endloop
endfacet
facet normal 0.0 0.0 0.0
  outer loop
    vertex -2.8132247924804688 -47.715980529785156 2.6640024185180664
    vertex -2.1942214965820312 -46.499977111816406 2.6640024185180664
    vertex -2.2672195434570312 -46.035980224609375 2.6640024185180664
  endloop
endfacet
facet normal 0.0 0.0 0.0
  outer loop
    vertex -2.8132247924804688 -47.715980529785156 2.6640024185180664
    vertex -2.2672195434570312 -46.96397399902344 2.6640024185180664
    vertex -2.1942214965820312 -46.499977111816406 2.6640024185180664
  endloop
endfacet
facet normal 0.0 0.0 0.0
  outer loop
    vertex -2.8132247924804688 -47.715980529785156 2.6640024185180664
    vertex -2.480224609375 -47.38298034667969 2.6640024185180664
    vertex -2.2672195434570312 -46.96397399902344 2.6640024185180664
  endloop
endfacet
facet normal 0.0 0.0 0.0
  outer loop
    vertex -3.2322235107421875 -47.928977966308594 2.6640024185180664
    vertex -4.912223815917969 -45.61697769165039 2.6640024185180664
    vertex -3.6962203979492188 -48.00297546386719 2.6640024185180664
  endloop
endfacet
facet normal 0.0 0.0 0.0
  outer loop
    vertex -4.160224914550781 -47.928977966308594 2.6640024185180664
    vertex -3.6962203979492188 -48.00297546386719 2.6640024185180664
    vertex -4.912223815917969 -45.61697769165039 2.6640024185180664
  endloop
endfacet
facet normal 0.0 0.0 0.0
  outer loop
    vertex -2.8132247924804688 -47.715980529785156 2.6640024185180664
    vertex -3.6962203979492188 -44.99797821044922 2.6640024185180664
    vertex -3.2322235107421875 -47.928977966308594 2.6640024185180664
  endloop
endfacet
facet normal 0.0 0.0 0.0
  outer loop
    vertex -8.196205139160156 59.999969482421875 1.1444091796875e-05
    vertex -0.1962127685546875 59.999969482421875 1.1444091796875e-05
    vertex -0.1962127685546875 58.324256896972656 1.049041748046875e-05
  endloop
endfacet
facet normal 0.0 0.0 0.0
  outer loop
    vertex -8.196205139160156 59.999969482421875 1.1444091796875e-05
    vertex -0.1962127685546875 58.324256896972656 1.049041748046875e-05
    vertex -0.1962127685546875 52.3475227355957 1.049041748046875e-05
  endloop
endfacet
facet normal 0.0 0.0 0.0
  outer loop
    vertex -8.196220397949219 -59.999969482421875 0.0
    vertex -0.19622039794921875 -52.34788513183594 9.5367431640625e-07
    vertex -0.1962127685546875 -58.32433319091797 9.5367431640625e-07
  endloop
endfacet
facet normal 0.0 0.0 0.0
  outer loop
    vertex -8.196205139160156 59.999969482421875 1.1444091796875e-05
    vertex -0.1962127685546875 59.999969482421875 0.5000095367431641
    vertex -0.1962127685546875 59.999969482421875 1.1444091796875e-05
  endloop
endfacet
facet normal 0.0 0.0 0.0
  outer loop
    vertex -8.196205139160156 59.999969482421875 1.1444091796875e-05
    vertex -0.1962127685546875 59.999969482421875 0.5000104904174805
    vertex -0.1962127685546875 59.999969482421875 0.5000095367431641
  endloop
endfacet
facet normal 0.0 0.0 0.0
  outer loop
    vertex -8.196220397949219 -59.999969482421875 0.0
    vertex -0.1962127685546875 -59.999969482421875 0.0
    vertex -0.1962127685546875 -59.999969482421875 0.4999990463256836
  endloop
endfacet
facet normal 0.0 0.0 0.0
  outer loop
    vertex -0.1962127685546875 -59.999969482421875 3.9999990463256836
    vertex -8.196220397949219 -59.999969482421875 3.9999990463256836
    vertex -8.196220397949219 -59.999969482421875 0.0
  endloop
endfacet
facet normal 0.0 0.0 0.0
  outer loop
    vertex -8.196220397949219 -59.999969482421875 0.0
    vertex -0.1962127685546875 -59.999969482421875 0.4999990463256836
    vertex -0.1962127685546875 -59.999969482421875 3.9999990463256836
  endloop
endfacet
facet normal 0.0 0.0 0.0
  outer loop
    vertex -2.1942214965820312 -46.499977111816406 2.6640024185180664
    vertex -2.1942214965820312 -46.499977111816406 4.000001907348633
    vertex -2.2046661376953125 -46.43357849121094 4.000001907348633
  endloop
endfacet
facet normal 0.0 0.0 0.0
  outer loop
    vertex -2.8132247924804688 -47.715980529785156 2.6640024185180664
    vertex -2.8132247924804688 -47.715980529785156 4.000001907348633
    vertex -2.7655715942382812 -47.66832733154297 4.000001907348633
  endloop
endfacet
facet normal 0.0 0.0 0.0
  outer loop
    vertex -2.1942062377929688 46.499977111816406 1.3306760787963867
    vertex -2.1942062377929688 46.499977111816406 4.000001907348633
    vertex -2.2489395141601562 46.84789276123047 4.000001907348633
  endloop
endfacet
facet normal 0.0 0.0 0.0
  outer loop
    vertex -8.196220397949219 -59.999969482421875 0.0
    vertex -0.1962127685546875 -58.32433319091797 9.5367431640625e-07
    vertex -0.1962127685546875 -59.999969482421875 0.0
  endloop
endfacet
facet normal 0.0 0.0 0.0
  outer loop
    vertex -5.125205993652344 46.9639778137207 1.3306760787963867
    vertex -5.1437225341796875 46.84789276123047 4.000001907348633
    vertex -5.199211120605469 46.499977111816406 4.000001907348633
  endloop
endfacet
facet normal 0.0 0.0 0.0
  outer loop
    vertex -5.125221252441406 -46.96397399902344 4.000001907348633
    vertex -5.125221252441406 -46.96397399902344 2.6640024185180664
    vertex -5.199226379394531 -46.499977111816406 2.6640024185180664
  endloop
endfacet
facet normal 0.0 0.0 0.0
  outer loop
    vertex -5.199226379394531 -46.499977111816406 2.6640024185180664
    vertex -5.188636779785156 -46.566375732421875 4.000001907348633
    vertex -5.125221252441406 -46.96397399902344 4.000001907348633
  endloop
endfacet
facet normal 0.0 0.0 0.0
  outer loop
    vertex -2.4802093505859375 47.38297653198242 4.000001907348633
    vertex -2.4802093505859375 47.38297653198242 1.3306760787963867
    vertex -2.2672042846679688 46.9639778137207 1.3306760787963867
  endloop
endfacet
facet normal 0.0 0.0 0.0
  outer loop
    vertex -2.2672042846679688 46.9639778137207 1.3306760787963867
    vertex -2.32049560546875 47.06880569458008 4.000001907348633
    vertex -2.4802093505859375 47.38297653198242 4.000001907348633
  endloop
endfacet
facet normal 0.0 0.0 0.0
  outer loop
    vertex -5.199226379394531 -46.499977111816406 4.000001907348633
    vertex -5.199226379394531 -46.499977111816406 2.6640024185180664
    vertex -5.125221252441406 -46.035980224609375 2.6640024185180664
  endloop
endfacet
facet normal 0.0 0.0 0.0
  outer loop
    vertex -5.125221252441406 -46.035980224609375 2.6640024185180664
    vertex -5.135810852050781 -46.102378845214844 4.000001907348633
    vertex -5.199226379394531 -46.499977111816406 4.000001907348633
  endloop
endfacet
facet normal 0.0 0.0 0.0
  outer loop
    vertex -5.125221252441406 -46.035980224609375 2.6640024185180664
    vertex -5.125221252441406 -46.035980224609375 4.000001907348633
    vertex -5.135810852050781 -46.102378845214844 4.000001907348633
  endloop
endfacet
facet normal 0.0 0.0 0.0
  outer loop
    vertex -5.125221252441406 -46.035980224609375 4.000001907348633
    vertex -5.125221252441406 -46.035980224609375 2.6640024185180664
    vertex -4.912223815917969 -45.61697769165039 2.6640024185180664
  endloop
endfacet
facet normal 0.0 0.0 0.0
  outer loop
    vertex -4.912223815917969 -45.61697769165039 2.6640024185180664
    vertex -4.9427032470703125 -45.676937103271484 4.000001907348633
    vertex -5.125221252441406 -46.035980224609375 4.000001907348633
  endloop
endfacet
facet normal 0.0 0.0 0.0
  outer loop
    vertex -3.8122940063476562 45.01624298095703 4.000001907348633
    vertex -3.6962051391601562 44.99797821044922 1.3306760787963867
    vertex -4.160209655761719 45.07097625732422 1.3306760787963867
  endloop
endfacet
facet normal 0.0 0.0 0.0
  outer loop
    vertex -4.160209655761719 45.07097625732422 1.3306760787963867
    vertex -4.160209655761719 45.07097625732422 4.000001907348633
    vertex -3.8122940063476562 45.01624298095703 4.000001907348633
  endloop
endfacet
facet normal 0.0 0.0 0.0
  outer loop
    vertex -4.160209655761719 45.07097625732422 4.000001907348633
    vertex -4.160209655761719 45.07097625732422 1.3306760787963867
    vertex -4.5792083740234375 45.28397750854492 1.3306760787963867
  endloop
endfacet
facet normal 0.0 0.0 0.0
  outer loop
    vertex -4.5792083740234375 45.28397750854492 1.3306760787963867
    vertex -4.4743804931640625 45.23068618774414 4.000001907348633
    vertex -4.160209655761719 45.07097625732422 4.000001907348633
  endloop
endfacet
facet normal 0.0 0.0 0.0
  outer loop
    vertex -4.9654998779296875 45.721805572509766 4.000001907348633
    vertex -4.912208557128906 45.61697769165039 1.3306760787963867
    vertex -5.125205993652344 46.03597640991211 1.3306760787963867
  endloop
endfacet
facet normal 0.0 0.0 0.0
  outer loop
    vertex -5.125205993652344 46.03597640991211 1.3306760787963867
    vertex -5.125205993652344 46.03597640991211 4.000001907348633
    vertex -4.9654998779296875 45.721805572509766 4.000001907348633
  endloop
endfacet
facet normal 0.0 0.0 0.0
  outer loop
    vertex -5.125205993652344 46.03597640991211 4.000001907348633
    vertex -5.125205993652344 46.03597640991211 1.3306760787963867
    vertex -5.199211120605469 46.499977111816406 1.3306760787963867
  endloop
endfacet
facet normal 0.0 0.0 0.0
  outer loop
    vertex -5.199211120605469 46.499977111816406 1.3306760787963867
    vertex -5.180694580078125 46.38389205932617 4.000001907348633
    vertex -5.125205993652344 46.03597640991211 4.000001907348633
  endloop
endfacet
facet normal 0.0 0.0 0.0
  outer loop
    vertex -5.199226379394531 -46.499977111816406 2.6640024185180664
    vertex -5.199226379394531 -46.499977111816406 4.000001907348633
    vertex -5.188636779785156 -46.566375732421875 4.000001907348633
  endloop
endfacet
facet normal 0.0 0.0 0.0
  outer loop
    vertex -4.5792236328125 -45.28397750854492 4.000001907348633
    vertex -4.5792236328125 -45.28397750854492 2.6640024185180664
    vertex -4.160224914550781 -45.07097625732422 2.6640024185180664
  endloop
endfacet
facet normal 0.0 0.0 0.0
  outer loop
    vertex -2.4802093505859375 47.38297653198242 1.3306760787963867
    vertex -2.4802093505859375 47.38297653198242 4.000001907348633
    vertex -2.7298965454101562 47.63266372680664 4.000001907348633
  endloop
endfacet
facet normal 0.0 0.0 0.0
  outer loop
    vertex -4.912223815917969 -47.38298034667969 2.6640024185180664
    vertex -4.9427032470703125 -47.323020935058594 4.000001907348633
    vertex -4.912223815917969 -47.38298034667969 4.000001907348633
  endloop
endfacet
facet normal 0.0 0.0 0.0
  outer loop
    vertex -4.912223815917969 -47.38298034667969 2.6640024185180664
    vertex -4.864570617675781 -47.430633544921875 4.000001907348633
    vertex -4.5792236328125 -47.715980529785156 4.000001907348633
  endloop
endfacet
facet normal 0.0 0.0 0.0
  outer loop
    vertex -2.2489395141601562 46.84789276123047 4.000001907348633
    vertex -2.2672042846679688 46.9639778137207 1.3306760787963867
    vertex -2.1942062377929688 46.499977111816406 1.3306760787963867
  endloop
endfacet
facet normal 0.0 0.0 0.0
  outer loop
    vertex -2.8731842041015625 -47.7464599609375 4.000001907348633
    vertex -2.8132247924804688 -47.715980529785156 2.6640024185180664
    vertex -3.2322235107421875 -47.928977966308594 2.6640024185180664
  endloop
endfacet
facet normal 0.0 0.0 0.0
  outer loop
    vertex -3.2322235107421875 -47.928977966308594 2.6640024185180664
    vertex -3.2322235107421875 -47.928977966308594 4.000001907348633
    vertex -2.8731842041015625 -47.7464599609375 4.000001907348633
  endloop
endfacet
facet normal 0.0 0.0 0.0
  outer loop
    vertex -2.8132247924804688 -47.715980529785156 2.6640024185180664
    vertex -2.8731842041015625 -47.7464599609375 4.000001907348633
    vertex -2.8132247924804688 -47.715980529785156 4.000001907348633
  endloop
endfacet
facet normal 0.0 0.0 0.0
  outer loop
    vertex -4.044120788574219 47.94749069213867 4.000001907348633
    vertex -4.160209655761719 47.928977966308594 1.3306760787963867
    vertex -3.6962051391601562 48.00297546386719 1.3306760787963867
  endloop
endfacet
facet normal 0.0 0.0 0.0
  outer loop
    vertex -3.6962051391601562 48.00297546386719 1.3306760787963867
    vertex -3.6962051391601562 48.00297546386719 4.000001907348633
    vertex -4.044120788574219 47.94749069213867 4.000001907348633
  endloop
endfacet
facet normal 0.0 0.0 0.0
  outer loop
    vertex -3.6962203979492188 -48.00297546386719 2.6640024185180664
    vertex -3.6962203979492188 -48.00297546386719 4.000001907348633
    vertex -3.62982177734375 -47.99238586425781 4.000001907348633
  endloop
endfacet
facet normal 0.0 0.0 0.0
  outer loop
    vertex -3.2322235107421875 -47.928977966308594 4.000001907348633
    vertex -3.2322235107421875 -47.928977966308594 2.6640024185180664
    vertex -3.6962203979492188 -48.00297546386719 2.6640024185180664
  endloop
endfacet
facet normal 0.0 0.0 0.0
  outer loop
    vertex -3.6962203979492188 -48.00297546386719 2.6640024185180664
    vertex -3.62982177734375 -47.99238586425781 4.000001907348633
    vertex -3.2322235107421875 -47.928977966308594 4.000001907348633
  endloop
endfacet
facet normal 0.0 0.0 0.0
  outer loop
    vertex -4.912223815917969 -47.38298034667969 2.6640024185180664
    vertex -4.912223815917969 -47.38298034667969 4.000001907348633
    vertex -4.864570617675781 -47.430633544921875 4.000001907348633
  endloop
endfacet
facet normal 0.0 0.0 0.0
  outer loop
    vertex -3.6962051391601562 48.00297546386719 4.000001907348633
    vertex -3.6962051391601562 48.00297546386719 1.3306760787963867
    vertex -3.232208251953125 47.928977966308594 1.3306760787963867
  endloop
endfacet
facet normal 0.0 0.0 0.0
  outer loop
    vertex -3.232208251953125 47.928977966308594 1.3306760787963867
    vertex -3.348297119140625 47.94749069213867 4.000001907348633
    vertex -3.6962051391601562 48.00297546386719 4.000001907348633
  endloop
endfacet
facet normal 0.0 0.0 0.0
  outer loop
    vertex -3.12738037109375 47.87568664550781 4.000001907348633
    vertex -3.232208251953125 47.928977966308594 1.3306760787963867
    vertex -2.8132095336914062 47.71597671508789 1.3306760787963867
  endloop
endfacet
facet normal 0.0 0.0 0.0
  outer loop
    vertex -2.8132095336914062 47.71597671508789 1.3306760787963867
    vertex -2.8132095336914062 47.71597671508789 4.000001907348633
    vertex -3.12738037109375 47.87568664550781 4.000001907348633
  endloop
endfacet
facet normal 0.0 0.0 0.0
  outer loop
    vertex -4.9427032470703125 -47.323020935058594 4.000001907348633
    vertex -4.912223815917969 -47.38298034667969 2.6640024185180664
    vertex -5.125221252441406 -46.96397399902344 2.6640024185180664
  endloop
endfacet
facet normal 0.0 0.0 0.0
  outer loop
    vertex -5.125221252441406 -46.96397399902344 2.6640024185180664
    vertex -5.125221252441406 -46.96397399902344 4.000001907348633
    vertex -4.9427032470703125 -47.323020935058594 4.000001907348633
  endloop
endfacet
facet normal 0.0 0.0 0.0
  outer loop
    vertex -2.7298965454101562 47.63266372680664 4.000001907348633
    vertex -2.8132095336914062 47.71597671508789 1.3306760787963867
    vertex -2.4802093505859375 47.38297653198242 1.3306760787963867
  endloop
endfacet
facet normal 0.0 0.0 0.0
  outer loop
    vertex -4.160224914550781 -45.07097625732422 2.6640024185180664
    vertex -4.220184326171875 -45.10145568847656 4.000001907348633
    vertex -4.5792236328125 -45.28397750854492 4.000001907348633
  endloop
endfacet
facet normal 0.0 0.0 0.0
  outer loop
    vertex -2.8132095336914062 47.71597671508789 1.3306760787963867
    vertex -2.7298965454101562 47.63266372680664 4.000001907348633
    vertex -2.8132095336914062 47.71597671508789 4.000001907348633
  endloop
endfacet
facet normal 0.0 0.0 0.0
  outer loop
    vertex -2.2672042846679688 46.03597640991211 1.3306760787963867
    vertex -2.2489395141601562 46.152061462402344 4.000001907348633
    vertex -2.1942062377929688 46.499977111816406 4.000001907348633
  endloop
endfacet
facet normal 0.0 0.0 0.0
  outer loop
    vertex -2.2046661376953125 -46.566375732421875 4.000001907348633
    vertex -2.1942214965820312 -46.499977111816406 2.6640024185180664
    vertex -2.2672195434570312 -46.96397399902344 2.6640024185180664
  endloop
endfacet
facet normal 0.0 0.0 0.0
  outer loop
    vertex -5.199211120605469 46.499977111816406 1.3306760787963867
    vertex -5.199211120605469 46.499977111816406 4.000001907348633
    vertex -5.180694580078125 46.38389205932617 4.000001907348633
  endloop
endfacet
facet normal 0.0 0.0 0.0
  outer loop
    vertex -2.2672195434570312 -46.96397399902344 2.6640024185180664
    vertex -2.2672195434570312 -46.96397399902344 4.000001907348633
    vertex -2.2046661376953125 -46.566375732421875 4.000001907348633
  endloop
endfacet
facet normal 0.0 0.0 0.0
  outer loop
    vertex -3.232208251953125 47.928977966308594 1.3306760787963867
    vertex -3.12738037109375 47.87568664550781 4.000001907348633
    vertex -3.232208251953125 47.928977966308594 4.000001907348633
  endloop
endfacet
facet normal 0.0 0.0 0.0
  outer loop
    vertex -2.1942062377929688 46.499977111816406 4.000001907348633
    vertex -2.1942062377929688 46.499977111816406 1.3306760787963867
    vertex -2.2672042846679688 46.03597640991211 1.3306760787963867
  endloop
endfacet
facet normal 0.0 0.0 0.0
  outer loop
    vertex -2.480224609375 -47.38298034667969 2.6640024185180664
    vertex -2.480224609375 -47.38298034667969 4.000001907348633
    vertex -2.4497451782226562 -47.323020935058594 4.000001907348633
  endloop
endfacet
facet normal 0.0 0.0 0.0
  outer loop
    vertex -4.912208557128906 45.61697769165039 1.3306760787963867
    vertex -4.9654998779296875 45.721805572509766 4.000001907348633
    vertex -4.912208557128906 45.61697769165039 4.000001907348633
  endloop
endfacet
facet normal 0.0 0.0 0.0
  outer loop
    vertex -3.232208251953125 47.928977966308594 1.3306760787963867
    vertex -3.232208251953125 47.928977966308594 4.000001907348633
    vertex -3.348297119140625 47.94749069213867 4.000001907348633
  endloop
endfacet
facet normal 0.0 0.0 0.0
  outer loop
    vertex -2.2672195434570312 -46.96397399902344 4.000001907348633
    vertex -2.2672195434570312 -46.96397399902344 2.6640024185180664
    vertex -2.480224609375 -47.38298034667969 2.6640024185180664
  endloop
endfacet
facet normal 0.0 0.0 0.0
  outer loop
    vertex -2.2672042846679688 46.9639778137207 1.3306760787963867
    vertex -2.2672042846679688 46.9639778137207 4.000001907348633
    vertex -2.32049560546875 47.06880569458008 4.000001907348633
  endloop
endfacet
facet normal 0.0 0.0 0.0
  outer loop
    vertex -4.912208557128906 45.61697769165039 1.3306760787963867
    vertex -4.912208557128906 45.61697769165039 4.000001907348633
    vertex -4.828895568847656 45.53366470336914 4.000001907348633
  endloop
endfacet
facet normal 0.0 0.0 0.0
  outer loop
    vertex -2.2672042846679688 46.9639778137207 1.3306760787963867
    vertex -2.2489395141601562 46.84789276123047 4.000001907348633
    vertex -2.2672042846679688 46.9639778137207 4.000001907348633
  endloop
endfacet
facet normal 0.0 0.0 0.0
  outer loop
    vertex -2.480224609375 -47.38298034667969 4.000001907348633
    vertex -2.480224609375 -47.38298034667969 2.6640024185180664
    vertex -2.8132247924804688 -47.715980529785156 2.6640024185180664
  endloop
endfacet
facet normal 0.0 0.0 0.0
  outer loop
    vertex -2.8132247924804688 -47.715980529785156 2.6640024185180664
    vertex -2.7655715942382812 -47.66832733154297 4.000001907348633
    vertex -2.480224609375 -47.38298034667969 4.000001907348633
  endloop
endfacet
facet normal 0.0 0.0 0.0
  outer loop
    vertex -3.6962051391601562 44.99797821044922 1.3306760787963867
    vertex -3.8122940063476562 45.01624298095703 4.000001907348633
    vertex -3.6962051391601562 44.99797821044922 4.000001907348633
  endloop
endfacet
facet normal 0.0 0.0 0.0
  outer loop
    vertex -4.5792083740234375 45.28397750854492 1.3306760787963867
    vertex -4.5792083740234375 45.28397750854492 4.000001907348633
    vertex -4.4743804931640625 45.23068618774414 4.000001907348633
  endloop
endfacet
facet normal 0.0 0.0 0.0
  outer loop
    vertex -2.480224609375 -47.38298034667969 2.6640024185180664
    vertex -2.4497451782226562 -47.323020935058594 4.000001907348633
    vertex -2.2672195434570312 -46.96397399902344 4.000001907348633
  endloop
endfacet
facet normal 0.0 0.0 0.0
  outer loop
    vertex -4.160209655761719 47.928977966308594 1.3306760787963867
    vertex -4.160209655761719 47.928977966308594 4.000001907348633
    vertex -4.4743804931640625 47.76926803588867 4.000001907348633
  endloop
endfacet
facet normal 0.0 0.0 0.0
  outer loop
    vertex -4.4743804931640625 47.76926803588867 4.000001907348633
    vertex -4.5792083740234375 47.71597671508789 1.3306760787963867
    vertex -4.160209655761719 47.928977966308594 1.3306760787963867
  endloop
endfacet
facet normal 0.0 0.0 0.0
  outer loop
    vertex -2.1942214965820312 -46.499977111816406 2.6640024185180664
    vertex -2.2046661376953125 -46.43357849121094 4.000001907348633
    vertex -2.2672195434570312 -46.035980224609375 4.000001907348633
  endloop
endfacet
facet normal 0.0 0.0 0.0
  outer loop
    vertex -4.0938262939453125 -45.06053161621094 4.000001907348633
    vertex -4.160224914550781 -45.07097625732422 2.6640024185180664
    vertex -3.6962203979492188 -44.99797821044922 2.6640024185180664
  endloop
endfacet
facet normal 0.0 0.0 0.0
  outer loop
    vertex -3.6962203979492188 -44.99797821044922 2.6640024185180664
    vertex -3.6962203979492188 -44.99797821044922 4.000001907348633
    vertex -4.0938262939453125 -45.06053161621094 4.000001907348633
  endloop
endfacet
facet normal 0.0 0.0 0.0
  outer loop
    vertex -3.62982177734375 -45.0084228515625 4.000001907348633
    vertex -3.6962203979492188 -44.99797821044922 2.6640024185180664
    vertex -3.2322235107421875 -45.07097625732422 2.6640024185180664
  endloop
endfacet
facet normal 0.0 0.0 0.0
  outer loop
    vertex -3.2322235107421875 -45.07097625732422 2.6640024185180664
    vertex -3.2322235107421875 -45.07097625732422 4.000001907348633
    vertex -3.62982177734375 -45.0084228515625 4.000001907348633
  endloop
endfacet
facet normal 0.0 0.0 0.0
  outer loop
    vertex -2.8132247924804688 -45.28397750854492 2.6640024185180664
    vertex -2.8132247924804688 -45.28397750854492 4.000001907348633
    vertex -2.8731842041015625 -45.25349807739258 4.000001907348633
  endloop
endfacet
facet normal 0.0 0.0 0.0
  outer loop
    vertex -3.2322235107421875 -45.07097625732422 4.000001907348633
    vertex -3.2322235107421875 -45.07097625732422 2.6640024185180664
    vertex -2.8132247924804688 -45.28397750854492 2.6640024185180664
  endloop
endfacet
facet normal 0.0 0.0 0.0
  outer loop
    vertex -5.199211120605469 46.499977111816406 4.000001907348633
    vertex -5.199211120605469 46.499977111816406 1.3306760787963867
    vertex -5.125205993652344 46.9639778137207 1.3306760787963867
  endloop
endfacet
facet normal 0.0 0.0 0.0
  outer loop
    vertex -2.8132247924804688 -45.28397750854492 2.6640024185180664
    vertex -2.8731842041015625 -45.25349807739258 4.000001907348633
    vertex -3.2322235107421875 -45.07097625732422 4.000001907348633
  endloop
endfacet
facet normal 0.0 0.0 0.0
  outer loop
    vertex -2.8132247924804688 -45.28397750854492 2.6640024185180664
    vertex -2.7655715942382812 -45.33163070678711 4.000001907348633
    vertex -2.8132247924804688 -45.28397750854492 4.000001907348633
  endloop
endfacet
facet normal 0.0 0.0 0.0
  outer loop
    vertex -2.7655715942382812 -45.33163070678711 4.000001907348633
    vertex -2.8132247924804688 -45.28397750854492 2.6640024185180664
    vertex -2.480224609375 -45.61697769165039 2.6640024185180664
  endloop
endfacet
facet normal 0.0 0.0 0.0
  outer loop
    vertex -2.480224609375 -45.61697769165039 2.6640024185180664
    vertex -2.480224609375 -45.61697769165039 4.000001907348633
    vertex -2.7655715942382812 -45.33163070678711 4.000001907348633
  endloop
endfacet
facet normal 0.0 0.0 0.0
  outer loop
    vertex -2.2672195434570312 -46.035980224609375 2.6640024185180664
    vertex -2.2672195434570312 -46.035980224609375 4.000001907348633
    vertex -2.297698974609375 -45.97602081298828 4.000001907348633
  endloop
endfacet
facet normal 0.0 0.0 0.0
  outer loop
    vertex -2.480224609375 -45.61697769165039 4.000001907348633
    vertex -2.480224609375 -45.61697769165039 2.6640024185180664
    vertex -2.2672195434570312 -46.035980224609375 2.6640024185180664
  endloop
endfacet
facet normal 0.0 0.0 0.0
  outer loop
    vertex -2.2672195434570312 -46.035980224609375 2.6640024185180664
    vertex -2.297698974609375 -45.97602081298828 4.000001907348633
    vertex -2.480224609375 -45.61697769165039 4.000001907348633
  endloop
endfacet
facet normal 0.0 0.0 0.0
  outer loop
    vertex -4.912208557128906 47.38297653198242 4.000001907348633
    vertex -4.912208557128906 47.38297653198242 1.3306760787963867
    vertex -4.5792083740234375 47.71597671508789 1.3306760787963867
  endloop
endfacet
facet normal 0.0 0.0 0.0
  outer loop
    vertex -4.5792083740234375 47.71597671508789 1.3306760787963867
    vertex -4.6625213623046875 47.63266372680664 4.000001907348633
    vertex -4.912208557128906 47.38297653198242 4.000001907348633
  endloop
endfacet
facet normal 0.0 0.0 0.0
  outer loop
    vertex -2.2672195434570312 -46.035980224609375 4.000001907348633
    vertex -2.2672195434570312 -46.035980224609375 2.6640024185180664
    vertex -2.1942214965820312 -46.499977111816406 2.6640024185180664
  endloop
endfacet
facet normal 0.0 0.0 0.0
  outer loop
    vertex -3.6962203979492188 -48.00297546386719 4.000001907348633
    vertex -3.6962203979492188 -48.00297546386719 2.6640024185180664
    vertex -4.160224914550781 -47.928977966308594 2.6640024185180664
  endloop
endfacet
facet normal 0.0 0.0 0.0
  outer loop
    vertex -4.160224914550781 -47.928977966308594 2.6640024185180664
    vertex -4.0938262939453125 -47.93956756591797 4.000001907348633
    vertex -3.6962203979492188 -48.00297546386719 4.000001907348633
  endloop
endfacet
facet normal 0.0 0.0 0.0
  outer loop
    vertex 74.2967758178711 15.185218811035156 6.67572021484375e-06
    vertex 74.29676818847656 -49.66236877441406 4.000001907348633
    vertex 74.29676818847656 -49.66236877441406 4.000001907348633
  endloop
endfacet
facet normal 0.0 0.0 0.0
  outer loop
    vertex 68.29676818847656 -49.66236877441406 4.000001907348633
    vertex 74.29676818847656 -49.66236877441406 4.000001907348633
    vertex 74.29676818847656 -49.66236877441406 4.000001907348633
  endloop
endfacet
facet normal 0.0 0.0 0.0
  outer loop
    vertex -11.071002006530762 46.96399688720703 12.00001335144043
    vertex -10.997002601623535 46.499996185302734 2.6640119552612305
    vertex -10.997002601623535 46.499996185302734 12.00001335144043
  endloop
endfacet
facet normal 0.0 0.0 0.0
  outer loop
    vertex -11.071002006530762 46.96399688720703 12.00001335144043
    vertex -11.071002006530762 46.96399688720703 2.6640119552612305
    vertex -10.997002601623535 46.499996185302734 2.6640119552612305
  endloop
endfacet
facet normal 0.0 0.0 0.0
  outer loop
    vertex -67.5 44.99799728393555 1.3306732177734375
    vertex -67.96400451660156 45.07099533081055 12.000007629394531
    vertex -67.5 44.99799728393555 12.000007629394531
  endloop
endfacet
facet normal 0.0 0.0 0.0
  outer loop
    vertex -68.38300323486328 45.28399658203125 1.3306732177734375
    vertex -68.38300323486328 45.28399658203125 12.000007629394531
    vertex -67.96400451660156 45.07099533081055 12.000007629394531
  endloop
endfacet
facet normal 0.0 0.0 0.0
  outer loop
    vertex -13.929003715515137 -46.963993072509766 12.000012397766113
    vertex -14.002005577087402 -46.499996185302734 12.000012397766113
    vertex -19.49700164794922 -48.99999237060547 12.000012397766113
  endloop
endfacet
facet normal 0.0 0.0 0.0
  outer loop
    vertex -10.997002601623535 46.499996185302734 2.6640119552612305
    vertex -11.071002006530762 46.03599548339844 2.6640119552612305
    vertex -10.997002601623535 46.499996185302734 12.00001335144043
  endloop
endfacet
facet normal 0.0 0.0 0.0
  outer loop
    vertex -11.071002006530762 46.03599548339844 12.00001335144043
    vertex -10.997002601623535 46.499996185302734 12.00001335144043
    vertex -11.071002006530762 46.03599548339844 2.6640119552612305
  endloop
endfacet
facet normal 0.0 0.0 0.0
  outer loop
    vertex -67.5 -48.00299072265625 12.000007629394531
    vertex -67.5 -48.00299072265625 2.6640071868896484
    vertex -67.96400451660156 -47.92899703979492 2.6640071868896484
  endloop
endfacet
facet normal 0.0 0.0 0.0
  outer loop
    vertex -68.71600341796875 45.61699676513672 12.000007629394531
    vertex -68.38300323486328 45.28399658203125 12.000007629394531
    vertex -68.71600341796875 45.61699676513672 1.3306732177734375
  endloop
endfacet
facet normal 0.0 0.0 0.0
  outer loop
    vertex -68.92900085449219 46.03599548339844 12.000007629394531
    vertex -68.71600341796875 45.61699676513672 12.000007629394531
    vertex -68.71600341796875 45.61699676513672 1.3306732177734375
  endloop
endfacet
facet normal 0.0 0.0 0.0
  outer loop
    vertex -11.071002006530762 46.03599548339844 12.00001335144043
    vertex -11.071002006530762 46.03599548339844 2.6640119552612305
    vertex -11.284003257751465 45.61699676513672 2.6640119552612305
  endloop
endfacet
facet normal 0.0 0.0 0.0
  outer loop
    vertex -69.00300598144531 46.499996185302734 1.3306732177734375
    vertex -69.00300598144531 46.499996185302734 12.000007629394531
    vertex -68.92900085449219 46.03599548339844 12.000007629394531
  endloop
endfacet
facet normal 0.0 0.0 0.0
  outer loop
    vertex -10.00000286102295 2.003000259399414 12.00001335144043
    vertex -12.036002159118652 45.07099533081055 12.000012397766113
    vertex -12.50000286102295 44.99799728393555 12.000012397766113
  endloop
endfacet
facet normal 0.0 0.0 0.0
  outer loop
    vertex -66.28400421142578 45.61699676513672 12.000007629394531
    vertex -66.07099914550781 46.03599548339844 12.000008583068848
    vertex -66.28400421142578 45.61699676513672 1.3306732177734375
  endloop
endfacet
facet normal 0.0 0.0 0.0
  outer loop
    vertex -10.00000286102295 2.003000259399414 12.00001335144043
    vertex -11.617003440856934 45.28399658203125 12.00001335144043
    vertex -12.036002159118652 45.07099533081055 12.000012397766113
  endloop
endfacet
facet normal 0.0 0.0 0.0
  outer loop
    vertex -69.00300598144531 46.499996185302734 1.3306732177734375
    vertex -68.92900085449219 46.96399688720703 1.3306732177734375
    vertex -69.00300598144531 46.499996185302734 12.000007629394531
  endloop
endfacet
facet normal 0.0 0.0 0.0
  outer loop
    vertex -65.99800109863281 46.499996185302734 1.3306732177734375
    vertex -65.99800109863281 46.499996185302734 12.000008583068848
    vertex -66.07099914550781 46.96399688720703 1.3306732177734375
  endloop
endfacet
facet normal 0.0 0.0 0.0
  outer loop
    vertex -19.49700164794922 -48.99999237060547 12.000012397766113
    vertex -13.383002281188965 -47.715999603271484 12.000012397766113
    vertex -13.716002464294434 -47.382999420166016 12.000012397766113
  endloop
endfacet
facet normal 0.0 0.0 0.0
  outer loop
    vertex -66.07099914550781 46.03599548339844 1.3306732177734375
    vertex -66.28400421142578 45.61699676513672 1.3306732177734375
    vertex -66.07099914550781 46.03599548339844 12.000008583068848
  endloop
endfacet
facet normal 0.0 0.0 0.0
  outer loop
    vertex -13.716002464294434 -47.382999420166016 12.000012397766113
    vertex -13.929003715515137 -46.963993072509766 12.000012397766113
    vertex -19.49700164794922 -48.99999237060547 12.000012397766113
  endloop
endfacet
facet normal 0.0 0.0 0.0
  outer loop
    vertex -66.07099914550781 46.03599548339844 12.000008583068848
    vertex -65.99800109863281 46.499996185302734 12.000008583068848
    vertex -66.07099914550781 46.03599548339844 1.3306732177734375
  endloop
endfacet
facet normal 0.0 0.0 0.0
  outer loop
    vertex -66.28400421142578 -47.382999420166016 12.000007629394531
    vertex -66.28400421142578 -47.382999420166016 2.6640071868896484
    vertex -66.61700439453125 -47.715999603271484 2.6640071868896484
  endloop
endfacet
facet normal 0.0 0.0 0.0
  outer loop
    vertex -10.997002601623535 -46.499996185302734 2.6640119552612305
    vertex -11.071002006530762 -46.963993072509766 2.6640119552612305
    vertex -10.997002601623535 -46.499996185302734 12.00001335144043
  endloop
endfacet
facet normal 0.0 0.0 0.0
  outer loop
    vertex -11.617003440856934 -47.715999603271484 12.00001335144043
    vertex -11.284003257751465 -47.382999420166016 12.00001335144043
    vertex -11.284003257751465 -47.382999420166016 2.6640119552612305
  endloop
endfacet
facet normal 0.0 0.0 0.0
  outer loop
    vertex -66.28400421142578 47.38299560546875 12.000007629394531
    vertex -66.07099914550781 46.96399688720703 1.3306732177734375
    vertex -66.07099914550781 46.96399688720703 12.000008583068848
  endloop
endfacet
facet normal 0.0 0.0 0.0
  outer loop
    vertex -66.28400421142578 -45.61699676513672 12.000007629394531
    vertex -66.28400421142578 -45.61699676513672 2.6640071868896484
    vertex -66.07099914550781 -46.0359992980957 2.6640071868896484
  endloop
endfacet
facet normal 0.0 0.0 0.0
  outer loop
    vertex -66.28400421142578 45.61699676513672 12.000007629394531
    vertex -66.61700439453125 45.28399658203125 1.3306732177734375
    vertex -66.61700439453125 45.28399658203125 12.000007629394531
  endloop
endfacet
facet normal 0.0 0.0 0.0
  outer loop
    vertex -66.28400421142578 -45.61699676513672 12.000007629394531
    vertex -66.07099914550781 -46.0359992980957 2.6640071868896484
    vertex -66.07099914550781 -46.0359992980957 12.000008583068848
  endloop
endfacet
facet normal 0.0 0.0 0.0
  outer loop
    vertex -68.71600341796875 47.38299560546875 12.000007629394531
    vertex -68.71600341796875 47.38299560546875 1.3306732177734375
    vertex -68.38300323486328 47.71599578857422 1.3306732177734375
  endloop
endfacet
facet normal 0.0 0.0 0.0
  outer loop
    vertex -13.716002464294434 45.61699676513672 2.6640119552612305
    vertex -13.716002464294434 45.61699676513672 12.000012397766113
    vertex -13.383002281188965 45.28399658203125 2.6640119552612305
  endloop
endfacet
facet normal 0.0 0.0 0.0
  outer loop
    vertex -11.617003440856934 -47.715999603271484 2.6640119552612305
    vertex -11.617003440856934 -47.715999603271484 12.00001335144043
    vertex -11.284003257751465 -47.382999420166016 2.6640119552612305
  endloop
endfacet
facet normal 0.0 0.0 0.0
  outer loop
    vertex -66.07099914550781 -46.0359992980957 12.000008583068848
    vertex -66.07099914550781 -46.0359992980957 2.6640071868896484
    vertex -65.99800109863281 -46.499996185302734 2.6640071868896484
  endloop
endfacet
facet normal 0.0 0.0 0.0
  outer loop
    vertex -67.96400451660156 47.92899703979492 12.000007629394531
    vertex -68.38300323486328 47.71599578857422 1.3306732177734375
    vertex -67.96400451660156 47.92899703979492 1.3306732177734375
  endloop
endfacet
facet normal 0.0 0.0 0.0
  outer loop
    vertex -13.929003715515137 46.03599548339844 2.6640119552612305
    vertex -13.716002464294434 45.61699676513672 12.000012397766113
    vertex -13.716002464294434 45.61699676513672 2.6640119552612305
  endloop
endfacet
facet normal 0.0 0.0 0.0
  outer loop
    vertex -13.929003715515137 46.03599548339844 2.6640119552612305
    vertex -13.929003715515137 46.03599548339844 12.000012397766113
    vertex -13.716002464294434 45.61699676513672 12.000012397766113
  endloop
endfacet
facet normal 0.0 0.0 0.0
  outer loop
    vertex -11.284003257751465 -45.61699676513672 12.00001335144043
    vertex -11.617003440856934 -45.28399658203125 2.6640119552612305
    vertex -11.284003257751465 -45.61699676513672 2.6640119552612305
  endloop
endfacet
facet normal 0.0 0.0 0.0
  outer loop
    vertex -67.03600311279297 47.92899703979492 1.3306732177734375
    vertex -67.03600311279297 47.92899703979492 12.000007629394531
    vertex -67.5 48.00299072265625 12.000007629394531
  endloop
endfacet
facet normal 0.0 0.0 0.0
  outer loop
    vertex -66.07099914550781 -46.963993072509766 12.000008583068848
    vertex -65.99800109863281 -46.499996185302734 2.6640071868896484
    vertex -66.07099914550781 -46.963993072509766 2.6640071868896484
  endloop
endfacet
facet normal 0.0 0.0 0.0
  outer loop
    vertex -14.002005577087402 46.499996185302734 2.6640119552612305
    vertex -14.002005577087402 46.499996185302734 12.000012397766113
    vertex -13.929003715515137 46.03599548339844 2.6640119552612305
  endloop
endfacet
facet normal 0.0 0.0 0.0
  outer loop
    vertex -67.03600311279297 47.92899703979492 12.000007629394531
    vertex -67.03600311279297 47.92899703979492 1.3306732177734375
    vertex -66.61700439453125 47.71599578857422 12.000007629394531
  endloop
endfacet
facet normal 0.0 0.0 0.0
  outer loop
    vertex -11.284003257751465 -45.61699676513672 12.00001335144043
    vertex -11.284003257751465 -45.61699676513672 2.6640119552612305
    vertex -11.071002006530762 -46.0359992980957 12.00001335144043
  endloop
endfacet
facet normal 0.0 0.0 0.0
  outer loop
    vertex -11.071002006530762 -46.0359992980957 2.6640119552612305
    vertex -11.071002006530762 -46.0359992980957 12.00001335144043
    vertex -11.284003257751465 -45.61699676513672 2.6640119552612305
  endloop
endfacet
facet normal 0.0 0.0 0.0
  outer loop
    vertex -66.07099914550781 -46.963993072509766 12.000008583068848
    vertex -66.28400421142578 -47.382999420166016 2.6640071868896484
    vertex -66.28400421142578 -47.382999420166016 12.000007629394531
  endloop
endfacet
facet normal 0.0 0.0 0.0
  outer loop
    vertex -66.07099914550781 -46.963993072509766 12.000008583068848
    vertex -66.07099914550781 -46.963993072509766 2.6640071868896484
    vertex -66.28400421142578 -47.382999420166016 2.6640071868896484
  endloop
endfacet
facet normal 0.0 0.0 0.0
  outer loop
    vertex -11.071002006530762 -46.0359992980957 12.00001335144043
    vertex -10.997002601623535 -46.499996185302734 2.6640119552612305
    vertex -10.997002601623535 -46.499996185302734 12.00001335144043
  endloop
endfacet
facet normal 0.0 0.0 0.0
  outer loop
    vertex -11.071002006530762 -46.0359992980957 12.00001335144043
    vertex -11.071002006530762 -46.0359992980957 2.6640119552612305
    vertex -10.997002601623535 -46.499996185302734 2.6640119552612305
  endloop
endfacet
facet normal 0.0 0.0 0.0
  outer loop
    vertex -66.07099914550781 46.96399688720703 12.000008583068848
    vertex -66.07099914550781 46.96399688720703 1.3306732177734375
    vertex -65.99800109863281 46.499996185302734 12.000008583068848
  endloop
endfacet
facet normal 0.0 0.0 0.0
  outer loop
    vertex -66.28400421142578 45.61699676513672 12.000007629394531
    vertex -66.28400421142578 45.61699676513672 1.3306732177734375
    vertex -66.61700439453125 45.28399658203125 1.3306732177734375
  endloop
endfacet
facet normal 0.0 0.0 0.0
  outer loop
    vertex -8.000000953674316 59.99999237060547 1.049041748046875e-05
    vertex -8.000000953674316 -59.99999237060547 1.049041748046875e-05
    vertex -19.49700164794922 49.002464294433594 9.5367431640625e-06
  endloop
endfacet
facet normal 0.0 0.0 0.0
  outer loop
    vertex -13.929003715515137 46.96399688720703 2.6640119552612305
    vertex -13.929003715515137 46.96399688720703 12.000012397766113
    vertex -14.002005577087402 46.499996185302734 12.000012397766113
  endloop
endfacet
facet normal 0.0 0.0 0.0
  outer loop
    vertex -67.96400451660156 -45.07099533081055 2.6640071868896484
    vertex -67.96400451660156 -45.07099533081055 12.000007629394531
    vertex -68.38300323486328 -45.28399658203125 12.000007629394531
  endloop
endfacet
facet normal 0.0 0.0 0.0
  outer loop
    vertex -11.071002006530762 -46.963993072509766 12.00001335144043
    vertex -11.284003257751465 -47.382999420166016 12.00001335144043
    vertex -10.00000286102295 -48.99999237060547 12.00001335144043
  endloop
endfacet
facet normal 0.0 0.0 0.0
  outer loop
    vertex -67.96400451660156 -45.07099533081055 12.000007629394531
    vertex -67.96400451660156 -45.07099533081055 2.6640071868896484
    vertex -67.5 -44.99799728393555 12.000007629394531
  endloop
endfacet
facet normal 0.0 0.0 0.0
  outer loop
    vertex -67.5 -44.99799728393555 2.6640071868896484
    vertex -67.03600311279297 -45.07099533081055 12.000007629394531
    vertex -67.5 -44.99799728393555 12.000007629394531
  endloop
endfacet
facet normal 0.0 0.0 0.0
  outer loop
    vertex -12.50000286102295 48.00299072265625 2.6640119552612305
    vertex -12.036002159118652 47.92899703979492 2.6640119552612305
    vertex -12.036002159118652 47.92899703979492 12.000012397766113
  endloop
endfacet
facet normal 0.0 0.0 0.0
  outer loop
    vertex -10.00000286102295 -48.99999237060547 12.00001335144043
    vertex -11.617003440856934 -47.715999603271484 12.00001335144043
    vertex -12.036002159118652 -47.92899703979492 12.000012397766113
  endloop
endfacet
facet normal 0.0 0.0 0.0
  outer loop
    vertex -10.00000286102295 -48.99999237060547 12.00001335144043
    vertex -12.036002159118652 -47.92899703979492 12.000012397766113
    vertex -12.50000286102295 -48.00299072265625 12.000012397766113
  endloop
endfacet
facet normal 0.0 0.0 0.0
  outer loop
    vertex -12.036002159118652 47.92899703979492 2.6640119552612305
    vertex -11.617003440856934 47.71599578857422 2.6640119552612305
    vertex -12.036002159118652 47.92899703979492 12.000012397766113
  endloop
endfacet
facet normal 0.0 0.0 0.0
  outer loop
    vertex -68.71600341796875 -45.61699676513672 2.6640071868896484
    vertex -68.92900085449219 -46.963993072509766 2.6640071868896484
    vertex -68.71600341796875 -47.382999420166016 2.6640071868896484
  endloop
endfacet
facet normal 0.0 0.0 0.0
  outer loop
    vertex -68.71600341796875 -45.61699676513672 2.6640071868896484
    vertex -68.92900085449219 -46.0359992980957 2.6640071868896484
    vertex -68.92900085449219 -46.963993072509766 2.6640071868896484
  endloop
endfacet
facet normal 0.0 0.0 0.0
  outer loop
    vertex -69.00300598144531 -46.499996185302734 2.6640071868896484
    vertex -68.92900085449219 -46.963993072509766 2.6640071868896484
    vertex -68.92900085449219 -46.0359992980957 2.6640071868896484
  endloop
endfacet
facet normal 0.0 0.0 0.0
  outer loop
    vertex -19.49700164794922 -49.00299072265625 9.5367431640625e-06
    vertex -19.49700164794922 49.002464294433594 9.5367431640625e-06
    vertex -8.000000953674316 -59.99999237060547 1.049041748046875e-05
  endloop
endfacet
facet normal 0.0 0.0 0.0
  outer loop
    vertex -13.383002281188965 -47.715999603271484 2.6640119552612305
    vertex -13.383002281188965 -47.715999603271484 12.000012397766113
    vertex -12.964003562927246 -47.92899703979492 2.6640119552612305
  endloop
endfacet
facet normal 0.0 0.0 0.0
  outer loop
    vertex -72.0 59.99999237060547 4.76837158203125e-06
    vertex -60.50300598144531 49.002464294433594 6.67572021484375e-06
    vertex -72.0 -59.99999237060547 4.76837158203125e-06
  endloop
endfacet
facet normal 0.0 0.0 0.0
  outer loop
    vertex -60.50300598144531 -49.00299072265625 6.67572021484375e-06
    vertex -72.0 -59.99999237060547 4.76837158203125e-06
    vertex -60.50300598144531 49.002464294433594 6.67572021484375e-06
  endloop
endfacet
facet normal 0.0 0.0 0.0
  outer loop
    vertex -68.38300323486328 -47.715999603271484 2.6640071868896484
    vertex -67.96400451660156 -47.92899703979492 2.6640071868896484
    vertex -68.71600341796875 -45.61699676513672 2.6640071868896484
  endloop
endfacet
facet normal 0.0 0.0 0.0
  outer loop
    vertex -68.71600341796875 -47.382999420166016 2.6640071868896484
    vertex -68.38300323486328 -47.715999603271484 2.6640071868896484
    vertex -68.71600341796875 -45.61699676513672 2.6640071868896484
  endloop
endfacet
facet normal 0.0 0.0 0.0
  outer loop
    vertex -68.71600341796875 -45.61699676513672 2.6640071868896484
    vertex -67.03600311279297 -47.92899703979492 2.6640071868896484
    vertex -68.38300323486328 -45.28399658203125 2.6640071868896484
  endloop
endfacet
facet normal 0.0 0.0 0.0
  outer loop
    vertex -68.38300323486328 -45.28399658203125 2.6640071868896484
    vertex -67.03600311279297 -47.92899703979492 2.6640071868896484
    vertex -67.96400451660156 -45.07099533081055 2.6640071868896484
  endloop
endfacet
facet normal 0.0 0.0 0.0
  outer loop
    vertex -66.28400421142578 -45.61699676513672 2.6640071868896484
    vertex -66.28400421142578 -45.61699676513672 12.000007629394531
    vertex -66.61700439453125 -45.28399658203125 2.6640071868896484
  endloop
endfacet
facet normal 0.0 0.0 0.0
  outer loop
    vertex -67.96400451660156 -45.07099533081055 2.6640071868896484
    vertex -67.03600311279297 -47.92899703979492 2.6640071868896484
    vertex -67.5 -44.99799728393555 2.6640071868896484
  endloop
endfacet
facet normal 0.0 0.0 0.0
  outer loop
    vertex -10.00000286102295 -44.002994537353516 12.00001335144043
    vertex -11.071002006530762 -46.0359992980957 12.00001335144043
    vertex -10.997002601623535 -46.499996185302734 12.00001335144043
  endloop
endfacet
facet normal 0.0 0.0 0.0
  outer loop
    vertex -10.00000286102295 -44.002994537353516 12.00001335144043
    vertex -11.284003257751465 -45.61699676513672 12.00001335144043
    vertex -11.071002006530762 -46.0359992980957 12.00001335144043
  endloop
endfacet
facet normal 0.0 0.0 0.0
  outer loop
    vertex -68.38300323486328 45.28399658203125 1.3306732177734375
    vertex -68.71600341796875 45.61699676513672 1.3306732177734375
    vertex -68.38300323486328 45.28399658203125 12.000007629394531
  endloop
endfacet
facet normal 0.0 0.0 0.0
  outer loop
    vertex -68.71600341796875 47.38299560546875 1.3306732177734375
    vertex -68.71600341796875 47.38299560546875 12.000007629394531
    vertex -68.92900085449219 46.96399688720703 1.3306732177734375
  endloop
endfacet
facet normal 0.0 0.0 0.0
  outer loop
    vertex -67.03600311279297 45.07099533081055 1.3306732177734375
    vertex -67.03600311279297 45.07099533081055 12.000007629394531
    vertex -66.61700439453125 45.28399658203125 1.3306732177734375
  endloop
endfacet
facet normal 0.0 0.0 0.0
  outer loop
    vertex -66.61700439453125 45.28399658203125 12.000007629394531
    vertex -66.61700439453125 45.28399658203125 1.3306732177734375
    vertex -67.03600311279297 45.07099533081055 12.000007629394531
  endloop
endfacet
facet normal 0.0 0.0 0.0
  outer loop
    vertex -13.929003715515137 -46.0359992980957 12.000012397766113
    vertex -13.716002464294434 -45.61699676513672 12.000012397766113
    vertex -19.49700164794922 -44.002994537353516 12.000012397766113
  endloop
endfacet
facet normal 0.0 0.0 0.0
  outer loop
    vertex -13.716002464294434 -45.61699676513672 12.000012397766113
    vertex -13.383002281188965 -45.28399658203125 12.000012397766113
    vertex -19.49700164794922 -44.002994537353516 12.000012397766113
  endloop
endfacet
facet normal 0.0 0.0 0.0
  outer loop
    vertex -67.5 44.99799728393555 12.000007629394531
    vertex -67.03600311279297 45.07099533081055 1.3306732177734375
    vertex -67.5 44.99799728393555 1.3306732177734375
  endloop
endfacet
facet normal 0.0 0.0 0.0
  outer loop
    vertex -67.5 44.99799728393555 12.000007629394531
    vertex -67.03600311279297 45.07099533081055 12.000007629394531
    vertex -67.03600311279297 45.07099533081055 1.3306732177734375
  endloop
endfacet
facet normal 0.0 0.0 0.0
  outer loop
    vertex -13.383002281188965 -45.28399658203125 12.000012397766113
    vertex -12.964003562927246 -45.07099533081055 12.000012397766113
    vertex -19.49700164794922 -44.002994537353516 12.000012397766113
  endloop
endfacet
facet normal 0.0 0.0 0.0
  outer loop
    vertex -68.71600341796875 47.38299560546875 12.000007629394531
    vertex -68.92900085449219 46.96399688720703 12.000007629394531
    vertex -68.92900085449219 46.96399688720703 1.3306732177734375
  endloop
endfacet
facet normal 0.0 0.0 0.0
  outer loop
    vertex -13.383002281188965 47.71599578857422 12.000012397766113
    vertex -13.716002464294434 47.38299560546875 12.000012397766113
    vertex -13.383002281188965 47.71599578857422 2.6640119552612305
  endloop
endfacet
facet normal 0.0 0.0 0.0
  outer loop
    vertex -12.964003562927246 -45.07099533081055 12.000012397766113
    vertex -12.50000286102295 -44.99799728393555 12.000012397766113
    vertex -19.49700164794922 -44.002994537353516 12.000012397766113
  endloop
endfacet
facet normal 0.0 0.0 0.0
  outer loop
    vertex -19.49700164794922 -44.002994537353516 12.000012397766113
    vertex -19.49700164794922 -48.99999237060547 12.000012397766113
    vertex -14.002005577087402 -46.499996185302734 12.000012397766113
  endloop
endfacet
facet normal 0.0 0.0 0.0
  outer loop
    vertex -68.38300323486328 47.71599578857422 1.3306732177734375
    vertex -68.38300323486328 47.71599578857422 12.000007629394531
    vertex -68.71600341796875 47.38299560546875 12.000007629394531
  endloop
endfacet
facet normal 0.0 0.0 0.0
  outer loop
    vertex -10.00000286102295 -44.002994537353516 12.00001335144043
    vertex -19.49700164794922 -44.002994537353516 12.000012397766113
    vertex -12.50000286102295 -44.99799728393555 12.000012397766113
  endloop
endfacet
facet normal 0.0 0.0 0.0
  outer loop
    vertex -13.383002281188965 47.71599578857422 12.000012397766113
    vertex -13.383002281188965 47.71599578857422 2.6640119552612305
    vertex -12.964003562927246 47.92899703979492 12.000012397766113
  endloop
endfacet
facet normal 0.0 0.0 0.0
  outer loop
    vertex -67.96400451660156 47.92899703979492 1.3306732177734375
    vertex -67.5 48.00299072265625 12.000007629394531
    vertex -67.96400451660156 47.92899703979492 12.000007629394531
  endloop
endfacet
facet normal 0.0 0.0 0.0
  outer loop
    vertex -12.036002159118652 -45.07099533081055 12.000012397766113
    vertex -11.617003440856934 -45.28399658203125 12.00001335144043
    vertex -10.00000286102295 -44.002994537353516 12.00001335144043
  endloop
endfacet
facet normal 0.0 0.0 0.0
  outer loop
    vertex -11.284003257751465 -45.61699676513672 12.00001335144043
    vertex -10.00000286102295 -44.002994537353516 12.00001335144043
    vertex -11.617003440856934 -45.28399658203125 12.00001335144043
  endloop
endfacet
facet normal 0.0 0.0 0.0
  outer loop
    vertex -68.71600341796875 -45.61699676513672 2.6640071868896484
    vertex -68.71600341796875 -45.61699676513672 12.000007629394531
    vertex -68.92900085449219 -46.0359992980957 12.000007629394531
  endloop
endfacet
facet normal 0.0 0.0 0.0
  outer loop
    vertex -68.38300323486328 -45.28399658203125 2.6640071868896484
    vertex -68.38300323486328 -45.28399658203125 12.000007629394531
    vertex -68.71600341796875 -45.61699676513672 2.6640071868896484
  endloop
endfacet
facet normal 0.0 0.0 0.0
  outer loop
    vertex -68.71600341796875 -45.61699676513672 12.000007629394531
    vertex -68.71600341796875 -45.61699676513672 2.6640071868896484
    vertex -68.38300323486328 -45.28399658203125 12.000007629394531
  endloop
endfacet
facet normal 0.0 0.0 0.0
  outer loop
    vertex -11.617003440856934 -47.715999603271484 12.00001335144043
    vertex -10.00000286102295 -48.99999237060547 12.00001335144043
    vertex -11.284003257751465 -47.382999420166016 12.00001335144043
  endloop
endfacet
facet normal 0.0 0.0 0.0
  outer loop
    vertex -68.92900085449219 46.96399688720703 1.3306732177734375
    vertex -68.92900085449219 46.96399688720703 12.000007629394531
    vertex -69.00300598144531 46.499996185302734 12.000007629394531
  endloop
endfacet
facet normal 0.0 0.0 0.0
  outer loop
    vertex -68.38300323486328 47.71599578857422 12.000007629394531
    vertex -68.38300323486328 47.71599578857422 1.3306732177734375
    vertex -67.96400451660156 47.92899703979492 12.000007629394531
  endloop
endfacet
facet normal 0.0 0.0 0.0
  outer loop
    vertex -66.61700439453125 -45.28399658203125 12.000007629394531
    vertex -66.61700439453125 -45.28399658203125 2.6640071868896484
    vertex -66.28400421142578 -45.61699676513672 12.000007629394531
  endloop
endfacet
facet normal 0.0 0.0 0.0
  outer loop
    vertex -69.00300598144531 46.499996185302734 1.3306732177734375
    vertex -67.5 44.99799728393555 1.3306732177734375
    vertex -68.92900085449219 46.96399688720703 1.3306732177734375
  endloop
endfacet
facet normal 0.0 0.0 0.0
  outer loop
    vertex -12.50000286102295 -44.99799728393555 2.6640119552612305
    vertex -12.036002159118652 -45.07099533081055 2.6640119552612305
    vertex -12.50000286102295 -44.99799728393555 12.000012397766113
  endloop
endfacet
facet normal 0.0 0.0 0.0
  outer loop
    vertex -68.38300323486328 45.28399658203125 1.3306732177734375
    vertex -67.96400451660156 45.07099533081055 1.3306732177734375
    vertex -68.71600341796875 45.61699676513672 1.3306732177734375
  endloop
endfacet
facet normal 0.0 0.0 0.0
  outer loop
    vertex -68.71600341796875 45.61699676513672 1.3306732177734375
    vertex -67.96400451660156 45.07099533081055 1.3306732177734375
    vertex -68.92900085449219 46.03599548339844 1.3306732177734375
  endloop
endfacet
facet normal 0.0 0.0 0.0
  outer loop
    vertex -67.5 44.99799728393555 1.3306732177734375
    vertex -69.00300598144531 46.499996185302734 1.3306732177734375
    vertex -68.92900085449219 46.03599548339844 1.3306732177734375
  endloop
endfacet
facet normal 0.0 0.0 0.0
  outer loop
    vertex -67.03600311279297 45.07099533081055 1.3306732177734375
    vertex -68.92900085449219 46.96399688720703 1.3306732177734375
    vertex -67.5 44.99799728393555 1.3306732177734375
  endloop
endfacet
facet normal 0.0 0.0 0.0
  outer loop
    vertex -66.07099914550781 46.96399688720703 1.3306732177734375
    vertex -67.96400451660156 47.92899703979492 1.3306732177734375
    vertex -65.99800109863281 46.499996185302734 1.3306732177734375
  endloop
endfacet
facet normal 0.0 0.0 0.0
  outer loop
    vertex -65.99800109863281 46.499996185302734 1.3306732177734375
    vertex -68.92900085449219 46.96399688720703 1.3306732177734375
    vertex -66.07099914550781 46.03599548339844 1.3306732177734375
  endloop
endfacet
facet normal 0.0 0.0 0.0
  outer loop
    vertex -66.61700439453125 45.28399658203125 1.3306732177734375
    vertex -68.92900085449219 46.96399688720703 1.3306732177734375
    vertex -67.03600311279297 45.07099533081055 1.3306732177734375
  endloop
endfacet
facet normal 0.0 0.0 0.0
  outer loop
    vertex -66.07099914550781 46.03599548339844 1.3306732177734375
    vertex -68.92900085449219 46.96399688720703 1.3306732177734375
    vertex -66.28400421142578 45.61699676513672 1.3306732177734375
  endloop
endfacet
facet normal 0.0 0.0 0.0
  outer loop
    vertex -66.28400421142578 45.61699676513672 1.3306732177734375
    vertex -68.92900085449219 46.96399688720703 1.3306732177734375
    vertex -66.61700439453125 45.28399658203125 1.3306732177734375
  endloop
endfacet
facet normal 0.0 0.0 0.0
  outer loop
    vertex -68.38300323486328 -47.715999603271484 2.6640071868896484
    vertex -68.38300323486328 -47.715999603271484 12.000007629394531
    vertex -67.96400451660156 -47.92899703979492 2.6640071868896484
  endloop
endfacet
facet normal 0.0 0.0 0.0
  outer loop
    vertex -12.036002159118652 45.07099533081055 2.6640119552612305
    vertex -12.036002159118652 45.07099533081055 12.000012397766113
    vertex -11.617003440856934 45.28399658203125 12.00001335144043
  endloop
endfacet
facet normal 0.0 0.0 0.0
  outer loop
    vertex -68.71600341796875 -47.382999420166016 2.6640071868896484
    vertex -68.38300323486328 -47.715999603271484 12.000007629394531
    vertex -68.38300323486328 -47.715999603271484 2.6640071868896484
  endloop
endfacet
facet normal 0.0 0.0 0.0
  outer loop
    vertex -12.50000286102295 44.99799728393555 12.000012397766113
    vertex -12.036002159118652 45.07099533081055 12.000012397766113
    vertex -12.50000286102295 44.99799728393555 2.6640119552612305
  endloop
endfacet
facet normal 0.0 0.0 0.0
  outer loop
    vertex -12.036002159118652 45.07099533081055 2.6640119552612305
    vertex -12.50000286102295 44.99799728393555 2.6640119552612305
    vertex -12.036002159118652 45.07099533081055 12.000012397766113
  endloop
endfacet
facet normal 0.0 0.0 0.0
  outer loop
    vertex -67.03600311279297 -47.92899703979492 2.6640071868896484
    vertex -67.03600311279297 -47.92899703979492 12.000007629394531
    vertex -66.61700439453125 -47.715999603271484 2.6640071868896484
  endloop
endfacet
facet normal 0.0 0.0 0.0
  outer loop
    vertex -66.61700439453125 -47.715999603271484 12.000007629394531
    vertex -66.61700439453125 -47.715999603271484 2.6640071868896484
    vertex -67.03600311279297 -47.92899703979492 12.000007629394531
  endloop
endfacet
facet normal 0.0 0.0 0.0
  outer loop
    vertex -13.716002464294434 -47.382999420166016 2.6640119552612305
    vertex -12.036002159118652 -47.92899703979492 2.6640119552612305
    vertex -13.929003715515137 -46.963993072509766 2.6640119552612305
  endloop
endfacet
facet normal 0.0 0.0 0.0
  outer loop
    vertex -13.929003715515137 -46.963993072509766 2.6640119552612305
    vertex -12.036002159118652 -47.92899703979492 2.6640119552612305
    vertex -14.002005577087402 -46.499996185302734 2.6640119552612305
  endloop
endfacet
facet normal 0.0 0.0 0.0
  outer loop
    vertex -11.617003440856934 -47.715999603271484 2.6640119552612305
    vertex -13.929003715515137 -46.0359992980957 2.6640119552612305
    vertex -14.002005577087402 -46.499996185302734 2.6640119552612305
  endloop
endfacet
facet normal 0.0 0.0 0.0
  outer loop
    vertex -11.617003440856934 -47.715999603271484 2.6640119552612305
    vertex -13.716002464294434 -45.61699676513672 2.6640119552612305
    vertex -13.929003715515137 -46.0359992980957 2.6640119552612305
  endloop
endfacet
facet normal 0.0 0.0 0.0
  outer loop
    vertex -11.617003440856934 -47.715999603271484 2.6640119552612305
    vertex -13.383002281188965 -45.28399658203125 2.6640119552612305
    vertex -13.716002464294434 -45.61699676513672 2.6640119552612305
  endloop
endfacet
facet normal 0.0 0.0 0.0
  outer loop
    vertex -67.5 44.99799728393555 1.3306732177734375
    vertex -68.92900085449219 46.03599548339844 1.3306732177734375
    vertex -67.96400451660156 45.07099533081055 1.3306732177734375
  endloop
endfacet
facet normal 0.0 0.0 0.0
  outer loop
    vertex -11.617003440856934 -47.715999603271484 2.6640119552612305
    vertex -12.964003562927246 -45.07099533081055 2.6640119552612305
    vertex -13.383002281188965 -45.28399658203125 2.6640119552612305
  endloop
endfacet
facet normal 0.0 0.0 0.0
  outer loop
    vertex -66.28400421142578 47.38299560546875 1.3306732177734375
    vertex -66.61700439453125 47.71599578857422 1.3306732177734375
    vertex -66.07099914550781 46.96399688720703 1.3306732177734375
  endloop
endfacet
facet normal 0.0 0.0 0.0
  outer loop
    vertex -66.07099914550781 46.96399688720703 1.3306732177734375
    vertex -67.03600311279297 47.92899703979492 1.3306732177734375
    vertex -67.5 48.00299072265625 1.3306732177734375
  endloop
endfacet
facet normal 0.0 0.0 0.0
  outer loop
    vertex -66.61700439453125 -47.715999603271484 2.6640071868896484
    vertex -67.03600311279297 -45.07099533081055 2.6640071868896484
    vertex -67.5 -44.99799728393555 2.6640071868896484
  endloop
endfacet
facet normal 0.0 0.0 0.0
  outer loop
    vertex -19.49700164794922 -44.002994537353516 6.662678241729736
    vertex -10.00000286102295 -44.002994537353516 6.6626787185668945
    vertex -10.00000286102295 2.003000259399414 6.6626787185668945
  endloop
endfacet
facet normal 0.0 0.0 0.0
  outer loop
    vertex -10.00000286102295 -44.002994537353516 6.6626787185668945
    vertex -19.49700164794922 -44.002994537353516 6.662678241729736
    vertex -10.00000286102295 -44.002994537353516 12.00001335144043
  endloop
endfacet
facet normal 0.0 0.0 0.0
  outer loop
    vertex -60.50300598144531 -49.00299072265625 6.67572021484375e-06
    vertex -60.50300598144531 49.002464294433594 6.67572021484375e-06
    vertex -60.50300598144531 -48.99999237060547 4.000007629394531
  endloop
endfacet
facet normal 0.0 0.0 0.0
  outer loop
    vertex -19.49700164794922 -48.99999237060547 4.0000104904174805
    vertex -19.49700164794922 -48.99999237060547 12.000012397766113
    vertex -19.49700164794922 -44.002994537353516 6.662678241729736
  endloop
endfacet
facet normal 0.0 0.0 0.0
  outer loop
    vertex -60.50300598144531 49.002464294433594 6.67572021484375e-06
    vertex -60.50300598144531 48.99999237060547 4.000007629394531
    vertex -60.50300598144531 -48.99999237060547 4.000007629394531
  endloop
endfacet
facet normal 0.0 0.0 0.0
  outer loop
    vertex -60.50300598144531 48.99999237060547 12.000008583068848
    vertex -60.50300598144531 -48.99999237060547 12.000008583068848
    vertex -60.50300598144531 48.99999237060547 4.000007629394531
  endloop
endfacet
facet normal 0.0 0.0 0.0
  outer loop
    vertex -60.50300598144531 -48.99999237060547 12.000008583068848
    vertex -60.50300598144531 -48.99999237060547 4.000007629394531
    vertex -60.50300598144531 48.99999237060547 4.000007629394531
  endloop
endfacet
facet normal 0.0 0.0 0.0
  outer loop
    vertex -10.00000286102295 2.003000259399414 6.6626787185668945
    vertex -19.49700164794922 2.003000259399414 6.662678241729736
    vertex -19.49700164794922 -44.002994537353516 6.662678241729736
  endloop
endfacet
facet normal 0.0 0.0 0.0
  outer loop
    vertex -19.49700164794922 2.003000259399414 6.662678241729736
    vertex -10.00000286102295 2.003000259399414 6.6626787185668945
    vertex -19.49700164794922 2.003000259399414 12.000012397766113
  endloop
endfacet
facet normal 0.0 0.0 0.0
  outer loop
    vertex -19.49700164794922 49.002464294433594 9.5367431640625e-06
    vertex -19.49700164794922 2.003000259399414 6.662678241729736
    vertex -19.49700164794922 48.99999237060547 4.0000104904174805
  endloop
endfacet
facet normal 0.0 0.0 0.0
  outer loop
    vertex -19.49700164794922 49.002464294433594 9.5367431640625e-06
    vertex -19.49700164794922 -49.00299072265625 9.5367431640625e-06
    vertex -19.49700164794922 2.003000259399414 6.662678241729736
  endloop
endfacet
facet normal 0.0 0.0 0.0
  outer loop
    vertex -19.49700164794922 -44.002994537353516 6.662678241729736
    vertex -19.49700164794922 2.003000259399414 6.662678241729736
    vertex -19.49700164794922 -49.00299072265625 9.5367431640625e-06
  endloop
endfacet
facet normal 0.0 0.0 0.0
  outer loop
    vertex -19.49700164794922 -49.00299072265625 9.5367431640625e-06
    vertex -19.49700164794922 -48.99999237060547 4.0000104904174805
    vertex -19.49700164794922 -44.002994537353516 6.662678241729736
  endloop
endfacet
facet normal 0.0 0.0 0.0
  outer loop
    vertex -19.49700164794922 -44.002994537353516 12.000012397766113
    vertex -19.49700164794922 -44.002994537353516 6.662678241729736
    vertex -19.49700164794922 -48.99999237060547 12.000012397766113
  endloop
endfacet
facet normal 0.0 0.0 0.0
  outer loop
    vertex -19.49700164794922 48.99999237060547 4.0000104904174805
    vertex -19.49700164794922 2.003000259399414 6.662678241729736
    vertex -19.49700164794922 48.99999237060547 12.000012397766113
  endloop
endfacet
facet normal 0.0 0.0 0.0
  outer loop
    vertex -19.49700164794922 2.003000259399414 12.000012397766113
    vertex -19.49700164794922 48.99999237060547 12.000012397766113
    vertex -19.49700164794922 2.003000259399414 6.662678241729736
  endloop
endfacet
facet normal 0.0 0.0 0.0
  outer loop
    vertex -68.92900085449219 46.96399688720703 1.3306732177734375
    vertex -65.99800109863281 46.499996185302734 1.3306732177734375
    vertex -68.71600341796875 47.38299560546875 1.3306732177734375
  endloop
endfacet
facet normal 0.0 0.0 0.0
  outer loop
    vertex -68.71600341796875 47.38299560546875 1.3306732177734375
    vertex -65.99800109863281 46.499996185302734 1.3306732177734375
    vertex -68.38300323486328 47.71599578857422 1.3306732177734375
  endloop
endfacet
facet normal 0.0 0.0 0.0
  outer loop
    vertex -68.38300323486328 47.71599578857422 1.3306732177734375
    vertex -65.99800109863281 46.499996185302734 1.3306732177734375
    vertex -67.96400451660156 47.92899703979492 1.3306732177734375
  endloop
endfacet
facet normal 0.0 0.0 0.0
  outer loop
    vertex -66.07099914550781 46.96399688720703 1.3306732177734375
    vertex -67.5 48.00299072265625 1.3306732177734375
    vertex -67.96400451660156 47.92899703979492 1.3306732177734375
  endloop
endfacet
facet normal 0.0 0.0 0.0
  outer loop
    vertex -66.61700439453125 47.71599578857422 1.3306732177734375
    vertex -67.03600311279297 47.92899703979492 1.3306732177734375
    vertex -66.07099914550781 46.96399688720703 1.3306732177734375
  endloop
endfacet
facet normal 0.0 0.0 0.0
  outer loop
    vertex -11.617003440856934 -47.715999603271484 2.6640119552612305
    vertex -12.50000286102295 -44.99799728393555 2.6640119552612305
    vertex -12.964003562927246 -45.07099533081055 2.6640119552612305
  endloop
endfacet
facet normal 0.0 0.0 0.0
  outer loop
    vertex -11.617003440856934 -47.715999603271484 2.6640119552612305
    vertex -11.284003257751465 -47.382999420166016 2.6640119552612305
    vertex -12.50000286102295 -44.99799728393555 2.6640119552612305
  endloop
endfacet
facet normal 0.0 0.0 0.0
  outer loop
    vertex -11.284003257751465 -47.382999420166016 2.6640119552612305
    vertex -11.071002006530762 -46.963993072509766 2.6640119552612305
    vertex -12.50000286102295 -44.99799728393555 2.6640119552612305
  endloop
endfacet
facet normal 0.0 0.0 0.0
  outer loop
    vertex -67.5 44.99799728393555 1.3306732177734375
    vertex -67.96400451660156 45.07099533081055 1.3306732177734375
    vertex -67.96400451660156 45.07099533081055 12.000007629394531
  endloop
endfacet
facet normal 0.0 0.0 0.0
  outer loop
    vertex -13.929003715515137 -46.963993072509766 2.6640119552612305
    vertex -13.929003715515137 -46.963993072509766 12.000012397766113
    vertex -13.716002464294434 -47.382999420166016 2.6640119552612305
  endloop
endfacet
facet normal 0.0 0.0 0.0
  outer loop
    vertex -13.716002464294434 -47.382999420166016 12.000012397766113
    vertex -13.716002464294434 -47.382999420166016 2.6640119552612305
    vertex -13.929003715515137 -46.963993072509766 12.000012397766113
  endloop
endfacet
facet normal 0.0 0.0 0.0
  outer loop
    vertex -68.38300323486328 45.28399658203125 1.3306732177734375
    vertex -67.96400451660156 45.07099533081055 12.000007629394531
    vertex -67.96400451660156 45.07099533081055 1.3306732177734375
  endloop
endfacet
facet normal 0.0 0.0 0.0
  outer loop
    vertex -14.002005577087402 -46.499996185302734 2.6640119552612305
    vertex -13.929003715515137 -46.963993072509766 12.000012397766113
    vertex -13.929003715515137 -46.963993072509766 2.6640119552612305
  endloop
endfacet
facet normal 0.0 0.0 0.0
  outer loop
    vertex -13.383002281188965 47.71599578857422 2.6640119552612305
    vertex -12.964003562927246 47.92899703979492 2.6640119552612305
    vertex -12.964003562927246 47.92899703979492 12.000012397766113
  endloop
endfacet
facet normal 0.0 0.0 0.0
  outer loop
    vertex -68.92900085449219 46.03599548339844 1.3306732177734375
    vertex -68.92900085449219 46.03599548339844 12.000007629394531
    vertex -68.71600341796875 45.61699676513672 1.3306732177734375
  endloop
endfacet
facet normal 0.0 0.0 0.0
  outer loop
    vertex -69.00300598144531 46.499996185302734 1.3306732177734375
    vertex -68.92900085449219 46.03599548339844 12.000007629394531
    vertex -68.92900085449219 46.03599548339844 1.3306732177734375
  endloop
endfacet
facet normal 0.0 0.0 0.0
  outer loop
    vertex -12.964003562927246 47.92899703979492 12.000012397766113
    vertex -12.964003562927246 47.92899703979492 2.6640119552612305
    vertex -12.50000286102295 48.00299072265625 2.6640119552612305
  endloop
endfacet
facet normal 0.0 0.0 0.0
  outer loop
    vertex -68.38300323486328 -45.28399658203125 12.000007629394531
    vertex -68.38300323486328 -45.28399658203125 2.6640071868896484
    vertex -67.96400451660156 -45.07099533081055 2.6640071868896484
  endloop
endfacet
facet normal 0.0 0.0 0.0
  outer loop
    vertex -65.99800109863281 46.499996185302734 1.3306732177734375
    vertex -66.07099914550781 46.03599548339844 1.3306732177734375
    vertex -65.99800109863281 46.499996185302734 12.000008583068848
  endloop
endfacet
facet normal 0.0 0.0 0.0
  outer loop
    vertex -67.5 -44.99799728393555 12.000007629394531
    vertex -67.96400451660156 -45.07099533081055 2.6640071868896484
    vertex -67.5 -44.99799728393555 2.6640071868896484
  endloop
endfacet
facet normal 0.0 0.0 0.0
  outer loop
    vertex -11.617003440856934 47.71599578857422 12.00001335144043
    vertex -12.036002159118652 47.92899703979492 12.000012397766113
    vertex -11.617003440856934 47.71599578857422 2.6640119552612305
  endloop
endfacet
facet normal 0.0 0.0 0.0
  outer loop
    vertex -11.617003440856934 47.71599578857422 12.00001335144043
    vertex -11.617003440856934 47.71599578857422 2.6640119552612305
    vertex -11.284003257751465 47.38299560546875 12.00001335144043
  endloop
endfacet
facet normal 0.0 0.0 0.0
  outer loop
    vertex -11.284003257751465 47.38299560546875 2.6640119552612305
    vertex -11.284003257751465 47.38299560546875 12.00001335144043
    vertex -11.617003440856934 47.71599578857422 2.6640119552612305
  endloop
endfacet
facet normal 0.0 0.0 0.0
  outer loop
    vertex -67.5 -44.99799728393555 2.6640071868896484
    vertex -67.03600311279297 -45.07099533081055 2.6640071868896484
    vertex -67.03600311279297 -45.07099533081055 12.000007629394531
  endloop
endfacet
facet normal 0.0 0.0 0.0
  outer loop
    vertex -12.964003562927246 -45.07099533081055 2.6640119552612305
    vertex -12.50000286102295 -44.99799728393555 2.6640119552612305
    vertex -12.50000286102295 -44.99799728393555 12.000012397766113
  endloop
endfacet
facet normal 0.0 0.0 0.0
  outer loop
    vertex -11.284003257751465 47.38299560546875 12.00001335144043
    vertex -11.284003257751465 47.38299560546875 2.6640119552612305
    vertex -11.071002006530762 46.96399688720703 12.00001335144043
  endloop
endfacet
facet normal 0.0 0.0 0.0
  outer loop
    vertex -11.071002006530762 46.96399688720703 2.6640119552612305
    vertex -11.071002006530762 46.96399688720703 12.00001335144043
    vertex -11.284003257751465 47.38299560546875 2.6640119552612305
  endloop
endfacet
facet normal 0.0 0.0 0.0
  outer loop
    vertex -67.03600311279297 -45.07099533081055 12.000007629394531
    vertex -66.61700439453125 -45.28399658203125 2.6640071868896484
    vertex -66.61700439453125 -45.28399658203125 12.000007629394531
  endloop
endfacet
facet normal 0.0 0.0 0.0
  outer loop
    vertex -67.03600311279297 -45.07099533081055 12.000007629394531
    vertex -67.03600311279297 -45.07099533081055 2.6640071868896484
    vertex -66.61700439453125 -45.28399658203125 2.6640071868896484
  endloop
endfacet
facet normal 0.0 0.0 0.0
  outer loop
    vertex -13.716002464294434 -47.382999420166016 12.000012397766113
    vertex -13.383002281188965 -47.715999603271484 12.000012397766113
    vertex -13.716002464294434 -47.382999420166016 2.6640119552612305
  endloop
endfacet
facet normal 0.0 0.0 0.0
  outer loop
    vertex -68.92900085449219 -46.0359992980957 12.000007629394531
    vertex -68.92900085449219 -46.0359992980957 2.6640071868896484
    vertex -68.71600341796875 -45.61699676513672 2.6640071868896484
  endloop
endfacet
facet normal 0.0 0.0 0.0
  outer loop
    vertex -11.617003440856934 -47.715999603271484 2.6640119552612305
    vertex -14.002005577087402 -46.499996185302734 2.6640119552612305
    vertex -12.036002159118652 -47.92899703979492 2.6640119552612305
  endloop
endfacet
facet normal 0.0 0.0 0.0
  outer loop
    vertex -13.383002281188965 -47.715999603271484 2.6640119552612305
    vertex -12.036002159118652 -47.92899703979492 2.6640119552612305
    vertex -13.716002464294434 -47.382999420166016 2.6640119552612305
  endloop
endfacet
facet normal 0.0 0.0 0.0
  outer loop
    vertex -12.036002159118652 -45.07099533081055 2.6640119552612305
    vertex -12.50000286102295 -44.99799728393555 2.6640119552612305
    vertex -11.071002006530762 -46.963993072509766 2.6640119552612305
  endloop
endfacet
facet normal 0.0 0.0 0.0
  outer loop
    vertex -67.96400451660156 47.92899703979492 1.3306732177734375
    vertex -67.5 48.00299072265625 1.3306732177734375
    vertex -67.5 48.00299072265625 12.000007629394531
  endloop
endfacet
facet normal 0.0 0.0 0.0
  outer loop
    vertex -67.5 -48.00299072265625 12.000007629394531
    vertex -67.03600311279297 -47.92899703979492 12.000007629394531
    vertex -67.5 -48.00299072265625 2.6640071868896484
  endloop
endfacet
facet normal 0.0 0.0 0.0
  outer loop
    vertex -67.03600311279297 -47.92899703979492 2.6640071868896484
    vertex -67.5 -48.00299072265625 2.6640071868896484
    vertex -67.03600311279297 -47.92899703979492 12.000007629394531
  endloop
endfacet
facet normal 0.0 0.0 0.0
  outer loop
    vertex -68.71600341796875 -47.382999420166016 12.000007629394531
    vertex -68.38300323486328 -47.715999603271484 12.000007629394531
    vertex -68.71600341796875 -47.382999420166016 2.6640071868896484
  endloop
endfacet
facet normal 0.0 0.0 0.0
  outer loop
    vertex -67.5 48.00299072265625 1.3306732177734375
    vertex -67.03600311279297 47.92899703979492 1.3306732177734375
    vertex -67.5 48.00299072265625 12.000007629394531
  endloop
endfacet
facet normal 0.0 0.0 0.0
  outer loop
    vertex -67.03600311279297 47.92899703979492 1.3306732177734375
    vertex -66.61700439453125 47.71599578857422 1.3306732177734375
    vertex -66.61700439453125 47.71599578857422 12.000007629394531
  endloop
endfacet
facet normal 0.0 0.0 0.0
  outer loop
    vertex -68.92900085449219 -46.963993072509766 2.6640071868896484
    vertex -68.92900085449219 -46.963993072509766 12.000007629394531
    vertex -68.71600341796875 -47.382999420166016 2.6640071868896484
  endloop
endfacet
facet normal 0.0 0.0 0.0
  outer loop
    vertex -68.71600341796875 -47.382999420166016 12.000007629394531
    vertex -68.71600341796875 -47.382999420166016 2.6640071868896484
    vertex -68.92900085449219 -46.963993072509766 12.000007629394531
  endloop
endfacet
facet normal 0.0 0.0 0.0
  outer loop
    vertex -66.61700439453125 47.71599578857422 12.000007629394531
    vertex -66.61700439453125 47.71599578857422 1.3306732177734375
    vertex -66.28400421142578 47.38299560546875 12.000007629394531
  endloop
endfacet
facet normal 0.0 0.0 0.0
  outer loop
    vertex -12.036002159118652 -45.07099533081055 12.000012397766113
    vertex -12.50000286102295 -44.99799728393555 12.000012397766113
    vertex -12.036002159118652 -45.07099533081055 2.6640119552612305
  endloop
endfacet
facet normal 0.0 0.0 0.0
  outer loop
    vertex -66.28400421142578 47.38299560546875 1.3306732177734375
    vertex -66.28400421142578 47.38299560546875 12.000007629394531
    vertex -66.61700439453125 47.71599578857422 1.3306732177734375
  endloop
endfacet
facet normal 0.0 0.0 0.0
  outer loop
    vertex -68.92900085449219 -46.963993072509766 2.6640071868896484
    vertex -69.00300598144531 -46.499996185302734 2.6640071868896484
    vertex -68.92900085449219 -46.963993072509766 12.000007629394531
  endloop
endfacet
facet normal 0.0 0.0 0.0
  outer loop
    vertex -11.617003440856934 -45.28399658203125 2.6640119552612305
    vertex -12.036002159118652 -45.07099533081055 2.6640119552612305
    vertex -11.071002006530762 -46.963993072509766 2.6640119552612305
  endloop
endfacet
facet normal 0.0 0.0 0.0
  outer loop
    vertex -11.284003257751465 -45.61699676513672 2.6640119552612305
    vertex -11.617003440856934 -45.28399658203125 2.6640119552612305
    vertex -11.071002006530762 -46.963993072509766 2.6640119552612305
  endloop
endfacet
facet normal 0.0 0.0 0.0
  outer loop
    vertex -11.071002006530762 -46.0359992980957 2.6640119552612305
    vertex -11.284003257751465 -45.61699676513672 2.6640119552612305
    vertex -11.071002006530762 -46.963993072509766 2.6640119552612305
  endloop
endfacet
facet normal 0.0 0.0 0.0
  outer loop
    vertex -10.997002601623535 -46.499996185302734 2.6640119552612305
    vertex -11.071002006530762 -46.0359992980957 2.6640119552612305
    vertex -11.071002006530762 -46.963993072509766 2.6640119552612305
  endloop
endfacet
facet normal 0.0 0.0 0.0
  outer loop
    vertex -66.28400421142578 47.38299560546875 12.000007629394531
    vertex -66.28400421142578 47.38299560546875 1.3306732177734375
    vertex -66.07099914550781 46.96399688720703 1.3306732177734375
  endloop
endfacet
facet normal 0.0 0.0 0.0
  outer loop
    vertex -68.92900085449219 -46.0359992980957 2.6640071868896484
    vertex -69.00300598144531 -46.499996185302734 12.000007629394531
    vertex -69.00300598144531 -46.499996185302734 2.6640071868896484
  endloop
endfacet
facet normal 0.0 0.0 0.0
  outer loop
    vertex -68.92900085449219 -46.0359992980957 2.6640071868896484
    vertex -68.92900085449219 -46.0359992980957 12.000007629394531
    vertex -69.00300598144531 -46.499996185302734 12.000007629394531
  endloop
endfacet
facet normal 0.0 0.0 0.0
  outer loop
    vertex -12.50000286102295 -48.00299072265625 2.6640119552612305
    vertex -12.036002159118652 -47.92899703979492 2.6640119552612305
    vertex -12.964003562927246 -47.92899703979492 2.6640119552612305
  endloop
endfacet
facet normal 0.0 0.0 0.0
  outer loop
    vertex -13.383002281188965 -47.715999603271484 2.6640119552612305
    vertex -12.964003562927246 -47.92899703979492 2.6640119552612305
    vertex -12.036002159118652 -47.92899703979492 2.6640119552612305
  endloop
endfacet
facet normal 0.0 0.0 0.0
  outer loop
    vertex -69.00300598144531 -46.499996185302734 12.000007629394531
    vertex -68.92900085449219 -46.963993072509766 12.000007629394531
    vertex -69.00300598144531 -46.499996185302734 2.6640071868896484
  endloop
endfacet
facet normal 0.0 0.0 0.0
  outer loop
    vertex -66.61700439453125 -47.715999603271484 2.6640071868896484
    vertex -66.61700439453125 -45.28399658203125 2.6640071868896484
    vertex -67.03600311279297 -45.07099533081055 2.6640071868896484
  endloop
endfacet
facet normal 0.0 0.0 0.0
  outer loop
    vertex -66.61700439453125 -47.715999603271484 2.6640071868896484
    vertex -66.28400421142578 -45.61699676513672 2.6640071868896484
    vertex -66.61700439453125 -45.28399658203125 2.6640071868896484
  endloop
endfacet
facet normal 0.0 0.0 0.0
  outer loop
    vertex -66.61700439453125 -47.715999603271484 2.6640071868896484
    vertex -66.07099914550781 -46.0359992980957 2.6640071868896484
    vertex -66.28400421142578 -45.61699676513672 2.6640071868896484
  endloop
endfacet
facet normal 0.0 0.0 0.0
  outer loop
    vertex -60.50300598144531 -49.00299072265625 4.000007629394531
    vertex -60.50300598144531 -49.00299072265625 6.67572021484375e-06
    vertex -60.50300598144531 -48.99999237060547 4.000007629394531
  endloop
endfacet
facet normal 0.0 0.0 0.0
  outer loop
    vertex -19.49700164794922 -49.00299072265625 4.0000104904174805
    vertex -19.49700164794922 -48.99999237060547 4.0000104904174805
    vertex -19.49700164794922 -49.00299072265625 9.5367431640625e-06
  endloop
endfacet
facet normal 0.0 0.0 0.0
  outer loop
    vertex -60.50300598144531 -49.00299072265625 6.67572021484375e-06
    vertex -19.49700164794922 -49.00299072265625 4.0000104904174805
    vertex -19.49700164794922 -49.00299072265625 9.5367431640625e-06
  endloop
endfacet
facet normal 0.0 0.0 0.0
  outer loop
    vertex -60.50300598144531 -49.00299072265625 6.67572021484375e-06
    vertex -60.50300598144531 -49.00299072265625 4.000007629394531
    vertex -19.49700164794922 -49.00299072265625 4.0000104904174805
  endloop
endfacet
facet normal 0.0 0.0 0.0
  outer loop
    vertex -65.99800109863281 -46.499996185302734 12.000008583068848
    vertex -66.07099914550781 -46.963993072509766 12.000008583068848
    vertex -60.50300598144531 -48.99999237060547 12.000008583068848
  endloop
endfacet
facet normal 0.0 0.0 0.0
  outer loop
    vertex -72.0 -59.99999237060547 4.000005722045898
    vertex -60.50300598144531 -49.00299072265625 4.000007629394531
    vertex -70.0 -48.99999237060547 4.000006675720215
  endloop
endfacet
facet normal 0.0 0.0 0.0
  outer loop
    vertex -60.50300598144531 -48.99999237060547 4.000007629394531
    vertex -70.0 -48.99999237060547 4.000006675720215
    vertex -60.50300598144531 -49.00299072265625 4.000007629394531
  endloop
endfacet
facet normal 0.0 0.0 0.0
  outer loop
    vertex -66.61700439453125 -47.715999603271484 12.000007629394531
    vertex -60.50300598144531 -48.99999237060547 12.000008583068848
    vertex -66.28400421142578 -47.382999420166016 12.000007629394531
  endloop
endfacet
facet normal 0.0 0.0 0.0
  outer loop
    vertex -66.28400421142578 -47.382999420166016 12.000007629394531
    vertex -60.50300598144531 -48.99999237060547 12.000008583068848
    vertex -66.07099914550781 -46.963993072509766 12.000008583068848
  endloop
endfacet
facet normal 0.0 0.0 0.0
  outer loop
    vertex -19.49700164794922 -48.99999237060547 4.0000104904174805
    vertex -19.49700164794922 -49.00299072265625 4.0000104904174805
    vertex -10.00000286102295 -48.99999237060547 4.000011444091797
  endloop
endfacet
facet normal 0.0 0.0 0.0
  outer loop
    vertex -72.0 -59.99999237060547 4.000005722045898
    vertex -8.00000286102295 -59.99999237060547 4.000011444091797
    vertex -19.49700164794922 -49.00299072265625 4.0000104904174805
  endloop
endfacet
facet normal 0.0 0.0 0.0
  outer loop
    vertex -11.071002006530762 -46.963993072509766 2.6640119552612305
    vertex -11.071002006530762 -46.963993072509766 12.00001335144043
    vertex -10.997002601623535 -46.499996185302734 12.00001335144043
  endloop
endfacet
facet normal 0.0 0.0 0.0
  outer loop
    vertex -19.49700164794922 -49.00299072265625 4.0000104904174805
    vertex -60.50300598144531 -49.00299072265625 4.000007629394531
    vertex -72.0 -59.99999237060547 4.000005722045898
  endloop
endfacet
facet normal 0.0 0.0 0.0
  outer loop
    vertex -10.00000286102295 -44.002994537353516 12.00001335144043
    vertex -10.997002601623535 -46.499996185302734 12.00001335144043
    vertex -10.00000286102295 -48.99999237060547 12.00001335144043
  endloop
endfacet
facet normal 0.0 0.0 0.0
  outer loop
    vertex -10.997002601623535 -46.499996185302734 12.00001335144043
    vertex -11.071002006530762 -46.963993072509766 12.00001335144043
    vertex -10.00000286102295 -48.99999237060547 12.00001335144043
  endloop
endfacet
facet normal 0.0 0.0 0.0
  outer loop
    vertex -67.96400451660156 -47.92899703979492 12.000007629394531
    vertex -68.38300323486328 -47.715999603271484 12.000007629394531
    vertex -70.0 -48.99999237060547 12.000007629394531
  endloop
endfacet
facet normal 0.0 0.0 0.0
  outer loop
    vertex -10.997002601623535 46.499996185302734 12.00001335144043
    vertex -11.071002006530762 46.03599548339844 12.00001335144043
    vertex -10.00000286102295 48.99999237060547 12.00001335144043
  endloop
endfacet
facet normal 0.0 0.0 0.0
  outer loop
    vertex -10.00000286102295 48.99999237060547 12.00001335144043
    vertex -11.617003440856934 47.71599578857422 12.00001335144043
    vertex -11.284003257751465 47.38299560546875 12.00001335144043
  endloop
endfacet
facet normal 0.0 0.0 0.0
  outer loop
    vertex -12.50000286102295 -48.00299072265625 12.000012397766113
    vertex -12.50000286102295 -48.00299072265625 2.6640119552612305
    vertex -12.964003562927246 -47.92899703979492 2.6640119552612305
  endloop
endfacet
facet normal 0.0 0.0 0.0
  outer loop
    vertex -67.03600311279297 -47.92899703979492 12.000007629394531
    vertex -60.50300598144531 -48.99999237060547 12.000008583068848
    vertex -66.61700439453125 -47.715999603271484 12.000007629394531
  endloop
endfacet
facet normal 0.0 0.0 0.0
  outer loop
    vertex -67.5 -48.00299072265625 12.000007629394531
    vertex -67.96400451660156 -47.92899703979492 12.000007629394531
    vertex -70.0 -48.99999237060547 12.000007629394531
  endloop
endfacet
facet normal 0.0 0.0 0.0
  outer loop
    vertex -19.49700164794922 -48.99999237060547 4.0000104904174805
    vertex -10.00000286102295 -48.99999237060547 4.000011444091797
    vertex -19.49700164794922 -48.99999237060547 12.000012397766113
  endloop
endfacet
facet normal 0.0 0.0 0.0
  outer loop
    vertex -70.0 -48.99999237060547 12.000007629394531
    vertex -60.50300598144531 -48.99999237060547 12.000008583068848
    vertex -67.5 -48.00299072265625 12.000007629394531
  endloop
endfacet
facet normal 0.0 0.0 0.0
  outer loop
    vertex -70.0 -48.99999237060547 4.000006675720215
    vertex -60.50300598144531 -48.99999237060547 4.000007629394531
    vertex -60.50300598144531 -48.99999237060547 12.000008583068848
  endloop
endfacet
facet normal 0.0 0.0 0.0
  outer loop
    vertex -10.00000286102295 -48.99999237060547 12.00001335144043
    vertex -19.49700164794922 -48.99999237060547 12.000012397766113
    vertex -10.00000286102295 -48.99999237060547 4.000011444091797
  endloop
endfacet
facet normal 0.0 0.0 0.0
  outer loop
    vertex -11.071002006530762 46.96399688720703 2.6640119552612305
    vertex -12.964003562927246 47.92899703979492 2.6640119552612305
    vertex -13.383002281188965 47.71599578857422 2.6640119552612305
  endloop
endfacet
facet normal 0.0 0.0 0.0
  outer loop
    vertex -11.071002006530762 46.96399688720703 2.6640119552612305
    vertex -12.50000286102295 48.00299072265625 2.6640119552612305
    vertex -12.964003562927246 47.92899703979492 2.6640119552612305
  endloop
endfacet
facet normal 0.0 0.0 0.0
  outer loop
    vertex -11.071002006530762 46.96399688720703 2.6640119552612305
    vertex -12.036002159118652 47.92899703979492 2.6640119552612305
    vertex -12.50000286102295 48.00299072265625 2.6640119552612305
  endloop
endfacet
facet normal 0.0 0.0 0.0
  outer loop
    vertex -11.071002006530762 46.96399688720703 2.6640119552612305
    vertex -11.617003440856934 47.71599578857422 2.6640119552612305
    vertex -12.036002159118652 47.92899703979492 2.6640119552612305
  endloop
endfacet
facet normal 0.0 0.0 0.0
  outer loop
    vertex -11.284003257751465 47.38299560546875 2.6640119552612305
    vertex -11.617003440856934 47.71599578857422 2.6640119552612305
    vertex -11.071002006530762 46.96399688720703 2.6640119552612305
  endloop
endfacet
facet normal 0.0 0.0 0.0
  outer loop
    vertex -72.0 59.99999237060547 4.000005722045898
    vertex -8.00000286102295 59.99999237060547 4.000011444091797
    vertex -72.0 59.99999237060547 4.76837158203125e-06
  endloop
endfacet
facet normal 0.0 0.0 0.0
  outer loop
    vertex -70.0 48.99999237060547 4.000006675720215
    vertex -60.50300598144531 49.0023078918457 4.000007629394531
    vertex -72.0 59.99999237060547 4.000005722045898
  endloop
endfacet
facet normal 0.0 0.0 0.0
  outer loop
    vertex -70.0 48.99999237060547 4.000006675720215
    vertex -60.50300598144531 48.99999237060547 4.000007629394531
    vertex -60.50300598144531 49.0023078918457 4.000007629394531
  endloop
endfacet
facet normal 0.0 0.0 0.0
  outer loop
    vertex -10.00000286102295 48.99999237060547 4.000011444091797
    vertex -8.00000286102295 59.99999237060547 4.000011444091797
    vertex -19.49700164794922 49.0023078918457 4.0000104904174805
  endloop
endfacet
facet normal 0.0 0.0 0.0
  outer loop
    vertex -19.49700164794922 48.99999237060547 4.0000104904174805
    vertex -10.00000286102295 48.99999237060547 4.000011444091797
    vertex -19.49700164794922 49.0023078918457 4.0000104904174805
  endloop
endfacet
facet normal 0.0 0.0 0.0
  outer loop
    vertex -12.50000286102295 44.99799728393555 2.6640119552612305
    vertex -13.929003715515137 46.03599548339844 2.6640119552612305
    vertex -12.964003562927246 45.07099533081055 2.6640119552612305
  endloop
endfacet
facet normal 0.0 0.0 0.0
  outer loop
    vertex -13.383002281188965 45.28399658203125 2.6640119552612305
    vertex -12.964003562927246 45.07099533081055 2.6640119552612305
    vertex -13.716002464294434 45.61699676513672 2.6640119552612305
  endloop
endfacet
facet normal 0.0 0.0 0.0
  outer loop
    vertex -13.716002464294434 45.61699676513672 2.6640119552612305
    vertex -12.964003562927246 45.07099533081055 2.6640119552612305
    vertex -13.929003715515137 46.03599548339844 2.6640119552612305
  endloop
endfacet
facet normal 0.0 0.0 0.0
  outer loop
    vertex -12.50000286102295 44.99799728393555 2.6640119552612305
    vertex -14.002005577087402 46.499996185302734 2.6640119552612305
    vertex -13.929003715515137 46.03599548339844 2.6640119552612305
  endloop
endfacet
facet normal 0.0 0.0 0.0
  outer loop
    vertex -12.50000286102295 44.99799728393555 2.6640119552612305
    vertex -12.036002159118652 45.07099533081055 2.6640119552612305
    vertex -14.002005577087402 46.499996185302734 2.6640119552612305
  endloop
endfacet
facet normal 0.0 0.0 0.0
  outer loop
    vertex -11.071002006530762 46.96399688720703 2.6640119552612305
    vertex -14.002005577087402 46.499996185302734 2.6640119552612305
    vertex -10.997002601623535 46.499996185302734 2.6640119552612305
  endloop
endfacet
facet normal 0.0 0.0 0.0
  outer loop
    vertex -10.997002601623535 46.499996185302734 2.6640119552612305
    vertex -14.002005577087402 46.499996185302734 2.6640119552612305
    vertex -11.071002006530762 46.03599548339844 2.6640119552612305
  endloop
endfacet
facet normal 0.0 0.0 0.0
  outer loop
    vertex -12.036002159118652 45.07099533081055 2.6640119552612305
    vertex -11.617003440856934 45.28399658203125 2.6640119552612305
    vertex -14.002005577087402 46.499996185302734 2.6640119552612305
  endloop
endfacet
facet normal 0.0 0.0 0.0
  outer loop
    vertex -11.071002006530762 46.03599548339844 2.6640119552612305
    vertex -14.002005577087402 46.499996185302734 2.6640119552612305
    vertex -11.284003257751465 45.61699676513672 2.6640119552612305
  endloop
endfacet
facet normal 0.0 0.0 0.0
  outer loop
    vertex -11.284003257751465 45.61699676513672 2.6640119552612305
    vertex -14.002005577087402 46.499996185302734 2.6640119552612305
    vertex -11.617003440856934 45.28399658203125 2.6640119552612305
  endloop
endfacet
facet normal 0.0 0.0 0.0
  outer loop
    vertex -19.49700164794922 49.0023078918457 4.0000104904174805
    vertex -72.0 59.99999237060547 4.000005722045898
    vertex -60.50300598144531 49.0023078918457 4.000007629394531
  endloop
endfacet
facet normal 0.0 0.0 0.0
  outer loop
    vertex -70.0 -48.99999237060547 4.000006675720215
    vertex -60.50300598144531 -48.99999237060547 12.000008583068848
    vertex -70.0 -48.99999237060547 12.000007629394531
  endloop
endfacet
facet normal 0.0 0.0 0.0
  outer loop
    vertex -11.071002006530762 46.96399688720703 2.6640119552612305
    vertex -13.383002281188965 47.71599578857422 2.6640119552612305
    vertex -13.716002464294434 47.38299560546875 2.6640119552612305
  endloop
endfacet
facet normal 0.0 0.0 0.0
  outer loop
    vertex -67.03600311279297 -47.92899703979492 12.000007629394531
    vertex -67.5 -48.00299072265625 12.000007629394531
    vertex -60.50300598144531 -48.99999237060547 12.000008583068848
  endloop
endfacet
facet normal 0.0 0.0 0.0
  outer loop
    vertex -10.00000286102295 -48.99999237060547 12.00001335144043
    vertex -12.50000286102295 -48.00299072265625 12.000012397766113
    vertex -19.49700164794922 -48.99999237060547 12.000012397766113
  endloop
endfacet
facet normal 0.0 0.0 0.0
  outer loop
    vertex -10.00000286102295 48.99999237060547 12.00001335144043
    vertex -11.284003257751465 47.38299560546875 12.00001335144043
    vertex -11.071002006530762 46.96399688720703 12.00001335144043
  endloop
endfacet
facet normal 0.0 0.0 0.0
  outer loop
    vertex -10.997002601623535 46.499996185302734 12.00001335144043
    vertex -10.00000286102295 48.99999237060547 12.00001335144043
    vertex -11.071002006530762 46.96399688720703 12.00001335144043
  endloop
endfacet
facet normal 0.0 0.0 0.0
  outer loop
    vertex -70.0 48.99999237060547 12.000007629394531
    vertex -67.5 48.00299072265625 12.000007629394531
    vertex -60.50300598144531 48.99999237060547 12.000008583068848
  endloop
endfacet
facet normal 0.0 0.0 0.0
  outer loop
    vertex -67.03600311279297 47.92899703979492 12.000007629394531
    vertex -60.50300598144531 48.99999237060547 12.000008583068848
    vertex -67.5 48.00299072265625 12.000007629394531
  endloop
endfacet
facet normal 0.0 0.0 0.0
  outer loop
    vertex -68.71600341796875 47.38299560546875 12.000007629394531
    vertex -68.38300323486328 47.71599578857422 12.000007629394531
    vertex -70.0 48.99999237060547 12.000007629394531
  endloop
endfacet
facet normal 0.0 0.0 0.0
  outer loop
    vertex -67.96400451660156 47.92899703979492 12.000007629394531
    vertex -70.0 48.99999237060547 12.000007629394531
    vertex -68.38300323486328 47.71599578857422 12.000007629394531
  endloop
endfacet
facet normal 0.0 0.0 0.0
  outer loop
    vertex -12.50000286102295 44.99799728393555 12.000012397766113
    vertex -12.964003562927246 45.07099533081055 12.000012397766113
    vertex -19.49700164794922 2.003000259399414 12.000012397766113
  endloop
endfacet
facet normal 0.0 0.0 0.0
  outer loop
    vertex -12.964003562927246 45.07099533081055 12.000012397766113
    vertex -13.383002281188965 45.28399658203125 12.000012397766113
    vertex -19.49700164794922 2.003000259399414 12.000012397766113
  endloop
endfacet
facet normal 0.0 0.0 0.0
  outer loop
    vertex -68.71600341796875 47.38299560546875 12.000007629394531
    vertex -70.0 48.99999237060547 12.000007629394531
    vertex -68.92900085449219 46.96399688720703 12.000007629394531
  endloop
endfacet
facet normal 0.0 0.0 0.0
  outer loop
    vertex -13.929003715515137 46.03599548339844 12.000012397766113
    vertex -19.49700164794922 48.99999237060547 12.000012397766113
    vertex -13.716002464294434 45.61699676513672 12.000012397766113
  endloop
endfacet
facet normal 0.0 0.0 0.0
  outer loop
    vertex -14.002005577087402 46.499996185302734 12.000012397766113
    vertex -19.49700164794922 48.99999237060547 12.000012397766113
    vertex -13.929003715515137 46.03599548339844 12.000012397766113
  endloop
endfacet
facet normal 0.0 0.0 0.0
  outer loop
    vertex -66.61700439453125 47.71599578857422 12.000007629394531
    vertex -60.50300598144531 48.99999237060547 12.000008583068848
    vertex -67.03600311279297 47.92899703979492 12.000007629394531
  endloop
endfacet
facet normal 0.0 0.0 0.0
  outer loop
    vertex -70.0 -48.99999237060547 4.000006675720215
    vertex -70.0 -48.99999237060547 12.000007629394531
    vertex -70.0 48.99999237060547 4.000006675720215
  endloop
endfacet
facet normal 0.0 0.0 0.0
  outer loop
    vertex -70.0 48.99999237060547 12.000007629394531
    vertex -70.0 48.99999237060547 4.000006675720215
    vertex -70.0 -48.99999237060547 12.000007629394531
  endloop
endfacet
facet normal 0.0 0.0 0.0
  outer loop
    vertex -10.00000286102295 2.003000259399414 12.00001335144043
    vertex -10.00000286102295 48.99999237060547 12.00001335144043
    vertex -11.071002006530762 46.03599548339844 12.00001335144043
  endloop
endfacet
facet normal 0.0 0.0 0.0
  outer loop
    vertex -11.071002006530762 46.03599548339844 12.00001335144043
    vertex -11.284003257751465 45.61699676513672 12.00001335144043
    vertex -10.00000286102295 2.003000259399414 12.00001335144043
  endloop
endfacet
facet normal 0.0 0.0 0.0
  outer loop
    vertex -11.617003440856934 45.28399658203125 12.00001335144043
    vertex -10.00000286102295 2.003000259399414 12.00001335144043
    vertex -11.284003257751465 45.61699676513672 12.00001335144043
  endloop
endfacet
facet normal 0.0 0.0 0.0
  outer loop
    vertex -72.0 -59.99999237060547 4.000005722045898
    vertex -70.0 48.99999237060547 4.000006675720215
    vertex -72.0 59.99999237060547 4.000005722045898
  endloop
endfacet
facet normal 0.0 0.0 0.0
  outer loop
    vertex -72.0 -59.99999237060547 4.000005722045898
    vertex -70.0 -48.99999237060547 4.000006675720215
    vertex -70.0 48.99999237060547 4.000006675720215
  endloop
endfacet
facet normal 0.0 0.0 0.0
  outer loop
    vertex -72.0 -59.99999237060547 4.76837158203125e-06
    vertex -72.0 59.99999237060547 4.000005722045898
    vertex -72.0 59.99999237060547 4.76837158203125e-06
  endloop
endfacet
facet normal 0.0 0.0 0.0
  outer loop
    vertex -72.0 -59.99999237060547 4.76837158203125e-06
    vertex -72.0 -59.99999237060547 4.000005722045898
    vertex -72.0 59.99999237060547 4.000005722045898
  endloop
endfacet
facet normal 0.0 0.0 0.0
  outer loop
    vertex -68.71600341796875 -45.61699676513672 12.000007629394531
    vertex -68.38300323486328 -45.28399658203125 12.000007629394531
    vertex -68.38300323486328 45.28399658203125 12.000007629394531
  endloop
endfacet
facet normal 0.0 0.0 0.0
  outer loop
    vertex -12.50000286102295 -48.00299072265625 12.000012397766113
    vertex -12.964003562927246 -47.92899703979492 12.000012397766113
    vertex -19.49700164794922 -48.99999237060547 12.000012397766113
  endloop
endfacet
facet normal 0.0 0.0 0.0
  outer loop
    vertex -67.5 -44.99799728393555 12.000007629394531
    vertex -67.03600311279297 -45.07099533081055 12.000007629394531
    vertex -67.5 44.99799728393555 12.000007629394531
  endloop
endfacet
facet normal 0.0 0.0 0.0
  outer loop
    vertex -67.03600311279297 -45.07099533081055 12.000007629394531
    vertex -66.61700439453125 -45.28399658203125 12.000007629394531
    vertex -66.61700439453125 45.28399658203125 12.000007629394531
  endloop
endfacet
facet normal 0.0 0.0 0.0
  outer loop
    vertex -12.50000286102295 -44.99799728393555 12.000012397766113
    vertex -12.036002159118652 -45.07099533081055 12.000012397766113
    vertex -10.00000286102295 -44.002994537353516 12.00001335144043
  endloop
endfacet
facet normal 0.0 0.0 0.0
  outer loop
    vertex -66.61700439453125 47.71599578857422 12.000007629394531
    vertex -66.28400421142578 47.38299560546875 12.000007629394531
    vertex -60.50300598144531 48.99999237060547 12.000008583068848
  endloop
endfacet
facet normal 0.0 0.0 0.0
  outer loop
    vertex -19.49700164794922 2.003000259399414 12.000012397766113
    vertex -10.00000286102295 2.003000259399414 12.00001335144043
    vertex -12.50000286102295 44.99799728393555 12.000012397766113
  endloop
endfacet
facet normal 0.0 0.0 0.0
  outer loop
    vertex -12.964003562927246 47.92899703979492 12.000012397766113
    vertex -12.50000286102295 48.00299072265625 12.000012397766113
    vertex -19.49700164794922 48.99999237060547 12.000012397766113
  endloop
endfacet
facet normal 0.0 0.0 0.0
  outer loop
    vertex -12.036002159118652 47.92899703979492 12.000012397766113
    vertex -10.00000286102295 48.99999237060547 12.00001335144043
    vertex -12.50000286102295 48.00299072265625 12.000012397766113
  endloop
endfacet
facet normal 0.0 0.0 0.0
  outer loop
    vertex -10.00000286102295 48.99999237060547 12.00001335144043
    vertex -19.49700164794922 48.99999237060547 12.000012397766113
    vertex -12.50000286102295 48.00299072265625 12.000012397766113
  endloop
endfacet
facet normal 0.0 0.0 0.0
  outer loop
    vertex -12.964003562927246 47.92899703979492 12.000012397766113
    vertex -19.49700164794922 48.99999237060547 12.000012397766113
    vertex -13.383002281188965 47.71599578857422 12.000012397766113
  endloop
endfacet
facet normal 0.0 0.0 0.0
  outer loop
    vertex -14.002005577087402 -46.499996185302734 12.000012397766113
    vertex -13.929003715515137 -46.0359992980957 12.000012397766113
    vertex -19.49700164794922 -44.002994537353516 12.000012397766113
  endloop
endfacet
facet normal 0.0 0.0 0.0
  outer loop
    vertex -12.964003562927246 -47.92899703979492 12.000012397766113
    vertex -13.383002281188965 -47.715999603271484 12.000012397766113
    vertex -19.49700164794922 -48.99999237060547 12.000012397766113
  endloop
endfacet
facet normal 0.0 0.0 0.0
  outer loop
    vertex -13.929003715515137 46.96399688720703 12.000012397766113
    vertex -13.716002464294434 47.38299560546875 12.000012397766113
    vertex -19.49700164794922 48.99999237060547 12.000012397766113
  endloop
endfacet
facet normal 0.0 0.0 0.0
  outer loop
    vertex -13.383002281188965 47.71599578857422 12.000012397766113
    vertex -19.49700164794922 48.99999237060547 12.000012397766113
    vertex -13.716002464294434 47.38299560546875 12.000012397766113
  endloop
endfacet
facet normal 0.0 0.0 0.0
  outer loop
    vertex -14.002005577087402 46.499996185302734 12.000012397766113
    vertex -13.929003715515137 46.96399688720703 12.000012397766113
    vertex -19.49700164794922 48.99999237060547 12.000012397766113
  endloop
endfacet
facet normal 0.0 0.0 0.0
  outer loop
    vertex -19.49700164794922 48.99999237060547 12.000012397766113
    vertex -19.49700164794922 2.003000259399414 12.000012397766113
    vertex -13.716002464294434 45.61699676513672 12.000012397766113
  endloop
endfacet
facet normal 0.0 0.0 0.0
  outer loop
    vertex -13.383002281188965 45.28399658203125 12.000012397766113
    vertex -13.716002464294434 45.61699676513672 12.000012397766113
    vertex -19.49700164794922 2.003000259399414 12.000012397766113
  endloop
endfacet
facet normal 0.0 0.0 0.0
  outer loop
    vertex -69.00300598144531 46.499996185302734 12.000007629394531
    vertex -68.92900085449219 46.96399688720703 12.000007629394531
    vertex -70.0 48.99999237060547 12.000007629394531
  endloop
endfacet
facet normal 0.0 0.0 0.0
  outer loop
    vertex -70.0 48.99999237060547 12.000007629394531
    vertex -70.0 -48.99999237060547 12.000007629394531
    vertex -68.92900085449219 46.03599548339844 12.000007629394531
  endloop
endfacet
facet normal 0.0 0.0 0.0
  outer loop
    vertex -69.00300598144531 46.499996185302734 12.000007629394531
    vertex -70.0 48.99999237060547 12.000007629394531
    vertex -68.92900085449219 46.03599548339844 12.000007629394531
  endloop
endfacet
facet normal 0.0 0.0 0.0
  outer loop
    vertex -68.92900085449219 -46.0359992980957 12.000007629394531
    vertex -68.92900085449219 46.03599548339844 12.000007629394531
    vertex -70.0 -48.99999237060547 12.000007629394531
  endloop
endfacet
facet normal 0.0 0.0 0.0
  outer loop
    vertex -69.00300598144531 -46.499996185302734 12.000007629394531
    vertex -68.92900085449219 -46.0359992980957 12.000007629394531
    vertex -70.0 -48.99999237060547 12.000007629394531
  endloop
endfacet
facet normal 0.0 0.0 0.0
  outer loop
    vertex -11.617003440856934 47.71599578857422 12.00001335144043
    vertex -10.00000286102295 48.99999237060547 12.00001335144043
    vertex -12.036002159118652 47.92899703979492 12.000012397766113
  endloop
endfacet
facet normal 0.0 0.0 0.0
  outer loop
    vertex -66.28400421142578 45.61699676513672 12.000007629394531
    vertex -66.61700439453125 45.28399658203125 12.000007629394531
    vertex -66.61700439453125 -45.28399658203125 12.000007629394531
  endloop
endfacet
facet normal 0.0 0.0 0.0
  outer loop
    vertex -66.61700439453125 45.28399658203125 12.000007629394531
    vertex -67.03600311279297 45.07099533081055 12.000007629394531
    vertex -67.03600311279297 -45.07099533081055 12.000007629394531
  endloop
endfacet
facet normal 0.0 0.0 0.0
  outer loop
    vertex -11.071002006530762 46.96399688720703 2.6640119552612305
    vertex -13.716002464294434 47.38299560546875 2.6640119552612305
    vertex -13.929003715515137 46.96399688720703 2.6640119552612305
  endloop
endfacet
facet normal 0.0 0.0 0.0
  outer loop
    vertex -70.0 48.99999237060547 12.000007629394531
    vertex -67.96400451660156 47.92899703979492 12.000007629394531
    vertex -67.5 48.00299072265625 12.000007629394531
  endloop
endfacet
facet normal 0.0 0.0 0.0
  outer loop
    vertex -19.49700164794922 49.002464294433594 9.5367431640625e-06
    vertex -19.49700164794922 49.0023078918457 4.0000104904174805
    vertex -60.50300598144531 49.0023078918457 4.000007629394531
  endloop
endfacet
facet normal 0.0 0.0 0.0
  outer loop
    vertex -10.00000286102295 48.99999237060547 4.000011444091797
    vertex -10.00000286102295 2.003000259399414 6.6626787185668945
    vertex -10.00000286102295 -48.99999237060547 4.000011444091797
  endloop
endfacet
facet normal 0.0 0.0 0.0
  outer loop
    vertex -10.00000286102295 -44.002994537353516 6.6626787185668945
    vertex -10.00000286102295 -48.99999237060547 4.000011444091797
    vertex -10.00000286102295 2.003000259399414 6.6626787185668945
  endloop
endfacet
facet normal 0.0 0.0 0.0
  outer loop
    vertex -13.383002281188965 -45.28399658203125 12.000012397766113
    vertex -13.383002281188965 -45.28399658203125 2.6640119552612305
    vertex -12.964003562927246 -45.07099533081055 12.000012397766113
  endloop
endfacet
facet normal 0.0 0.0 0.0
  outer loop
    vertex -12.964003562927246 -45.07099533081055 2.6640119552612305
    vertex -12.964003562927246 -45.07099533081055 12.000012397766113
    vertex -13.383002281188965 -45.28399658203125 2.6640119552612305
  endloop
endfacet
facet normal 0.0 0.0 0.0
  outer loop
    vertex -10.00000286102295 -48.99999237060547 4.000011444091797
    vertex -10.00000286102295 -44.002994537353516 6.6626787185668945
    vertex -10.00000286102295 -48.99999237060547 12.00001335144043
  endloop
endfacet
facet normal 0.0 0.0 0.0
  outer loop
    vertex -10.00000286102295 -44.002994537353516 12.00001335144043
    vertex -10.00000286102295 -48.99999237060547 12.00001335144043
    vertex -10.00000286102295 -44.002994537353516 6.6626787185668945
  endloop
endfacet
facet normal 0.0 0.0 0.0
  outer loop
    vertex -10.00000286102295 2.003000259399414 12.00001335144043
    vertex -10.00000286102295 2.003000259399414 6.6626787185668945
    vertex -10.00000286102295 48.99999237060547 12.00001335144043
  endloop
endfacet
facet normal 0.0 0.0 0.0
  outer loop
    vertex -10.00000286102295 48.99999237060547 4.000011444091797
    vertex -10.00000286102295 48.99999237060547 12.00001335144043
    vertex -10.00000286102295 2.003000259399414 6.6626787185668945
  endloop
endfacet
facet normal 0.0 0.0 0.0
  outer loop
    vertex -8.000000953674316 59.99999237060547 1.049041748046875e-05
    vertex -72.0 59.99999237060547 4.76837158203125e-06
    vertex -8.00000286102295 59.99999237060547 4.000011444091797
  endloop
endfacet
facet normal 0.0 0.0 0.0
  outer loop
    vertex -12.964003562927246 -45.07099533081055 2.6640119552612305
    vertex -12.50000286102295 -44.99799728393555 12.000012397766113
    vertex -12.964003562927246 -45.07099533081055 12.000012397766113
  endloop
endfacet
facet normal 0.0 0.0 0.0
  outer loop
    vertex -8.000000953674316 -59.99999237060547 1.049041748046875e-05
    vertex -8.00000286102295 -59.99999237060547 4.000011444091797
    vertex -72.0 -59.99999237060547 4.76837158203125e-06
  endloop
endfacet
facet normal 0.0 0.0 0.0
  outer loop
    vertex -72.0 -59.99999237060547 4.000005722045898
    vertex -72.0 -59.99999237060547 4.76837158203125e-06
    vertex -8.00000286102295 -59.99999237060547 4.000011444091797
  endloop
endfacet
facet normal 0.0 0.0 0.0
  outer loop
    vertex -60.50300598144531 48.99999237060547 12.000008583068848
    vertex -66.28400421142578 47.38299560546875 12.000007629394531
    vertex -66.07099914550781 46.96399688720703 12.000008583068848
  endloop
endfacet
facet normal 0.0 0.0 0.0
  outer loop
    vertex -10.00000286102295 -48.99999237060547 4.000011444091797
    vertex -19.49700164794922 -49.00299072265625 4.0000104904174805
    vertex -8.00000286102295 -59.99999237060547 4.000011444091797
  endloop
endfacet
facet normal 0.0 0.0 0.0
  outer loop
    vertex -10.00000286102295 48.99999237060547 4.000011444091797
    vertex -10.00000286102295 -48.99999237060547 4.000011444091797
    vertex -8.00000286102295 -59.99999237060547 4.000011444091797
  endloop
endfacet
facet normal 0.0 0.0 0.0
  outer loop
    vertex -72.0 59.99999237060547 4.000005722045898
    vertex -19.49700164794922 49.0023078918457 4.0000104904174805
    vertex -8.00000286102295 59.99999237060547 4.000011444091797
  endloop
endfacet
facet normal 0.0 0.0 0.0
  outer loop
    vertex -8.00000286102295 59.99999237060547 4.000011444091797
    vertex -10.00000286102295 48.99999237060547 4.000011444091797
    vertex -8.00000286102295 -59.99999237060547 4.000011444091797
  endloop
endfacet
facet normal 0.0 0.0 0.0
  outer loop
    vertex -65.99800109863281 46.499996185302734 12.000008583068848
    vertex -60.50300598144531 48.99999237060547 12.000008583068848
    vertex -66.07099914550781 46.96399688720703 12.000008583068848
  endloop
endfacet
facet normal 0.0 0.0 0.0
  outer loop
    vertex -11.071002006530762 46.03599548339844 12.00001335144043
    vertex -11.284003257751465 45.61699676513672 2.6640119552612305
    vertex -11.284003257751465 45.61699676513672 12.00001335144043
  endloop
endfacet
facet normal 0.0 0.0 0.0
  outer loop
    vertex -8.000000953674316 59.99999237060547 1.049041748046875e-05
    vertex -8.00000286102295 -59.99999237060547 4.000011444091797
    vertex -8.000000953674316 -59.99999237060547 1.049041748046875e-05
  endloop
endfacet
facet normal 0.0 0.0 0.0
  outer loop
    vertex -8.000000953674316 59.99999237060547 1.049041748046875e-05
    vertex -8.00000286102295 59.99999237060547 4.000011444091797
    vertex -8.00000286102295 -59.99999237060547 4.000011444091797
  endloop
endfacet
facet normal 0.0 0.0 0.0
  outer loop
    vertex -72.0 -59.99999237060547 4.76837158203125e-06
    vertex -60.50300598144531 -49.00299072265625 6.67572021484375e-06
    vertex -19.49700164794922 -49.00299072265625 9.5367431640625e-06
  endloop
endfacet
facet normal 0.0 0.0 0.0
  outer loop
    vertex -68.38300323486328 45.28399658203125 12.000007629394531
    vertex -68.71600341796875 45.61699676513672 12.000007629394531
    vertex -68.71600341796875 -45.61699676513672 12.000007629394531
  endloop
endfacet
facet normal 0.0 0.0 0.0
  outer loop
    vertex -13.383002281188965 -45.28399658203125 2.6640119552612305
    vertex -13.383002281188965 -45.28399658203125 12.000012397766113
    vertex -13.716002464294434 -45.61699676513672 12.000012397766113
  endloop
endfacet
facet normal 0.0 0.0 0.0
  outer loop
    vertex -14.002005577087402 46.499996185302734 12.000012397766113
    vertex -14.002005577087402 46.499996185302734 2.6640119552612305
    vertex -13.929003715515137 46.96399688720703 2.6640119552612305
  endloop
endfacet
facet normal 0.0 0.0 0.0
  outer loop
    vertex -11.071002006530762 46.96399688720703 2.6640119552612305
    vertex -13.929003715515137 46.96399688720703 2.6640119552612305
    vertex -14.002005577087402 46.499996185302734 2.6640119552612305
  endloop
endfacet
facet normal 0.0 0.0 0.0
  outer loop
    vertex -66.61700439453125 -47.715999603271484 2.6640071868896484
    vertex -65.99800109863281 -46.499996185302734 2.6640071868896484
    vertex -66.07099914550781 -46.0359992980957 2.6640071868896484
  endloop
endfacet
facet normal 0.0 0.0 0.0
  outer loop
    vertex -66.61700439453125 -47.715999603271484 2.6640071868896484
    vertex -66.07099914550781 -46.963993072509766 2.6640071868896484
    vertex -65.99800109863281 -46.499996185302734 2.6640071868896484
  endloop
endfacet
facet normal 0.0 0.0 0.0
  outer loop
    vertex -66.61700439453125 -47.715999603271484 2.6640071868896484
    vertex -66.28400421142578 -47.382999420166016 2.6640071868896484
    vertex -66.07099914550781 -46.963993072509766 2.6640071868896484
  endloop
endfacet
facet normal 0.0 0.0 0.0
  outer loop
    vertex -13.716002464294434 -47.382999420166016 2.6640119552612305
    vertex -13.383002281188965 -47.715999603271484 12.000012397766113
    vertex -13.383002281188965 -47.715999603271484 2.6640119552612305
  endloop
endfacet
facet normal 0.0 0.0 0.0
  outer loop
    vertex -72.0 -59.99999237060547 4.76837158203125e-06
    vertex -19.49700164794922 -49.00299072265625 9.5367431640625e-06
    vertex -8.000000953674316 -59.99999237060547 1.049041748046875e-05
  endloop
endfacet
facet normal 0.0 0.0 0.0
  outer loop
    vertex -12.036002159118652 -47.92899703979492 2.6640119552612305
    vertex -11.617003440856934 -47.715999603271484 12.00001335144043
    vertex -11.617003440856934 -47.715999603271484 2.6640119552612305
  endloop
endfacet
facet normal 0.0 0.0 0.0
  outer loop
    vertex -12.036002159118652 -47.92899703979492 2.6640119552612305
    vertex -12.036002159118652 -47.92899703979492 12.000012397766113
    vertex -11.617003440856934 -47.715999603271484 12.00001335144043
  endloop
endfacet
facet normal 0.0 0.0 0.0
  outer loop
    vertex -12.50000286102295 -48.00299072265625 2.6640119552612305
    vertex -12.036002159118652 -47.92899703979492 12.000012397766113
    vertex -12.036002159118652 -47.92899703979492 2.6640119552612305
  endloop
endfacet
facet normal 0.0 0.0 0.0
  outer loop
    vertex -12.964003562927246 45.07099533081055 2.6640119552612305
    vertex -12.964003562927246 45.07099533081055 12.000012397766113
    vertex -12.50000286102295 44.99799728393555 2.6640119552612305
  endloop
endfacet
facet normal 0.0 0.0 0.0
  outer loop
    vertex -67.96400451660156 -47.92899703979492 2.6640071868896484
    vertex -67.5 -48.00299072265625 2.6640071868896484
    vertex -68.71600341796875 -45.61699676513672 2.6640071868896484
  endloop
endfacet
facet normal 0.0 0.0 0.0
  outer loop
    vertex -66.61700439453125 -47.715999603271484 2.6640071868896484
    vertex -67.5 -44.99799728393555 2.6640071868896484
    vertex -67.03600311279297 -47.92899703979492 2.6640071868896484
  endloop
endfacet
facet normal 0.0 0.0 0.0
  outer loop
    vertex -12.964003562927246 45.07099533081055 12.000012397766113
    vertex -12.964003562927246 45.07099533081055 2.6640119552612305
    vertex -13.383002281188965 45.28399658203125 2.6640119552612305
  endloop
endfacet
facet normal 0.0 0.0 0.0
  outer loop
    vertex -14.002005577087402 -46.499996185302734 2.6640119552612305
    vertex -14.002005577087402 -46.499996185302734 12.000012397766113
    vertex -13.929003715515137 -46.963993072509766 12.000012397766113
  endloop
endfacet
facet normal 0.0 0.0 0.0
  outer loop
    vertex -13.929003715515137 -46.0359992980957 12.000012397766113
    vertex -14.002005577087402 -46.499996185302734 12.000012397766113
    vertex -13.929003715515137 -46.0359992980957 2.6640119552612305
  endloop
endfacet
facet normal 0.0 0.0 0.0
  outer loop
    vertex -14.002005577087402 -46.499996185302734 2.6640119552612305
    vertex -13.929003715515137 -46.0359992980957 2.6640119552612305
    vertex -14.002005577087402 -46.499996185302734 12.000012397766113
  endloop
endfacet
facet normal 0.0 0.0 0.0
  outer loop
    vertex -13.929003715515137 46.03599548339844 12.000012397766113
    vertex -13.929003715515137 46.03599548339844 2.6640119552612305
    vertex -14.002005577087402 46.499996185302734 12.000012397766113
  endloop
endfacet
facet normal 0.0 0.0 0.0
  outer loop
    vertex -13.716002464294434 -45.61699676513672 2.6640119552612305
    vertex -13.716002464294434 -45.61699676513672 12.000012397766113
    vertex -13.929003715515137 -46.0359992980957 2.6640119552612305
  endloop
endfacet
facet normal 0.0 0.0 0.0
  outer loop
    vertex -13.929003715515137 -46.0359992980957 12.000012397766113
    vertex -13.929003715515137 -46.0359992980957 2.6640119552612305
    vertex -13.716002464294434 -45.61699676513672 12.000012397766113
  endloop
endfacet
facet normal 0.0 0.0 0.0
  outer loop
    vertex -19.49700164794922 49.002464294433594 9.5367431640625e-06
    vertex -72.0 59.99999237060547 4.76837158203125e-06
    vertex -8.000000953674316 59.99999237060547 1.049041748046875e-05
  endloop
endfacet
facet normal 0.0 0.0 0.0
  outer loop
    vertex -19.49700164794922 49.002464294433594 9.5367431640625e-06
    vertex -60.50300598144531 49.002464294433594 6.67572021484375e-06
    vertex -72.0 59.99999237060547 4.76837158203125e-06
  endloop
endfacet
facet normal 0.0 0.0 0.0
  outer loop
    vertex -13.383002281188965 -45.28399658203125 2.6640119552612305
    vertex -13.716002464294434 -45.61699676513672 12.000012397766113
    vertex -13.716002464294434 -45.61699676513672 2.6640119552612305
  endloop
endfacet
facet normal 0.0 0.0 0.0
  outer loop
    vertex -11.284003257751465 45.61699676513672 12.00001335144043
    vertex -11.284003257751465 45.61699676513672 2.6640119552612305
    vertex -11.617003440856934 45.28399658203125 12.00001335144043
  endloop
endfacet
facet normal 0.0 0.0 0.0
  outer loop
    vertex -67.03600311279297 -47.92899703979492 2.6640071868896484
    vertex -68.71600341796875 -45.61699676513672 2.6640071868896484
    vertex -67.5 -48.00299072265625 2.6640071868896484
  endloop
endfacet
facet normal 0.0 0.0 0.0
  outer loop
    vertex -12.036002159118652 -45.07099533081055 12.000012397766113
    vertex -11.617003440856934 -45.28399658203125 2.6640119552612305
    vertex -11.617003440856934 -45.28399658203125 12.00001335144043
  endloop
endfacet
facet normal 0.0 0.0 0.0
  outer loop
    vertex -66.61700439453125 -47.715999603271484 2.6640071868896484
    vertex -66.61700439453125 -47.715999603271484 12.000007629394531
    vertex -66.28400421142578 -47.382999420166016 12.000007629394531
  endloop
endfacet
facet normal 0.0 0.0 0.0
  outer loop
    vertex -67.5 -48.00299072265625 12.000007629394531
    vertex -67.96400451660156 -47.92899703979492 2.6640071868896484
    vertex -67.96400451660156 -47.92899703979492 12.000007629394531
  endloop
endfacet
facet normal 0.0 0.0 0.0
  outer loop
    vertex -12.50000286102295 -48.00299072265625 2.6640119552612305
    vertex -12.50000286102295 -48.00299072265625 12.000012397766113
    vertex -12.036002159118652 -47.92899703979492 12.000012397766113
  endloop
endfacet
facet normal 0.0 0.0 0.0
  outer loop
    vertex -67.96400451660156 -47.92899703979492 2.6640071868896484
    vertex -68.38300323486328 -47.715999603271484 12.000007629394531
    vertex -67.96400451660156 -47.92899703979492 12.000007629394531
  endloop
endfacet
facet normal 0.0 0.0 0.0
  outer loop
    vertex -12.50000286102295 44.99799728393555 12.000012397766113
    vertex -12.50000286102295 44.99799728393555 2.6640119552612305
    vertex -12.964003562927246 45.07099533081055 12.000012397766113
  endloop
endfacet
facet normal 0.0 0.0 0.0
  outer loop
    vertex -60.50300598144531 48.99999237060547 12.000008583068848
    vertex -66.28400421142578 45.61699676513672 12.000007629394531
    vertex -66.61700439453125 -45.28399658203125 12.000007629394531
  endloop
endfacet
facet normal 0.0 0.0 0.0
  outer loop
    vertex -13.383002281188965 45.28399658203125 2.6640119552612305
    vertex -13.383002281188965 45.28399658203125 12.000012397766113
    vertex -12.964003562927246 45.07099533081055 12.000012397766113
  endloop
endfacet
facet normal 0.0 0.0 0.0
  outer loop
    vertex -60.50300598144531 -48.99999237060547 12.000008583068848
    vertex -60.50300598144531 48.99999237060547 12.000008583068848
    vertex -66.28400421142578 -45.61699676513672 12.000007629394531
  endloop
endfacet
facet normal 0.0 0.0 0.0
  outer loop
    vertex -66.28400421142578 -45.61699676513672 12.000007629394531
    vertex -66.07099914550781 -46.0359992980957 12.000008583068848
    vertex -60.50300598144531 -48.99999237060547 12.000008583068848
  endloop
endfacet
facet normal 0.0 0.0 0.0
  outer loop
    vertex -66.61700439453125 -45.28399658203125 12.000007629394531
    vertex -66.28400421142578 -45.61699676513672 12.000007629394531
    vertex -60.50300598144531 48.99999237060547 12.000008583068848
  endloop
endfacet
facet normal 0.0 0.0 0.0
  outer loop
    vertex -13.383002281188965 45.28399658203125 2.6640119552612305
    vertex -13.716002464294434 45.61699676513672 12.000012397766113
    vertex -13.383002281188965 45.28399658203125 12.000012397766113
  endloop
endfacet
facet normal 0.0 0.0 0.0
  outer loop
    vertex -19.49700164794922 48.99999237060547 12.000012397766113
    vertex -10.00000286102295 48.99999237060547 4.000011444091797
    vertex -19.49700164794922 48.99999237060547 4.0000104904174805
  endloop
endfacet
facet normal 0.0 0.0 0.0
  outer loop
    vertex -65.99800109863281 -46.499996185302734 12.000008583068848
    vertex -60.50300598144531 -48.99999237060547 12.000008583068848
    vertex -66.07099914550781 -46.0359992980957 12.000008583068848
  endloop
endfacet
facet normal 0.0 0.0 0.0
  outer loop
    vertex -60.50300598144531 48.99999237060547 12.000008583068848
    vertex -70.0 48.99999237060547 4.000006675720215
    vertex -70.0 48.99999237060547 12.000007629394531
  endloop
endfacet
facet normal 0.0 0.0 0.0
  outer loop
    vertex -10.00000286102295 48.99999237060547 12.00001335144043
    vertex -10.00000286102295 48.99999237060547 4.000011444091797
    vertex -19.49700164794922 48.99999237060547 12.000012397766113
  endloop
endfacet
facet normal 0.0 0.0 0.0
  outer loop
    vertex -60.50300598144531 49.002464294433594 6.67572021484375e-06
    vertex -60.50300598144531 49.0023078918457 4.000007629394531
    vertex -60.50300598144531 48.99999237060547 4.000007629394531
  endloop
endfacet
facet normal 0.0 0.0 0.0
  outer loop
    vertex -19.49700164794922 -44.002994537353516 12.000012397766113
    vertex -10.00000286102295 -44.002994537353516 12.00001335144043
    vertex -19.49700164794922 -44.002994537353516 6.662678241729736
  endloop
endfacet
facet normal 0.0 0.0 0.0
  outer loop
    vertex -19.49700164794922 49.0023078918457 4.0000104904174805
    vertex -19.49700164794922 49.002464294433594 9.5367431640625e-06
    vertex -19.49700164794922 48.99999237060547 4.0000104904174805
  endloop
endfacet
facet normal 0.0 0.0 0.0
  outer loop
    vertex -10.00000286102295 2.003000259399414 6.6626787185668945
    vertex -10.00000286102295 2.003000259399414 12.00001335144043
    vertex -19.49700164794922 2.003000259399414 12.000012397766113
  endloop
endfacet
facet normal 0.0 0.0 0.0
  outer loop
    vertex -11.617003440856934 45.28399658203125 2.6640119552612305
    vertex -11.617003440856934 45.28399658203125 12.00001335144043
    vertex -11.284003257751465 45.61699676513672 2.6640119552612305
  endloop
endfacet
facet normal 0.0 0.0 0.0
  outer loop
    vertex -19.49700164794922 49.002464294433594 9.5367431640625e-06
    vertex -60.50300598144531 49.0023078918457 4.000007629394531
    vertex -60.50300598144531 49.002464294433594 6.67572021484375e-06
  endloop
endfacet
facet normal 0.0 0.0 0.0
  outer loop
    vertex -67.96400451660156 -45.07099533081055 12.000007629394531
    vertex -67.5 -44.99799728393555 12.000007629394531
    vertex -67.5 44.99799728393555 12.000007629394531
  endloop
endfacet
facet normal 0.0 0.0 0.0
  outer loop
    vertex -67.5 44.99799728393555 12.000007629394531
    vertex -67.96400451660156 45.07099533081055 12.000007629394531
    vertex -67.96400451660156 -45.07099533081055 12.000007629394531
  endloop
endfacet
facet normal 0.0 0.0 0.0
  outer loop
    vertex -60.50300598144531 48.99999237060547 12.000008583068848
    vertex -60.50300598144531 48.99999237060547 4.000007629394531
    vertex -70.0 48.99999237060547 4.000006675720215
  endloop
endfacet
facet normal 0.0 0.0 0.0
  outer loop
    vertex -70.0 -48.99999237060547 12.000007629394531
    vertex -68.92900085449219 -46.963993072509766 12.000007629394531
    vertex -69.00300598144531 -46.499996185302734 12.000007629394531
  endloop
endfacet
facet normal 0.0 0.0 0.0
  outer loop
    vertex -12.036002159118652 -45.07099533081055 12.000012397766113
    vertex -12.036002159118652 -45.07099533081055 2.6640119552612305
    vertex -11.617003440856934 -45.28399658203125 2.6640119552612305
  endloop
endfacet
facet normal 0.0 0.0 0.0
  outer loop
    vertex -12.964003562927246 -47.92899703979492 2.6640119552612305
    vertex -13.383002281188965 -47.715999603271484 12.000012397766113
    vertex -12.964003562927246 -47.92899703979492 12.000012397766113
  endloop
endfacet
facet normal 0.0 0.0 0.0
  outer loop
    vertex -68.71600341796875 45.61699676513672 12.000007629394531
    vertex -68.92900085449219 46.03599548339844 12.000007629394531
    vertex -68.71600341796875 -45.61699676513672 12.000007629394531
  endloop
endfacet
facet normal 0.0 0.0 0.0
  outer loop
    vertex -68.92900085449219 -46.0359992980957 12.000007629394531
    vertex -68.71600341796875 -45.61699676513672 12.000007629394531
    vertex -68.92900085449219 46.03599548339844 12.000007629394531
  endloop
endfacet
facet normal 0.0 0.0 0.0
  outer loop
    vertex -12.036002159118652 45.07099533081055 2.6640119552612305
    vertex -11.617003440856934 45.28399658203125 12.00001335144043
    vertex -11.617003440856934 45.28399658203125 2.6640119552612305
  endloop
endfacet
facet normal 0.0 0.0 0.0
  outer loop
    vertex -11.617003440856934 -45.28399658203125 12.00001335144043
    vertex -11.617003440856934 -45.28399658203125 2.6640119552612305
    vertex -11.284003257751465 -45.61699676513672 12.00001335144043
  endloop
endfacet
facet normal 0.0 0.0 0.0
  outer loop
    vertex -13.716002464294434 47.38299560546875 2.6640119552612305
    vertex -13.716002464294434 47.38299560546875 12.000012397766113
    vertex -13.929003715515137 46.96399688720703 2.6640119552612305
  endloop
endfacet
facet normal 0.0 0.0 0.0
  outer loop
    vertex -13.929003715515137 46.96399688720703 12.000012397766113
    vertex -13.929003715515137 46.96399688720703 2.6640119552612305
    vertex -13.716002464294434 47.38299560546875 12.000012397766113
  endloop
endfacet
facet normal 0.0 0.0 0.0
  outer loop
    vertex -67.03600311279297 45.07099533081055 12.000007629394531
    vertex -67.5 44.99799728393555 12.000007629394531
    vertex -67.03600311279297 -45.07099533081055 12.000007629394531
  endloop
endfacet
facet normal 0.0 0.0 0.0
  outer loop
    vertex -60.50300598144531 48.99999237060547 12.000008583068848
    vertex -66.07099914550781 46.03599548339844 12.000008583068848
    vertex -66.28400421142578 45.61699676513672 12.000007629394531
  endloop
endfacet
facet normal 0.0 0.0 0.0
  outer loop
    vertex -13.716002464294434 47.38299560546875 2.6640119552612305
    vertex -13.383002281188965 47.71599578857422 2.6640119552612305
    vertex -13.716002464294434 47.38299560546875 12.000012397766113
  endloop
endfacet
facet normal 0.0 0.0 0.0
  outer loop
    vertex -65.99800109863281 46.499996185302734 12.000008583068848
    vertex -66.07099914550781 46.03599548339844 12.000008583068848
    vertex -60.50300598144531 48.99999237060547 12.000008583068848
  endloop
endfacet
facet normal 0.0 0.0 0.0
  outer loop
    vertex -68.38300323486328 -45.28399658203125 12.000007629394531
    vertex -67.96400451660156 -45.07099533081055 12.000007629394531
    vertex -67.96400451660156 45.07099533081055 12.000007629394531
  endloop
endfacet
facet normal 0.0 0.0 0.0
  outer loop
    vertex -67.96400451660156 45.07099533081055 12.000007629394531
    vertex -68.38300323486328 45.28399658203125 12.000007629394531
    vertex -68.38300323486328 -45.28399658203125 12.000007629394531
  endloop
endfacet
facet normal 0.0 0.0 0.0
  outer loop
    vertex -12.50000286102295 48.00299072265625 2.6640119552612305
    vertex -12.036002159118652 47.92899703979492 12.000012397766113
    vertex -12.50000286102295 48.00299072265625 12.000012397766113
  endloop
endfacet
facet normal 0.0 0.0 0.0
  outer loop
    vertex -66.07099914550781 -46.0359992980957 12.000008583068848
    vertex -65.99800109863281 -46.499996185302734 2.6640071868896484
    vertex -65.99800109863281 -46.499996185302734 12.000008583068848
  endloop
endfacet
facet normal 0.0 0.0 0.0
  outer loop
    vertex -68.71600341796875 -47.382999420166016 12.000007629394531
    vertex -68.92900085449219 -46.963993072509766 12.000007629394531
    vertex -70.0 -48.99999237060547 12.000007629394531
  endloop
endfacet
facet normal 0.0 0.0 0.0
  outer loop
    vertex -68.38300323486328 -47.715999603271484 12.000007629394531
    vertex -68.71600341796875 -47.382999420166016 12.000007629394531
    vertex -70.0 -48.99999237060547 12.000007629394531
  endloop
endfacet
facet normal 0.0 0.0 0.0
  outer loop
    vertex -12.50000286102295 -48.00299072265625 12.000012397766113
    vertex -12.964003562927246 -47.92899703979492 2.6640119552612305
    vertex -12.964003562927246 -47.92899703979492 12.000012397766113
  endloop
endfacet
facet normal 0.0 0.0 0.0
  outer loop
    vertex -12.964003562927246 47.92899703979492 12.000012397766113
    vertex -12.50000286102295 48.00299072265625 2.6640119552612305
    vertex -12.50000286102295 48.00299072265625 12.000012397766113
  endloop
endfacet
facet normal 0.0 0.0 0.0
  outer loop
    vertex -11.284003257751465 -47.382999420166016 12.00001335144043
    vertex -11.071002006530762 -46.963993072509766 12.00001335144043
    vertex -11.284003257751465 -47.382999420166016 2.6640119552612305
  endloop
endfacet
facet normal 0.0 0.0 0.0
  outer loop
    vertex -11.071002006530762 -46.963993072509766 2.6640119552612305
    vertex -11.284003257751465 -47.382999420166016 2.6640119552612305
    vertex -11.071002006530762 -46.963993072509766 12.00001335144043
  endloop
endfacet
facet normal 0.0 0.0 0.0
  outer loop
    vertex -65.99800109863281 -46.499996185302734 2.6640071868896484
    vertex -66.07099914550781 -46.963993072509766 12.000008583068848
    vertex -65.99800109863281 -46.499996185302734 12.000008583068848
  endloop
endfacet
facet normal 0.0 0.0 0.0
  outer loop
    vertex -77.91421508789062 59.999969482421875 4.000001907348633
    vertex -75.12284851074219 47.76926803588867 4.000001907348633
    vertex -74.88722229003906 47.928977966308594 4.000001907348633
  endloop
endfacet
facet normal 0.0 0.0 0.0
  outer loop
    vertex -77.91421508789062 59.999969482421875 4.000001907348633
    vertex -75.6109619140625 46.9639778137207 4.000001907348633
    vertex -75.57099914550781 47.06880569458008 4.000001907348633
  endloop
endfacet
facet normal 0.0 0.0 0.0
  outer loop
    vertex -77.91421508789062 59.999969482421875 4.000001907348633
    vertex -75.26395416259766 47.63266372680664 4.000001907348633
    vertex -75.20146942138672 47.71597671508789 4.000001907348633
  endloop
endfacet
facet normal 0.0 0.0 0.0
  outer loop
    vertex -77.91421508789062 59.999969482421875 4.000001907348633
    vertex -75.45121765136719 47.38297653198242 4.000001907348633
    vertex -75.26395416259766 47.63266372680664 4.000001907348633
  endloop
endfacet
facet normal 0.0 0.0 0.0
  outer loop
    vertex -77.91421508789062 59.999969482421875 4.000001907348633
    vertex -75.57099914550781 47.06880569458008 4.000001907348633
    vertex -75.45121765136719 47.38297653198242 4.000001907348633
  endloop
endfacet
facet normal 0.0 0.0 0.0
  outer loop
    vertex -77.91421508789062 59.999969482421875 4.000001907348633
    vertex -74.88722229003906 47.928977966308594 4.000001907348633
    vertex -74.80015563964844 47.94749069213867 4.000001907348633
  endloop
endfacet
facet normal 0.0 0.0 0.0
  outer loop
    vertex -77.91421508789062 59.999969482421875 4.000001907348633
    vertex -75.20146942138672 47.71597671508789 4.000001907348633
    vertex -75.12284851074219 47.76926803588867 4.000001907348633
  endloop
endfacet
facet normal 0.0 0.0 0.0
  outer loop
    vertex -77.91421508789062 59.999969482421875 4.000001907348633
    vertex -77.91422271728516 -31.726268768310547 4.000001907348633
    vertex -77.52513122558594 -31.72626495361328 4.000001907348633
  endloop
endfacet
facet normal 0.0 0.0 0.0
  outer loop
    vertex -77.91421508789062 59.999969482421875 4.000001907348633
    vertex -75.66647338867188 46.499977111816406 4.000001907348633
    vertex -75.6248550415039 46.84789276123047 4.000001907348633
  endloop
endfacet
facet normal 0.0 0.0 0.0
  outer loop
    vertex -77.91421508789062 59.999969482421875 4.000001907348633
    vertex -77.52513122558594 -31.72626495361328 4.000001907348633
    vertex -76.41422271728516 -31.72626495361328 4.000001907348633
  endloop
endfacet
facet normal 0.0 0.0 0.0
  outer loop
    vertex -77.91421508789062 59.999969482421875 4.000001907348633
    vertex -77.91421508789062 59.99972915649414 4.000001907348633
    vertex -77.91422271728516 -31.726268768310547 4.000001907348633
  endloop
endfacet
facet normal 0.0 0.0 0.0
  outer loop
    vertex -71.91423034667969 -47.40898895263672 4.000001907348633
    vertex -73.41272735595703 -46.499977111816406 4.000001907348633
    vertex -73.42056274414062 -46.566375732421875 4.000001907348633
  endloop
endfacet
facet normal 0.0 0.0 0.0
  outer loop
    vertex -73.46747589111328 -46.96397399902344 4.000001907348633
    vertex -71.91422271728516 -47.72126007080078 4.000001907348633
    vertex -71.91423034667969 -47.45418167114258 4.000001907348633
  endloop
endfacet
facet normal 0.0 0.0 0.0
  outer loop
    vertex -77.91421508789062 59.999969482421875 4.000001907348633
    vertex -74.80015563964844 47.94749069213867 4.000001907348633
    vertex -74.53921508789062 48.00297546386719 4.000001907348633
  endloop
endfacet
facet normal 0.0 0.0 0.0
  outer loop
    vertex -73.42056274414062 -46.566375732421875 4.000001907348633
    vertex -71.91423034667969 -47.45418167114258 4.000001907348633
    vertex -71.91423034667969 -47.40898895263672 4.000001907348633
  endloop
endfacet
facet normal 0.0 0.0 0.0
  outer loop
    vertex -71.91423034667969 -47.45418167114258 4.000001907348633
    vertex -73.42056274414062 -46.566375732421875 4.000001907348633
    vertex -73.46747589111328 -46.96397399902344 4.000001907348633
  endloop
endfacet
facet normal 0.0 0.0 0.0
  outer loop
    vertex -77.91421508789062 59.999969482421875 4.000001907348633
    vertex -75.6248550415039 46.84789276123047 4.000001907348633
    vertex -75.6109619140625 46.9639778137207 4.000001907348633
  endloop
endfacet
facet normal 0.0 0.0 0.0
  outer loop
    vertex -77.91421508789062 59.999969482421875 4.000001907348633
    vertex -74.53921508789062 48.00297546386719 4.000001907348633
    vertex -74.27828979492188 47.94749069213867 4.000001907348633
  endloop
endfacet
facet normal 0.0 0.0 0.0
  outer loop
    vertex -77.91421508789062 59.999969482421875 4.000001907348633
    vertex -71.91423034667969 52.345802307128906 4.000001907348633
    vertex -71.91423034667969 52.347415924072266 4.000001907348633
  endloop
endfacet
facet normal 0.0 0.0 0.0
  outer loop
    vertex -77.91421508789062 59.999969482421875 4.000001907348633
    vertex -74.19122314453125 47.928977966308594 4.000001907348633
    vertex -74.11259460449219 47.87568664550781 4.000001907348633
  endloop
endfacet
facet normal 0.0 0.0 0.0
  outer loop
    vertex -77.91421508789062 59.999969482421875 4.000001907348633
    vertex -71.91423034667969 58.38954162597656 4.000000953674316
    vertex -71.91423034667969 59.999969482421875 4.000001907348633
  endloop
endfacet
facet normal 0.0 0.0 0.0
  outer loop
    vertex -77.91421508789062 59.999969482421875 4.000001907348633
    vertex -71.91423034667969 58.387306213378906 4.000000953674316
    vertex -71.91423034667969 58.38954162597656 4.000000953674316
  endloop
endfacet
facet normal 0.0 0.0 0.0
  outer loop
    vertex -76.41422271728516 -48.999977111816406 4.000001907348633
    vertex -75.61097717285156 -46.96397399902344 4.000001907348633
    vertex -75.65853881835938 -46.566375732421875 4.000001907348633
  endloop
endfacet
facet normal 0.0 0.0 0.0
  outer loop
    vertex -77.91421508789062 59.999969482421875 4.000001907348633
    vertex -71.91423034667969 58.386932373046875 4.000000953674316
    vertex -71.91423034667969 58.387306213378906 4.000000953674316
  endloop
endfacet
facet normal 0.0 0.0 0.0
  outer loop
    vertex -77.91421508789062 59.999969482421875 4.000001907348633
    vertex -71.91423034667969 58.383705139160156 4.000000953674316
    vertex -71.91423034667969 58.386932373046875 4.000000953674316
  endloop
endfacet
facet normal 0.0 0.0 0.0
  outer loop
    vertex -77.91421508789062 59.999969482421875 4.000001907348633
    vertex -71.91423034667969 58.364227294921875 4.000000953674316
    vertex -71.91423034667969 58.383705139160156 4.000000953674316
  endloop
endfacet
facet normal 0.0 0.0 0.0
  outer loop
    vertex -77.91421508789062 59.999969482421875 4.000001907348633
    vertex -71.91423034667969 58.3293342590332 4.000000953674316
    vertex -71.91423034667969 58.364227294921875 4.000000953674316
  endloop
endfacet
facet normal 0.0 0.0 0.0
  outer loop
    vertex -77.91421508789062 59.999969482421875 4.000001907348633
    vertex -71.91423034667969 58.32423400878906 4.000000953674316
    vertex -71.91423034667969 58.3293342590332 4.000000953674316
  endloop
endfacet
facet normal 0.0 0.0 0.0
  outer loop
    vertex -77.91421508789062 59.999969482421875 4.000001907348633
    vertex -71.91423034667969 52.34746170043945 4.000001907348633
    vertex -71.91423034667969 58.32423400878906 4.000000953674316
  endloop
endfacet
facet normal 0.0 0.0 0.0
  outer loop
    vertex -77.91421508789062 59.999969482421875 4.000001907348633
    vertex -71.91423034667969 52.347415924072266 4.000001907348633
    vertex -71.91423034667969 52.34746170043945 4.000001907348633
  endloop
endfacet
facet normal 0.0 0.0 0.0
  outer loop
    vertex -71.91423034667969 52.345802307128906 4.000001907348633
    vertex -77.91421508789062 59.999969482421875 4.000001907348633
    vertex -73.46746826171875 46.9639778137207 4.000001907348633
  endloop
endfacet
facet normal 0.0 0.0 0.0
  outer loop
    vertex -73.46746826171875 46.9639778137207 4.000001907348633
    vertex -71.91423034667969 47.72126007080078 4.000001907348633
    vertex -71.91423034667969 52.345802307128906 4.000001907348633
  endloop
endfacet
facet normal 0.0 0.0 0.0
  outer loop
    vertex -77.91421508789062 59.999969482421875 4.000001907348633
    vertex -73.50743103027344 47.06880569458008 4.000001907348633
    vertex -73.46746826171875 46.9639778137207 4.000001907348633
  endloop
endfacet
facet normal 0.0 0.0 0.0
  outer loop
    vertex -77.91421508789062 59.999969482421875 4.000001907348633
    vertex -73.6272201538086 47.38297653198242 4.000001907348633
    vertex -73.50743103027344 47.06880569458008 4.000001907348633
  endloop
endfacet
facet normal 0.0 0.0 0.0
  outer loop
    vertex -77.91421508789062 59.999969482421875 4.000001907348633
    vertex -73.81448364257812 47.63266372680664 4.000001907348633
    vertex -73.6272201538086 47.38297653198242 4.000001907348633
  endloop
endfacet
facet normal 0.0 0.0 0.0
  outer loop
    vertex -77.91421508789062 59.999969482421875 4.000001907348633
    vertex -73.87696838378906 47.71597671508789 4.000001907348633
    vertex -73.81448364257812 47.63266372680664 4.000001907348633
  endloop
endfacet
facet normal 0.0 0.0 0.0
  outer loop
    vertex -77.91421508789062 59.999969482421875 4.000001907348633
    vertex -74.11259460449219 47.87568664550781 4.000001907348633
    vertex -73.87696838378906 47.71597671508789 4.000001907348633
  endloop
endfacet
facet normal 0.0 0.0 0.0
  outer loop
    vertex -77.91421508789062 59.999969482421875 4.000001907348633
    vertex -74.27828979492188 47.94749069213867 4.000001907348633
    vertex -74.19122314453125 47.928977966308594 4.000001907348633
  endloop
endfacet
facet normal 0.0 0.0 0.0
  outer loop
    vertex -76.41422271728516 -48.999977111816406 4.000001907348633
    vertex -75.47409057617188 -47.323020935058594 4.000001907348633
    vertex -75.61097717285156 -46.96397399902344 4.000001907348633
  endloop
endfacet
facet normal 0.0 0.0 0.0
  outer loop
    vertex -75.6109619140625 46.9639778137207 1.3306760787963867
    vertex -73.4127197265625 46.499977111816406 1.3306760787963867
    vertex -75.45121765136719 47.38297653198242 1.3306760787963867
  endloop
endfacet
facet normal 0.0 0.0 0.0
  outer loop
    vertex -76.41422271728516 -48.999977111816406 4.000001907348633
    vertex -75.41548156738281 -47.430633544921875 4.000001907348633
    vertex -75.45122528076172 -47.38298034667969 4.000001907348633
  endloop
endfacet
facet normal 0.0 0.0 0.0
  outer loop
    vertex -75.45121765136719 47.38297653198242 1.3306760787963867
    vertex -73.4127197265625 46.499977111816406 1.3306760787963867
    vertex -75.20146942138672 47.71597671508789 1.3306760787963867
  endloop
endfacet
facet normal 0.0 0.0 0.0
  outer loop
    vertex -75.20146942138672 47.71597671508789 1.3306760787963867
    vertex -73.4127197265625 46.499977111816406 1.3306760787963867
    vertex -74.88722229003906 47.928977966308594 1.3306760787963867
  endloop
endfacet
facet normal 0.0 0.0 0.0
  outer loop
    vertex -73.46746826171875 46.9639778137207 1.3306760787963867
    vertex -74.53921508789062 48.00297546386719 1.3306760787963867
    vertex -74.88722229003906 47.928977966308594 1.3306760787963867
  endloop
endfacet
facet normal 0.0 0.0 0.0
  outer loop
    vertex -73.46746826171875 46.9639778137207 1.3306760787963867
    vertex -74.19122314453125 47.928977966308594 1.3306760787963867
    vertex -74.53921508789062 48.00297546386719 1.3306760787963867
  endloop
endfacet
facet normal 0.0 0.0 0.0
  outer loop
    vertex -73.87696838378906 47.71597671508789 1.3306760787963867
    vertex -74.19122314453125 47.928977966308594 1.3306760787963867
    vertex -73.46746826171875 46.9639778137207 1.3306760787963867
  endloop
endfacet
facet normal 0.0 0.0 0.0
  outer loop
    vertex -73.6272201538086 47.38297653198242 1.3306760787963867
    vertex -73.87696838378906 47.71597671508789 1.3306760787963867
    vertex -73.46746826171875 46.9639778137207 1.3306760787963867
  endloop
endfacet
facet normal 0.0 0.0 0.0
  outer loop
    vertex -74.53921508789062 44.99797821044922 1.3306760787963867
    vertex -75.6109619140625 46.03597640991211 1.3306760787963867
    vertex -74.88722229003906 45.07097625732422 1.3306760787963867
  endloop
endfacet
facet normal 0.0 0.0 0.0
  outer loop
    vertex -75.20146942138672 45.28397750854492 1.3306760787963867
    vertex -74.88722229003906 45.07097625732422 1.3306760787963867
    vertex -75.45121765136719 45.61697769165039 1.3306760787963867
  endloop
endfacet
facet normal 0.0 0.0 0.0
  outer loop
    vertex -75.45121765136719 45.61697769165039 1.3306760787963867
    vertex -74.88722229003906 45.07097625732422 1.3306760787963867
    vertex -75.6109619140625 46.03597640991211 1.3306760787963867
  endloop
endfacet
facet normal 0.0 0.0 0.0
  outer loop
    vertex -74.53921508789062 44.99797821044922 1.3306760787963867
    vertex -75.66647338867188 46.499977111816406 1.3306760787963867
    vertex -75.6109619140625 46.03597640991211 1.3306760787963867
  endloop
endfacet
facet normal 0.0 0.0 0.0
  outer loop
    vertex -74.19122314453125 45.07097625732422 1.3306760787963867
    vertex -75.6109619140625 46.9639778137207 1.3306760787963867
    vertex -74.53921508789062 44.99797821044922 1.3306760787963867
  endloop
endfacet
facet normal 0.0 0.0 0.0
  outer loop
    vertex -73.46746826171875 46.9639778137207 1.3306760787963867
    vertex -74.88722229003906 47.928977966308594 1.3306760787963867
    vertex -73.4127197265625 46.499977111816406 1.3306760787963867
  endloop
endfacet
facet normal 0.0 0.0 0.0
  outer loop
    vertex -73.4127197265625 46.499977111816406 1.3306760787963867
    vertex -75.6109619140625 46.9639778137207 1.3306760787963867
    vertex -73.46746826171875 46.03597640991211 1.3306760787963867
  endloop
endfacet
facet normal 0.0 0.0 0.0
  outer loop
    vertex -73.87696838378906 45.28397750854492 1.3306760787963867
    vertex -75.6109619140625 46.9639778137207 1.3306760787963867
    vertex -74.19122314453125 45.07097625732422 1.3306760787963867
  endloop
endfacet
facet normal 0.0 0.0 0.0
  outer loop
    vertex -73.46746826171875 46.03597640991211 1.3306760787963867
    vertex -75.6109619140625 46.9639778137207 1.3306760787963867
    vertex -73.6272201538086 45.61697769165039 1.3306760787963867
  endloop
endfacet
facet normal 0.0 0.0 0.0
  outer loop
    vertex -73.45376586914062 46.84789276123047 4.000001907348633
    vertex -71.91423034667969 47.64390563964844 4.000001907348633
    vertex -71.91423034667969 47.72126007080078 4.000001907348633
  endloop
endfacet
facet normal 0.0 0.0 0.0
  outer loop
    vertex -73.6272201538086 45.61697769165039 1.3306760787963867
    vertex -75.6109619140625 46.9639778137207 1.3306760787963867
    vertex -73.87696838378906 45.28397750854492 1.3306760787963867
  endloop
endfacet
facet normal 0.0 0.0 0.0
  outer loop
    vertex -75.66647338867188 46.499977111816406 1.3306760787963867
    vertex -74.53921508789062 44.99797821044922 1.3306760787963867
    vertex -75.6109619140625 46.9639778137207 1.3306760787963867
  endloop
endfacet
facet normal 0.0 0.0 0.0
  outer loop
    vertex -76.41422271728516 -48.999977111816406 4.000001907348633
    vertex -75.45122528076172 -47.38298034667969 4.000001907348633
    vertex -75.47409057617188 -47.323020935058594 4.000001907348633
  endloop
endfacet
facet normal 0.0 0.0 0.0
  outer loop
    vertex -73.87698364257812 -47.715980529785156 4.000001907348633
    vertex -73.62722778320312 -47.38298034667969 4.000001907348633
    vertex -73.84123992919922 -47.66832733154297 4.000001907348633
  endloop
endfacet
facet normal 0.0 0.0 0.0
  outer loop
    vertex -75.66647338867188 -46.499977111816406 4.000001907348633
    vertex -75.652587890625 46.38389205932617 4.000001907348633
    vertex -75.66647338867188 46.499977111816406 4.000001907348633
  endloop
endfacet
facet normal 0.0 0.0 0.0
  outer loop
    vertex -76.41422271728516 -48.999977111816406 4.000001907348633
    vertex -75.20147705078125 -47.715980529785156 4.000001907348633
    vertex -75.41548156738281 -47.430633544921875 4.000001907348633
  endloop
endfacet
facet normal 0.0 0.0 0.0
  outer loop
    vertex -76.41422271728516 -48.999977111816406 4.000001907348633
    vertex -74.93219757080078 -47.89849853515625 4.000001907348633
    vertex -75.20147705078125 -47.715980529785156 4.000001907348633
  endloop
endfacet
facet normal 0.0 0.0 0.0
  outer loop
    vertex -76.41422271728516 -48.999977111816406 4.000001907348633
    vertex -74.8872299194336 -47.928977966308594 4.000001907348633
    vertex -74.93219757080078 -47.89849853515625 4.000001907348633
  endloop
endfacet
facet normal 0.0 0.0 0.0
  outer loop
    vertex -76.41422271728516 -48.999977111816406 4.000001907348633
    vertex -74.83743286132812 -47.93956756591797 4.000001907348633
    vertex -74.8872299194336 -47.928977966308594 4.000001907348633
  endloop
endfacet
facet normal 0.0 0.0 0.0
  outer loop
    vertex -76.41422271728516 -48.999977111816406 4.000001907348633
    vertex -74.53923034667969 -48.00297546386719 4.000001907348633
    vertex -74.83743286132812 -47.93956756591797 4.000001907348633
  endloop
endfacet
facet normal 0.0 0.0 0.0
  outer loop
    vertex -76.41422271728516 -48.999977111816406 4.000001907348633
    vertex -74.48942565917969 -47.99238586425781 4.000001907348633
    vertex -74.53923034667969 -48.00297546386719 4.000001907348633
  endloop
endfacet
facet normal 0.0 0.0 0.0
  outer loop
    vertex -76.41422271728516 -48.999977111816406 4.000001907348633
    vertex -74.19122314453125 -47.928977966308594 4.000001907348633
    vertex -74.48942565917969 -47.99238586425781 4.000001907348633
  endloop
endfacet
facet normal 0.0 0.0 0.0
  outer loop
    vertex -71.91422271728516 -48.426692962646484 4.000001907348633
    vertex -74.19122314453125 -47.928977966308594 4.000001907348633
    vertex -76.41422271728516 -48.999977111816406 4.000001907348633
  endloop
endfacet
facet normal 0.0 0.0 0.0
  outer loop
    vertex -76.41422271728516 -48.999977111816406 4.000001907348633
    vertex -71.91423034667969 -48.999977111816406 4.000001907348633
    vertex -71.91422271728516 -48.426692962646484 4.000001907348633
  endloop
endfacet
facet normal 0.0 0.0 0.0
  outer loop
    vertex -75.61097717285156 -46.035980224609375 4.000001907348633
    vertex -75.652587890625 46.38389205932617 4.000001907348633
    vertex -75.61891174316406 -46.102378845214844 4.000001907348633
  endloop
endfacet
facet normal 0.0 0.0 0.0
  outer loop
    vertex -75.61097717285156 -46.035980224609375 4.000001907348633
    vertex -75.6109619140625 46.03597640991211 4.000001907348633
    vertex -75.652587890625 46.38389205932617 4.000001907348633
  endloop
endfacet
facet normal 0.0 0.0 0.0
  outer loop
    vertex -75.61097717285156 -46.035980224609375 4.000001907348633
    vertex -75.4911880493164 45.721805572509766 4.000001907348633
    vertex -75.6109619140625 46.03597640991211 4.000001907348633
  endloop
endfacet
facet normal 0.0 0.0 0.0
  outer loop
    vertex -75.61097717285156 -46.035980224609375 4.000001907348633
    vertex -75.47409057617188 -45.676937103271484 4.000001907348633
    vertex -75.4911880493164 45.721805572509766 4.000001907348633
  endloop
endfacet
facet normal 0.0 0.0 0.0
  outer loop
    vertex -75.66647338867188 -46.499977111816406 4.000001907348633
    vertex -76.41422271728516 -48.999977111816406 4.000001907348633
    vertex -75.65853881835938 -46.566375732421875 4.000001907348633
  endloop
endfacet
facet normal 0.0 0.0 0.0
  outer loop
    vertex -75.66647338867188 -46.499977111816406 4.000001907348633
    vertex -76.41422271728516 -31.72626495361328 4.000001907348633
    vertex -76.41422271728516 -48.999977111816406 4.000001907348633
  endloop
endfacet
facet normal 0.0 0.0 0.0
  outer loop
    vertex -75.66647338867188 -46.499977111816406 4.000001907348633
    vertex -77.91421508789062 59.999969482421875 4.000001907348633
    vertex -76.41422271728516 -31.72626495361328 4.000001907348633
  endloop
endfacet
facet normal 0.0 0.0 0.0
  outer loop
    vertex -75.66647338867188 -46.499977111816406 4.000001907348633
    vertex -75.66647338867188 46.499977111816406 4.000001907348633
    vertex -77.91421508789062 59.999969482421875 4.000001907348633
  endloop
endfacet
facet normal 0.0 0.0 0.0
  outer loop
    vertex -75.66647338867188 -46.499977111816406 4.000001907348633
    vertex -75.61891174316406 -46.102378845214844 4.000001907348633
    vertex -75.652587890625 46.38389205932617 4.000001907348633
  endloop
endfacet
facet normal 0.0 0.0 0.0
  outer loop
    vertex -71.91423034667969 47.72126007080078 4.000001907348633
    vertex -73.46746826171875 46.9639778137207 4.000001907348633
    vertex -73.45376586914062 46.84789276123047 4.000001907348633
  endloop
endfacet
facet normal 0.0 0.0 0.0
  outer loop
    vertex -71.91423034667969 59.999969482421875 4.000001907348633
    vertex -71.91423034667969 59.999969482421875 1.1444091796875e-05
    vertex -71.91423034667969 59.999969482421875 0.5000095367431641
  endloop
endfacet
facet normal 0.0 0.0 0.0
  outer loop
    vertex -71.91423034667969 47.64390563964844 4.000001907348633
    vertex -73.45376586914062 46.84789276123047 4.000001907348633
    vertex -73.4127197265625 46.499977111816406 4.000001907348633
  endloop
endfacet
facet normal 0.0 0.0 0.0
  outer loop
    vertex -71.91423034667969 52.3475227355957 1.049041748046875e-05
    vertex -71.91423034667969 52.347415924072266 4.000001907348633
    vertex -71.91423034667969 52.345802307128906 4.000001907348633
  endloop
endfacet
facet normal 0.0 0.0 0.0
  outer loop
    vertex -71.91423034667969 52.3475227355957 1.049041748046875e-05
    vertex -71.91423034667969 52.34746170043945 4.000001907348633
    vertex -71.91423034667969 52.347415924072266 4.000001907348633
  endloop
endfacet
facet normal 0.0 0.0 0.0
  outer loop
    vertex -71.91423034667969 58.32423400878906 4.000000953674316
    vertex -71.91423034667969 58.324256896972656 1.049041748046875e-05
    vertex -71.91423034667969 58.3293342590332 4.000000953674316
  endloop
endfacet
facet normal 0.0 0.0 0.0
  outer loop
    vertex -71.91423034667969 58.32423400878906 4.000000953674316
    vertex -71.91423034667969 52.3475227355957 1.049041748046875e-05
    vertex -71.91423034667969 58.324256896972656 1.049041748046875e-05
  endloop
endfacet
facet normal 0.0 0.0 0.0
  outer loop
    vertex -71.91423034667969 58.32423400878906 4.000000953674316
    vertex -71.91423034667969 52.34746170043945 4.000001907348633
    vertex -71.91423034667969 52.3475227355957 1.049041748046875e-05
  endloop
endfacet
facet normal 0.0 0.0 0.0
  outer loop
    vertex -71.91423034667969 59.999969482421875 1.1444091796875e-05
    vertex -71.91423034667969 58.3293342590332 4.000000953674316
    vertex -71.91423034667969 58.324256896972656 1.049041748046875e-05
  endloop
endfacet
facet normal 0.0 0.0 0.0
  outer loop
    vertex -71.91423034667969 59.999969482421875 1.1444091796875e-05
    vertex -71.91423034667969 58.364227294921875 4.000000953674316
    vertex -71.91423034667969 58.3293342590332 4.000000953674316
  endloop
endfacet
facet normal 0.0 0.0 0.0
  outer loop
    vertex -71.91423034667969 59.999969482421875 1.1444091796875e-05
    vertex -71.91423034667969 58.383705139160156 4.000000953674316
    vertex -71.91423034667969 58.364227294921875 4.000000953674316
  endloop
endfacet
facet normal 0.0 0.0 0.0
  outer loop
    vertex -71.91423034667969 59.999969482421875 1.1444091796875e-05
    vertex -71.91423034667969 58.386932373046875 4.000000953674316
    vertex -71.91423034667969 58.383705139160156 4.000000953674316
  endloop
endfacet
facet normal 0.0 0.0 0.0
  outer loop
    vertex -71.91423034667969 59.999969482421875 1.1444091796875e-05
    vertex -71.91423034667969 58.387306213378906 4.000000953674316
    vertex -71.91423034667969 58.386932373046875 4.000000953674316
  endloop
endfacet
facet normal 0.0 0.0 0.0
  outer loop
    vertex -71.91423034667969 59.999969482421875 1.1444091796875e-05
    vertex -71.91423034667969 58.38954162597656 4.000000953674316
    vertex -71.91423034667969 58.387306213378906 4.000000953674316
  endloop
endfacet
facet normal 0.0 0.0 0.0
  outer loop
    vertex -71.91423034667969 59.999969482421875 4.000001907348633
    vertex -71.91423034667969 59.999969482421875 0.5000095367431641
    vertex -71.91423034667969 59.999969482421875 0.5000104904174805
  endloop
endfacet
facet normal 0.0 0.0 0.0
  outer loop
    vertex -71.91423034667969 59.999969482421875 4.000001907348633
    vertex -71.91423034667969 58.38954162597656 4.000000953674316
    vertex -71.91423034667969 59.999969482421875 1.1444091796875e-05
  endloop
endfacet
facet normal 0.0 0.0 0.0
  outer loop
    vertex -73.62722778320312 -47.38298034667969 4.000001907348633
    vertex -73.46747589111328 -46.96397399902344 4.000001907348633
    vertex -73.6043701171875 -47.323020935058594 4.000001907348633
  endloop
endfacet
facet normal 0.0 0.0 0.0
  outer loop
    vertex -71.91422271728516 -47.72126007080078 4.000001907348633
    vertex -73.46747589111328 -46.96397399902344 4.000001907348633
    vertex -73.62722778320312 -47.38298034667969 4.000001907348633
  endloop
endfacet
facet normal 0.0 0.0 0.0
  outer loop
    vertex -73.62722778320312 -47.38298034667969 4.000001907348633
    vertex -71.91422271728516 -48.0218391418457 4.000001907348633
    vertex -71.91422271728516 -47.72126007080078 4.000001907348633
  endloop
endfacet
facet normal 0.0 0.0 0.0
  outer loop
    vertex -71.91422271728516 -48.0218391418457 4.000001907348633
    vertex -73.62722778320312 -47.38298034667969 4.000001907348633
    vertex -73.87698364257812 -47.715980529785156 4.000001907348633
  endloop
endfacet
facet normal 0.0 0.0 0.0
  outer loop
    vertex -71.91423034667969 52.3475227355957 1.049041748046875e-05
    vertex -71.91423034667969 52.345802307128906 4.000001907348633
    vertex -71.91423034667969 47.72126007080078 4.000001907348633
  endloop
endfacet
facet normal 0.0 0.0 0.0
  outer loop
    vertex -73.87698364257812 -47.715980529785156 4.000001907348633
    vertex -71.91422271728516 -48.26557540893555 4.000001907348633
    vertex -71.91422271728516 -48.0218391418457 4.000001907348633
  endloop
endfacet
facet normal 0.0 0.0 0.0
  outer loop
    vertex -71.91423034667969 52.3475227355957 1.049041748046875e-05
    vertex -71.91423034667969 47.72126007080078 4.000001907348633
    vertex -71.91423034667969 47.64390563964844 4.000001907348633
  endloop
endfacet
facet normal 0.0 0.0 0.0
  outer loop
    vertex -71.91423034667969 52.3475227355957 1.049041748046875e-05
    vertex -71.91423034667969 47.40898513793945 4.000001907348633
    vertex -71.91422271728516 18.056640625 4.000002861022949
  endloop
endfacet
facet normal 0.0 0.0 0.0
  outer loop
    vertex -74.93219757080078 -47.89849853515625 4.000001907348633
    vertex -74.8872299194336 -47.928977966308594 2.6640024185180664
    vertex -75.20147705078125 -47.715980529785156 2.6640024185180664
  endloop
endfacet
facet normal 0.0 0.0 0.0
  outer loop
    vertex -71.91422271728516 -58.32433319091797 4.0
    vertex -71.91423034667969 -52.347877502441406 9.5367431640625e-07
    vertex -71.91422271728516 -52.347877502441406 4.0
  endloop
endfacet
facet normal 0.0 0.0 0.0
  outer loop
    vertex -71.91422271728516 -58.32433319091797 4.0
    vertex -71.91422271728516 -58.32433319091797 9.5367431640625e-07
    vertex -71.91423034667969 -52.347877502441406 9.5367431640625e-07
  endloop
endfacet
facet normal 0.0 0.0 0.0
  outer loop
    vertex -71.91422271728516 -58.32433319091797 4.0
    vertex -71.91422271728516 -59.999969482421875 3.9999990463256836
    vertex -71.91422271728516 -58.32433319091797 9.5367431640625e-07
  endloop
endfacet
facet normal 0.0 0.0 0.0
  outer loop
    vertex -71.91422271728516 15.847611427307129 6.67572021484375e-06
    vertex -71.91422271728516 -52.347877502441406 4.0
    vertex -71.91423034667969 -52.347877502441406 9.5367431640625e-07
  endloop
endfacet
facet normal 0.0 0.0 0.0
  outer loop
    vertex -71.91422271728516 15.847611427307129 6.67572021484375e-06
    vertex -71.91423034667969 -49.00187301635742 4.000000953674316
    vertex -71.91422271728516 -52.347877502441406 4.0
  endloop
endfacet
facet normal 0.0 0.0 0.0
  outer loop
    vertex -71.91422271728516 15.847611427307129 6.67572021484375e-06
    vertex -71.91423034667969 -48.999977111816406 4.000000953674316
    vertex -71.91423034667969 -49.00187301635742 4.000000953674316
  endloop
endfacet
facet normal 0.0 0.0 0.0
  outer loop
    vertex -71.91422271728516 15.847611427307129 6.67572021484375e-06
    vertex -71.91423034667969 -48.999977111816406 4.000001907348633
    vertex -71.91423034667969 -48.999977111816406 4.000000953674316
  endloop
endfacet
facet normal 0.0 0.0 0.0
  outer loop
    vertex -71.91422271728516 15.847611427307129 6.67572021484375e-06
    vertex -71.91422271728516 -48.426692962646484 4.000001907348633
    vertex -71.91423034667969 -48.999977111816406 4.000001907348633
  endloop
endfacet
facet normal 0.0 0.0 0.0
  outer loop
    vertex -71.91422271728516 15.847611427307129 6.67572021484375e-06
    vertex -71.91422271728516 -48.26557540893555 4.000001907348633
    vertex -71.91422271728516 -48.426692962646484 4.000001907348633
  endloop
endfacet
facet normal 0.0 0.0 0.0
  outer loop
    vertex -71.91422271728516 15.847611427307129 6.67572021484375e-06
    vertex -71.91422271728516 -48.0218391418457 4.000001907348633
    vertex -71.91422271728516 -48.26557540893555 4.000001907348633
  endloop
endfacet
facet normal 0.0 0.0 0.0
  outer loop
    vertex -71.91422271728516 15.847611427307129 6.67572021484375e-06
    vertex -71.91422271728516 -47.72126007080078 4.000001907348633
    vertex -71.91422271728516 -48.0218391418457 4.000001907348633
  endloop
endfacet
facet normal 0.0 0.0 0.0
  outer loop
    vertex -71.91422271728516 15.847611427307129 6.67572021484375e-06
    vertex -71.91423034667969 -47.45418167114258 4.000001907348633
    vertex -71.91422271728516 -47.72126007080078 4.000001907348633
  endloop
endfacet
facet normal 0.0 0.0 0.0
  outer loop
    vertex -71.91422271728516 15.847611427307129 6.67572021484375e-06
    vertex -71.91423034667969 -47.40898895263672 4.000001907348633
    vertex -71.91423034667969 -47.45418167114258 4.000001907348633
  endloop
endfacet
facet normal 0.0 0.0 0.0
  outer loop
    vertex -71.91422271728516 15.847611427307129 6.67572021484375e-06
    vertex -71.91422271728516 11.775851249694824 4.000001907348633
    vertex -71.91423034667969 -47.40898895263672 4.000001907348633
  endloop
endfacet
facet normal 0.0 0.0 0.0
  outer loop
    vertex -71.91422271728516 15.847611427307129 6.67572021484375e-06
    vertex -71.91422271728516 18.056640625 4.000002861022949
    vertex -71.91422271728516 11.775851249694824 4.000001907348633
  endloop
endfacet
facet normal 0.0 0.0 0.0
  outer loop
    vertex -71.91423034667969 52.3475227355957 1.049041748046875e-05
    vertex -71.91422271728516 18.056640625 4.000002861022949
    vertex -71.91422271728516 15.847611427307129 6.67572021484375e-06
  endloop
endfacet
facet normal 0.0 0.0 0.0
  outer loop
    vertex -71.91423034667969 52.3475227355957 1.049041748046875e-05
    vertex -71.91423034667969 47.64390563964844 4.000001907348633
    vertex -71.91423034667969 47.40898513793945 4.000001907348633
  endloop
endfacet
facet normal 0.0 0.0 0.0
  outer loop
    vertex -73.4127197265625 46.499977111816406 4.000001907348633
    vertex -71.91423034667969 47.40898513793945 4.000001907348633
    vertex -71.91423034667969 47.64390563964844 4.000001907348633
  endloop
endfacet
facet normal 0.0 0.0 0.0
  outer loop
    vertex -71.91422271728516 -48.26557540893555 4.000001907348633
    vertex -73.87698364257812 -47.715980529785156 4.000001907348633
    vertex -74.19122314453125 -47.928977966308594 4.000001907348633
  endloop
endfacet
facet normal 0.0 0.0 0.0
  outer loop
    vertex -73.92195129394531 -47.7464599609375 4.000001907348633
    vertex -74.19122314453125 -47.928977966308594 4.000001907348633
    vertex -73.87698364257812 -47.715980529785156 4.000001907348633
  endloop
endfacet
facet normal 0.0 0.0 0.0
  outer loop
    vertex -74.83743286132812 -45.06053161621094 4.000001907348633
    vertex -74.88722229003906 45.07097625732422 4.000001907348633
    vertex -74.8872299194336 -45.07097625732422 4.000001907348633
  endloop
endfacet
facet normal 0.0 0.0 0.0
  outer loop
    vertex -74.83743286132812 -45.06053161621094 4.000001907348633
    vertex -74.62628173828125 45.01624298095703 4.000001907348633
    vertex -74.88722229003906 45.07097625732422 4.000001907348633
  endloop
endfacet
facet normal 0.0 0.0 0.0
  outer loop
    vertex -74.53923034667969 -44.99797821044922 4.000001907348633
    vertex -74.62628173828125 45.01624298095703 4.000001907348633
    vertex -74.83743286132812 -45.06053161621094 4.000001907348633
  endloop
endfacet
facet normal 0.0 0.0 0.0
  outer loop
    vertex -74.53923034667969 -44.99797821044922 4.000001907348633
    vertex -74.53921508789062 44.99797821044922 4.000001907348633
    vertex -74.62628173828125 45.01624298095703 4.000001907348633
  endloop
endfacet
facet normal 0.0 0.0 0.0
  outer loop
    vertex -74.48942565917969 -45.0084228515625 4.000001907348633
    vertex -74.53921508789062 44.99797821044922 4.000001907348633
    vertex -74.53923034667969 -44.99797821044922 4.000001907348633
  endloop
endfacet
facet normal 0.0 0.0 0.0
  outer loop
    vertex -74.48942565917969 -45.0084228515625 4.000001907348633
    vertex -74.27828979492188 45.052711486816406 4.000001907348633
    vertex -74.53921508789062 44.99797821044922 4.000001907348633
  endloop
endfacet
facet normal 0.0 0.0 0.0
  outer loop
    vertex -74.19122314453125 -45.07097625732422 4.000001907348633
    vertex -74.27828979492188 45.052711486816406 4.000001907348633
    vertex -74.48942565917969 -45.0084228515625 4.000001907348633
  endloop
endfacet
facet normal 0.0 0.0 0.0
  outer loop
    vertex -74.19122314453125 -45.07097625732422 4.000001907348633
    vertex -74.19122314453125 45.07097625732422 4.000001907348633
    vertex -74.27828979492188 45.052711486816406 4.000001907348633
  endloop
endfacet
facet normal 0.0 0.0 0.0
  outer loop
    vertex -73.95559692382812 45.23068618774414 4.000001907348633
    vertex -74.19122314453125 45.07097625732422 4.000001907348633
    vertex -74.19122314453125 -45.07097625732422 4.000001907348633
  endloop
endfacet
facet normal 0.0 0.0 0.0
  outer loop
    vertex -75.45122528076172 -45.61697769165039 4.000001907348633
    vertex -75.4911880493164 45.721805572509766 4.000001907348633
    vertex -75.47409057617188 -45.676937103271484 4.000001907348633
  endloop
endfacet
facet normal 0.0 0.0 0.0
  outer loop
    vertex -75.45122528076172 -45.61697769165039 4.000001907348633
    vertex -75.45121765136719 45.61697769165039 4.000001907348633
    vertex -75.4911880493164 45.721805572509766 4.000001907348633
  endloop
endfacet
facet normal 0.0 0.0 0.0
  outer loop
    vertex -75.41548156738281 -45.5693244934082 4.000001907348633
    vertex -75.45121765136719 45.61697769165039 4.000001907348633
    vertex -75.45122528076172 -45.61697769165039 4.000001907348633
  endloop
endfacet
facet normal 0.0 0.0 0.0
  outer loop
    vertex -75.41548156738281 -45.5693244934082 4.000001907348633
    vertex -75.38873291015625 45.53366470336914 4.000001907348633
    vertex -75.45121765136719 45.61697769165039 4.000001907348633
  endloop
endfacet
facet normal 0.0 0.0 0.0
  outer loop
    vertex -75.20147705078125 -45.28397750854492 4.000001907348633
    vertex -75.38873291015625 45.53366470336914 4.000001907348633
    vertex -75.41548156738281 -45.5693244934082 4.000001907348633
  endloop
endfacet
facet normal 0.0 0.0 0.0
  outer loop
    vertex -75.20147705078125 -45.28397750854492 4.000001907348633
    vertex -75.20146942138672 45.28397750854492 4.000001907348633
    vertex -75.38873291015625 45.53366470336914 4.000001907348633
  endloop
endfacet
facet normal 0.0 0.0 0.0
  outer loop
    vertex -75.12284851074219 45.23068618774414 4.000001907348633
    vertex -75.20146942138672 45.28397750854492 4.000001907348633
    vertex -75.20147705078125 -45.28397750854492 4.000001907348633
  endloop
endfacet
facet normal 0.0 0.0 0.0
  outer loop
    vertex -73.4127197265625 46.499977111816406 4.000001907348633
    vertex -71.91422271728516 18.056640625 4.000002861022949
    vertex -71.91423034667969 47.40898513793945 4.000001907348633
  endloop
endfacet
facet normal 0.0 0.0 0.0
  outer loop
    vertex -74.8872299194336 -45.07097625732422 4.000001907348633
    vertex -74.88722229003906 45.07097625732422 4.000001907348633
    vertex -75.12284851074219 45.23068618774414 4.000001907348633
  endloop
endfacet
facet normal 0.0 0.0 0.0
  outer loop
    vertex -74.19122314453125 -47.928977966308594 4.000001907348633
    vertex -71.91422271728516 -48.426692962646484 4.000001907348633
    vertex -71.91422271728516 -48.26557540893555 4.000001907348633
  endloop
endfacet
facet normal 0.0 0.0 0.0
  outer loop
    vertex -74.8872299194336 -45.07097625732422 4.000001907348633
    vertex -75.12284851074219 45.23068618774414 4.000001907348633
    vertex -74.93219757080078 -45.10145568847656 4.000001907348633
  endloop
endfacet
facet normal 0.0 0.0 0.0
  outer loop
    vertex -73.58724975585938 45.721805572509766 4.000001907348633
    vertex -73.6272201538086 45.61697769165039 4.000001907348633
    vertex -73.62722778320312 -45.61697769165039 4.000001907348633
  endloop
endfacet
facet normal 0.0 0.0 0.0
  outer loop
    vertex -73.4127197265625 46.499977111816406 4.000001907348633
    vertex -71.91422271728516 11.775851249694824 4.000001907348633
    vertex -71.91422271728516 18.056640625 4.000002861022949
  endloop
endfacet
facet normal 0.0 0.0 0.0
  outer loop
    vertex -71.91422271728516 11.775851249694824 4.000001907348633
    vertex -73.4127197265625 46.499977111816406 4.000001907348633
    vertex -73.41272735595703 -46.499977111816406 4.000001907348633
  endloop
endfacet
facet normal 0.0 0.0 0.0
  outer loop
    vertex -73.41272735595703 -46.499977111816406 4.000001907348633
    vertex -71.91423034667969 -47.40898895263672 4.000001907348633
    vertex -71.91422271728516 11.775851249694824 4.000001907348633
  endloop
endfacet
facet normal 0.0 0.0 0.0
  outer loop
    vertex -73.45376586914062 46.152061462402344 4.000001907348633
    vertex -73.41272735595703 -46.499977111816406 4.000001907348633
    vertex -73.4127197265625 46.499977111816406 4.000001907348633
  endloop
endfacet
facet normal 0.0 0.0 0.0
  outer loop
    vertex -73.45376586914062 46.152061462402344 4.000001907348633
    vertex -73.42056274414062 -46.43357849121094 4.000001907348633
    vertex -73.41272735595703 -46.499977111816406 4.000001907348633
  endloop
endfacet
facet normal 0.0 0.0 0.0
  outer loop
    vertex -73.46747589111328 -46.035980224609375 4.000001907348633
    vertex -73.42056274414062 -46.43357849121094 4.000001907348633
    vertex -73.45376586914062 46.152061462402344 4.000001907348633
  endloop
endfacet
facet normal 0.0 0.0 0.0
  outer loop
    vertex -73.4903335571289 -45.97602081298828 4.000001907348633
    vertex -73.58724975585938 45.721805572509766 4.000001907348633
    vertex -73.62722778320312 -45.61697769165039 4.000001907348633
  endloop
endfacet
facet normal 0.0 0.0 0.0
  outer loop
    vertex -73.46747589111328 -46.035980224609375 4.000001907348633
    vertex -73.58724975585938 45.721805572509766 4.000001907348633
    vertex -73.4903335571289 -45.97602081298828 4.000001907348633
  endloop
endfacet
facet normal 0.0 0.0 0.0
  outer loop
    vertex -73.46747589111328 -46.035980224609375 4.000001907348633
    vertex -73.46746826171875 46.03597640991211 4.000001907348633
    vertex -73.58724975585938 45.721805572509766 4.000001907348633
  endloop
endfacet
facet normal 0.0 0.0 0.0
  outer loop
    vertex -73.45376586914062 46.152061462402344 4.000001907348633
    vertex -73.46746826171875 46.03597640991211 4.000001907348633
    vertex -73.46747589111328 -46.035980224609375 4.000001907348633
  endloop
endfacet
facet normal 0.0 0.0 0.0
  outer loop
    vertex -73.92195129394531 -45.25349807739258 4.000001907348633
    vertex -73.95559692382812 45.23068618774414 4.000001907348633
    vertex -74.19122314453125 -45.07097625732422 4.000001907348633
  endloop
endfacet
facet normal 0.0 0.0 0.0
  outer loop
    vertex -73.87698364257812 -45.28397750854492 4.000001907348633
    vertex -73.95559692382812 45.23068618774414 4.000001907348633
    vertex -73.92195129394531 -45.25349807739258 4.000001907348633
  endloop
endfacet
facet normal 0.0 0.0 0.0
  outer loop
    vertex -73.87698364257812 -45.28397750854492 4.000001907348633
    vertex -73.87696838378906 45.28397750854492 4.000001907348633
    vertex -73.95559692382812 45.23068618774414 4.000001907348633
  endloop
endfacet
facet normal 0.0 0.0 0.0
  outer loop
    vertex -73.84123992919922 -45.33163070678711 4.000001907348633
    vertex -73.87696838378906 45.28397750854492 4.000001907348633
    vertex -73.87698364257812 -45.28397750854492 4.000001907348633
  endloop
endfacet
facet normal 0.0 0.0 0.0
  outer loop
    vertex -73.84123992919922 -45.33163070678711 4.000001907348633
    vertex -73.81448364257812 45.36729049682617 4.000001907348633
    vertex -73.87696838378906 45.28397750854492 4.000001907348633
  endloop
endfacet
facet normal 0.0 0.0 0.0
  outer loop
    vertex -73.62722778320312 -45.61697769165039 4.000001907348633
    vertex -73.81448364257812 45.36729049682617 4.000001907348633
    vertex -73.84123992919922 -45.33163070678711 4.000001907348633
  endloop
endfacet
facet normal 0.0 0.0 0.0
  outer loop
    vertex -73.62722778320312 -45.61697769165039 4.000001907348633
    vertex -73.6272201538086 45.61697769165039 4.000001907348633
    vertex -73.81448364257812 45.36729049682617 4.000001907348633
  endloop
endfacet
facet normal 0.0 0.0 0.0
  outer loop
    vertex -74.93219757080078 -45.10145568847656 4.000001907348633
    vertex -75.12284851074219 45.23068618774414 4.000001907348633
    vertex -75.20147705078125 -45.28397750854492 4.000001907348633
  endloop
endfacet
facet normal 0.0 0.0 0.0
  outer loop
    vertex -75.20147705078125 -47.715980529785156 2.6640024185180664
    vertex -75.20147705078125 -47.715980529785156 4.000001907348633
    vertex -74.93219757080078 -47.89849853515625 4.000001907348633
  endloop
endfacet
facet normal 0.0 0.0 0.0
  outer loop
    vertex -75.20146942138672 47.71597671508789 1.3306760787963867
    vertex -75.20146942138672 47.71597671508789 4.000001907348633
    vertex -75.26395416259766 47.63266372680664 4.000001907348633
  endloop
endfacet
facet normal 0.0 0.0 0.0
  outer loop
    vertex -75.45122528076172 -47.38298034667969 2.6640024185180664
    vertex -75.41548156738281 -47.430633544921875 4.000001907348633
    vertex -75.20147705078125 -47.715980529785156 4.000001907348633
  endloop
endfacet
facet normal 0.0 0.0 0.0
  outer loop
    vertex -75.45121765136719 47.38297653198242 1.3306760787963867
    vertex -75.45121765136719 47.38297653198242 4.000001907348633
    vertex -75.57099914550781 47.06880569458008 4.000001907348633
  endloop
endfacet
facet normal 0.0 0.0 0.0
  outer loop
    vertex -75.20146942138672 45.28397750854492 4.000001907348633
    vertex -75.20146942138672 45.28397750854492 1.3306760787963867
    vertex -75.45121765136719 45.61697769165039 1.3306760787963867
  endloop
endfacet
facet normal 0.0 0.0 0.0
  outer loop
    vertex -75.45121765136719 45.61697769165039 1.3306760787963867
    vertex -75.38873291015625 45.53366470336914 4.000001907348633
    vertex -75.20146942138672 45.28397750854492 4.000001907348633
  endloop
endfacet
facet normal 0.0 0.0 0.0
  outer loop
    vertex -74.8872299194336 -45.07097625732422 2.6640024185180664
    vertex -74.8872299194336 -45.07097625732422 4.000001907348633
    vertex -74.93219757080078 -45.10145568847656 4.000001907348633
  endloop
endfacet
facet normal 0.0 0.0 0.0
  outer loop
    vertex -74.8872299194336 -45.07097625732422 2.6640024185180664
    vertex -74.83743286132812 -45.06053161621094 4.000001907348633
    vertex -74.8872299194336 -45.07097625732422 4.000001907348633
  endloop
endfacet
facet normal 0.0 0.0 0.0
  outer loop
    vertex -74.53923034667969 -44.99797821044922 2.6640024185180664
    vertex -74.48942565917969 -45.0084228515625 4.000001907348633
    vertex -74.53923034667969 -44.99797821044922 4.000001907348633
  endloop
endfacet
facet normal 0.0 0.0 0.0
  outer loop
    vertex -75.45122528076172 -45.61697769165039 2.6640024185180664
    vertex -75.61097717285156 -46.96397399902344 2.6640024185180664
    vertex -75.45122528076172 -47.38298034667969 2.6640024185180664
  endloop
endfacet
facet normal 0.0 0.0 0.0
  outer loop
    vertex -75.57099914550781 47.06880569458008 4.000001907348633
    vertex -75.6109619140625 46.9639778137207 1.3306760787963867
    vertex -75.45121765136719 47.38297653198242 1.3306760787963867
  endloop
endfacet
facet normal 0.0 0.0 0.0
  outer loop
    vertex -75.45122528076172 -45.61697769165039 2.6640024185180664
    vertex -75.61097717285156 -46.035980224609375 2.6640024185180664
    vertex -75.61097717285156 -46.96397399902344 2.6640024185180664
  endloop
endfacet
facet normal 0.0 0.0 0.0
  outer loop
    vertex -71.91422271728516 15.847611427307129 6.67572021484375e-06
    vertex -77.91422271728516 -59.999969482421875 0.0
    vertex -77.91421508789062 59.999969482421875 1.1444091796875e-05
  endloop
endfacet
facet normal 0.0 0.0 0.0
  outer loop
    vertex -77.91421508789062 59.999969482421875 1.1444091796875e-05
    vertex -71.91423034667969 52.3475227355957 1.049041748046875e-05
    vertex -71.91422271728516 15.847611427307129 6.67572021484375e-06
  endloop
endfacet
facet normal 0.0 0.0 0.0
  outer loop
    vertex -77.91422271728516 -59.999969482421875 0.0
    vertex -71.91422271728516 15.847611427307129 6.67572021484375e-06
    vertex -71.91423034667969 -52.347877502441406 9.5367431640625e-07
  endloop
endfacet
facet normal 0.0 0.0 0.0
  outer loop
    vertex -75.20147705078125 -47.715980529785156 2.6640024185180664
    vertex -74.8872299194336 -47.928977966308594 2.6640024185180664
    vertex -75.45122528076172 -45.61697769165039 2.6640024185180664
  endloop
endfacet
facet normal 0.0 0.0 0.0
  outer loop
    vertex -75.45122528076172 -47.38298034667969 2.6640024185180664
    vertex -75.20147705078125 -47.715980529785156 2.6640024185180664
    vertex -75.45122528076172 -45.61697769165039 2.6640024185180664
  endloop
endfacet
facet normal 0.0 0.0 0.0
  outer loop
    vertex -75.45122528076172 -45.61697769165039 2.6640024185180664
    vertex -74.19122314453125 -47.928977966308594 2.6640024185180664
    vertex -75.20147705078125 -45.28397750854492 2.6640024185180664
  endloop
endfacet
facet normal 0.0 0.0 0.0
  outer loop
    vertex -75.20147705078125 -45.28397750854492 2.6640024185180664
    vertex -74.19122314453125 -47.928977966308594 2.6640024185180664
    vertex -74.8872299194336 -45.07097625732422 2.6640024185180664
  endloop
endfacet
facet normal 0.0 0.0 0.0
  outer loop
    vertex -75.66647338867188 -46.499977111816406 2.6640024185180664
    vertex -75.61097717285156 -46.96397399902344 2.6640024185180664
    vertex -75.61097717285156 -46.035980224609375 2.6640024185180664
  endloop
endfacet
facet normal 0.0 0.0 0.0
  outer loop
    vertex -75.6109619140625 46.9639778137207 1.3306760787963867
    vertex -75.6109619140625 46.9639778137207 4.000001907348633
    vertex -75.6248550415039 46.84789276123047 4.000001907348633
  endloop
endfacet
facet normal 0.0 0.0 0.0
  outer loop
    vertex -75.45122528076172 -45.61697769165039 2.6640024185180664
    vertex -75.41548156738281 -45.5693244934082 4.000001907348633
    vertex -75.45122528076172 -45.61697769165039 4.000001907348633
  endloop
endfacet
facet normal 0.0 0.0 0.0
  outer loop
    vertex -75.20147705078125 -45.28397750854492 2.6640024185180664
    vertex -75.20147705078125 -45.28397750854492 4.000001907348633
    vertex -75.41548156738281 -45.5693244934082 4.000001907348633
  endloop
endfacet
facet normal 0.0 0.0 0.0
  outer loop
    vertex -73.6272201538086 45.61697769165039 1.3306760787963867
    vertex -73.58724975585938 45.721805572509766 4.000001907348633
    vertex -73.46746826171875 46.03597640991211 4.000001907348633
  endloop
endfacet
facet normal 0.0 0.0 0.0
  outer loop
    vertex -73.6272201538086 45.61697769165039 1.3306760787963867
    vertex -73.6272201538086 45.61697769165039 4.000001907348633
    vertex -73.58724975585938 45.721805572509766 4.000001907348633
  endloop
endfacet
facet normal 0.0 0.0 0.0
  outer loop
    vertex -73.87696838378906 45.28397750854492 1.3306760787963867
    vertex -73.87696838378906 45.28397750854492 4.000001907348633
    vertex -73.81448364257812 45.36729049682617 4.000001907348633
  endloop
endfacet
facet normal 0.0 0.0 0.0
  outer loop
    vertex -73.6272201538086 45.61697769165039 4.000001907348633
    vertex -73.6272201538086 45.61697769165039 1.3306760787963867
    vertex -73.87696838378906 45.28397750854492 1.3306760787963867
  endloop
endfacet
facet normal 0.0 0.0 0.0
  outer loop
    vertex -73.87696838378906 45.28397750854492 1.3306760787963867
    vertex -73.81448364257812 45.36729049682617 4.000001907348633
    vertex -73.6272201538086 45.61697769165039 4.000001907348633
  endloop
endfacet
facet normal 0.0 0.0 0.0
  outer loop
    vertex -73.95559692382812 45.23068618774414 4.000001907348633
    vertex -73.87696838378906 45.28397750854492 1.3306760787963867
    vertex -74.19122314453125 45.07097625732422 1.3306760787963867
  endloop
endfacet
facet normal 0.0 0.0 0.0
  outer loop
    vertex -74.19122314453125 45.07097625732422 1.3306760787963867
    vertex -74.19122314453125 45.07097625732422 4.000001907348633
    vertex -73.95559692382812 45.23068618774414 4.000001907348633
  endloop
endfacet
facet normal 0.0 0.0 0.0
  outer loop
    vertex -73.87696838378906 45.28397750854492 1.3306760787963867
    vertex -73.95559692382812 45.23068618774414 4.000001907348633
    vertex -73.87696838378906 45.28397750854492 4.000001907348633
  endloop
endfacet
facet normal 0.0 0.0 0.0
  outer loop
    vertex -74.27828979492188 45.052711486816406 4.000001907348633
    vertex -74.19122314453125 45.07097625732422 1.3306760787963867
    vertex -74.53921508789062 44.99797821044922 1.3306760787963867
  endloop
endfacet
facet normal 0.0 0.0 0.0
  outer loop
    vertex -74.53921508789062 44.99797821044922 1.3306760787963867
    vertex -74.53921508789062 44.99797821044922 4.000001907348633
    vertex -74.27828979492188 45.052711486816406 4.000001907348633
  endloop
endfacet
facet normal 0.0 0.0 0.0
  outer loop
    vertex -74.19122314453125 45.07097625732422 1.3306760787963867
    vertex -74.27828979492188 45.052711486816406 4.000001907348633
    vertex -74.19122314453125 45.07097625732422 4.000001907348633
  endloop
endfacet
facet normal 0.0 0.0 0.0
  outer loop
    vertex -75.6109619140625 46.9639778137207 1.3306760787963867
    vertex -75.57099914550781 47.06880569458008 4.000001907348633
    vertex -75.6109619140625 46.9639778137207 4.000001907348633
  endloop
endfacet
facet normal 0.0 0.0 0.0
  outer loop
    vertex -71.91422271728516 -59.999969482421875 0.4999990463256836
    vertex -71.91422271728516 -59.999969482421875 0.0
    vertex -71.91422271728516 -58.32433319091797 9.5367431640625e-07
  endloop
endfacet
facet normal 0.0 0.0 0.0
  outer loop
    vertex -75.20146942138672 47.71597671508789 1.3306760787963867
    vertex -75.12284851074219 47.76926803588867 4.000001907348633
    vertex -75.20146942138672 47.71597671508789 4.000001907348633
  endloop
endfacet
facet normal 0.0 0.0 0.0
  outer loop
    vertex -74.88722229003906 47.928977966308594 1.3306760787963867
    vertex -74.80015563964844 47.94749069213867 4.000001907348633
    vertex -74.88722229003906 47.928977966308594 4.000001907348633
  endloop
endfacet
facet normal 0.0 0.0 0.0
  outer loop
    vertex -75.45122528076172 -45.61697769165039 2.6640024185180664
    vertex -75.45122528076172 -45.61697769165039 4.000001907348633
    vertex -75.47409057617188 -45.676937103271484 4.000001907348633
  endloop
endfacet
facet normal 0.0 0.0 0.0
  outer loop
    vertex -75.41548156738281 -45.5693244934082 4.000001907348633
    vertex -75.45122528076172 -45.61697769165039 2.6640024185180664
    vertex -75.20147705078125 -45.28397750854492 2.6640024185180664
  endloop
endfacet
facet normal 0.0 0.0 0.0
  outer loop
    vertex -74.8872299194336 -45.07097625732422 2.6640024185180664
    vertex -74.19122314453125 -47.928977966308594 2.6640024185180664
    vertex -74.53923034667969 -44.99797821044922 2.6640024185180664
  endloop
endfacet
facet normal 0.0 0.0 0.0
  outer loop
    vertex -73.87698364257812 -47.715980529785156 2.6640024185180664
    vertex -74.19122314453125 -45.07097625732422 2.6640024185180664
    vertex -74.53923034667969 -44.99797821044922 2.6640024185180664
  endloop
endfacet
facet normal 0.0 0.0 0.0
  outer loop
    vertex -73.87698364257812 -47.715980529785156 2.6640024185180664
    vertex -73.87698364257812 -45.28397750854492 2.6640024185180664
    vertex -74.19122314453125 -45.07097625732422 2.6640024185180664
  endloop
endfacet
facet normal 0.0 0.0 0.0
  outer loop
    vertex -73.87698364257812 -47.715980529785156 2.6640024185180664
    vertex -73.62722778320312 -45.61697769165039 2.6640024185180664
    vertex -73.87698364257812 -45.28397750854492 2.6640024185180664
  endloop
endfacet
facet normal 0.0 0.0 0.0
  outer loop
    vertex -71.91423034667969 59.999969482421875 0.5000104904174805
    vertex -77.91421508789062 59.999969482421875 1.1444091796875e-05
    vertex -77.91421508789062 59.999969482421875 4.000001907348633
  endloop
endfacet
facet normal 0.0 0.0 0.0
  outer loop
    vertex -77.91421508789062 59.999969482421875 4.000001907348633
    vertex -71.91423034667969 59.999969482421875 4.000001907348633
    vertex -71.91423034667969 59.999969482421875 0.5000104904174805
  endloop
endfacet
facet normal 0.0 0.0 0.0
  outer loop
    vertex -71.91423034667969 -48.999977111816406 4.000001907348633
    vertex -76.41422271728516 -48.999977111816406 4.000001907348633
    vertex -76.41422271728516 -48.999977111816406 4.000000953674316
  endloop
endfacet
facet normal 0.0 0.0 0.0
  outer loop
    vertex -76.41422271728516 -48.999977111816406 4.000000953674316
    vertex -71.91423034667969 -48.999977111816406 4.000000953674316
    vertex -71.91423034667969 -48.999977111816406 4.000001907348633
  endloop
endfacet
facet normal 0.0 0.0 0.0
  outer loop
    vertex -71.91423034667969 -49.00187301635742 4.000000953674316
    vertex -76.41422271728516 -48.999977111816406 4.000000953674316
    vertex -77.91422271728516 -59.999969482421875 3.9999990463256836
  endloop
endfacet
facet normal 0.0 0.0 0.0
  outer loop
    vertex -77.91422271728516 -59.999969482421875 3.9999990463256836
    vertex -71.91422271728516 -52.347877502441406 4.0
    vertex -71.91423034667969 -49.00187301635742 4.000000953674316
  endloop
endfacet
facet normal 0.0 0.0 0.0
  outer loop
    vertex -76.41422271728516 -48.999977111816406 4.000000953674316
    vertex -71.91423034667969 -49.00187301635742 4.000000953674316
    vertex -71.91423034667969 -48.999977111816406 4.000000953674316
  endloop
endfacet
facet normal 0.0 0.0 0.0
  outer loop
    vertex -77.91422271728516 -59.999969482421875 3.9999990463256836
    vertex -71.91422271728516 -59.999969482421875 3.9999990463256836
    vertex -71.91422271728516 -58.32433319091797 4.0
  endloop
endfacet
facet normal 0.0 0.0 0.0
  outer loop
    vertex -77.91422271728516 -59.999969482421875 3.9999990463256836
    vertex -71.91422271728516 -58.32433319091797 4.0
    vertex -71.91422271728516 -52.347877502441406 4.0
  endloop
endfacet
facet normal 0.0 0.0 0.0
  outer loop
    vertex -76.41422271728516 -48.999977111816406 4.000000953674316
    vertex -76.41422271728516 -48.999977111816406 4.000001907348633
    vertex -76.41422271728516 -31.72626495361328 4.000001907348633
  endloop
endfacet
facet normal 0.0 0.0 0.0
  outer loop
    vertex -77.91422271728516 -59.999969482421875 3.9999990463256836
    vertex -77.52513122558594 -31.72626495361328 4.000001907348633
    vertex -77.91422271728516 -31.726268768310547 4.000001907348633
  endloop
endfacet
facet normal 0.0 0.0 0.0
  outer loop
    vertex -77.52513122558594 -31.72626495361328 4.000001907348633
    vertex -77.91422271728516 -59.999969482421875 3.9999990463256836
    vertex -76.41422271728516 -48.999977111816406 4.000000953674316
  endloop
endfacet
facet normal 0.0 0.0 0.0
  outer loop
    vertex -76.41422271728516 -48.999977111816406 4.000000953674316
    vertex -76.41422271728516 -31.72626495361328 4.000001907348633
    vertex -77.52513122558594 -31.72626495361328 4.000001907348633
  endloop
endfacet
facet normal 0.0 0.0 0.0
  outer loop
    vertex -77.91421508789062 59.999969482421875 4.000001907348633
    vertex -77.91421508789062 59.999969482421875 1.1444091796875e-05
    vertex -77.91422271728516 -59.999969482421875 0.0
  endloop
endfacet
facet normal 0.0 0.0 0.0
  outer loop
    vertex -77.91422271728516 -59.999969482421875 0.0
    vertex -77.91421508789062 59.99972915649414 4.000001907348633
    vertex -77.91421508789062 59.999969482421875 4.000001907348633
  endloop
endfacet
facet normal 0.0 0.0 0.0
  outer loop
    vertex -77.91421508789062 59.99972915649414 4.000001907348633
    vertex -77.91422271728516 -59.999969482421875 0.0
    vertex -77.91422271728516 -59.999969482421875 3.9999990463256836
  endloop
endfacet
facet normal 0.0 0.0 0.0
  outer loop
    vertex -77.91422271728516 -59.999969482421875 3.9999990463256836
    vertex -77.91422271728516 -31.726268768310547 4.000001907348633
    vertex -77.91421508789062 59.99972915649414 4.000001907348633
  endloop
endfacet
facet normal 0.0 0.0 0.0
  outer loop
    vertex -74.8872299194336 -47.928977966308594 2.6640024185180664
    vertex -74.93219757080078 -47.89849853515625 4.000001907348633
    vertex -74.8872299194336 -47.928977966308594 4.000001907348633
  endloop
endfacet
facet normal 0.0 0.0 0.0
  outer loop
    vertex -73.46746826171875 46.03597640991211 4.000001907348633
    vertex -73.46746826171875 46.03597640991211 1.3306760787963867
    vertex -73.6272201538086 45.61697769165039 1.3306760787963867
  endloop
endfacet
facet normal 0.0 0.0 0.0
  outer loop
    vertex -74.8872299194336 -47.928977966308594 2.6640024185180664
    vertex -74.8872299194336 -47.928977966308594 4.000001907348633
    vertex -74.83743286132812 -47.93956756591797 4.000001907348633
  endloop
endfacet
facet normal 0.0 0.0 0.0
  outer loop
    vertex -73.41272735595703 -46.499977111816406 2.6640024185180664
    vertex -73.42056274414062 -46.566375732421875 4.000001907348633
    vertex -73.41272735595703 -46.499977111816406 4.000001907348633
  endloop
endfacet
facet normal 0.0 0.0 0.0
  outer loop
    vertex -73.87698364257812 -47.715980529785156 2.6640024185180664
    vertex -73.46747589111328 -46.035980224609375 2.6640024185180664
    vertex -73.62722778320312 -45.61697769165039 2.6640024185180664
  endloop
endfacet
facet normal 0.0 0.0 0.0
  outer loop
    vertex -73.87698364257812 -47.715980529785156 2.6640024185180664
    vertex -73.41272735595703 -46.499977111816406 2.6640024185180664
    vertex -73.46747589111328 -46.035980224609375 2.6640024185180664
  endloop
endfacet
facet normal 0.0 0.0 0.0
  outer loop
    vertex -73.87698364257812 -47.715980529785156 2.6640024185180664
    vertex -73.46747589111328 -46.96397399902344 2.6640024185180664
    vertex -73.41272735595703 -46.499977111816406 2.6640024185180664
  endloop
endfacet
facet normal 0.0 0.0 0.0
  outer loop
    vertex -73.87698364257812 -47.715980529785156 2.6640024185180664
    vertex -73.62722778320312 -47.38298034667969 2.6640024185180664
    vertex -73.46747589111328 -46.96397399902344 2.6640024185180664
  endloop
endfacet
facet normal 0.0 0.0 0.0
  outer loop
    vertex -77.91422271728516 -59.999969482421875 0.0
    vertex -71.91422271728516 -58.32433319091797 9.5367431640625e-07
    vertex -71.91422271728516 -59.999969482421875 0.0
  endloop
endfacet
facet normal 0.0 0.0 0.0
  outer loop
    vertex -74.19122314453125 -47.928977966308594 2.6640024185180664
    vertex -75.45122528076172 -45.61697769165039 2.6640024185180664
    vertex -74.53923034667969 -48.00297546386719 2.6640024185180664
  endloop
endfacet
facet normal 0.0 0.0 0.0
  outer loop
    vertex -74.8872299194336 -47.928977966308594 2.6640024185180664
    vertex -74.53923034667969 -48.00297546386719 2.6640024185180664
    vertex -75.45122528076172 -45.61697769165039 2.6640024185180664
  endloop
endfacet
facet normal 0.0 0.0 0.0
  outer loop
    vertex -73.87698364257812 -47.715980529785156 2.6640024185180664
    vertex -74.53923034667969 -44.99797821044922 2.6640024185180664
    vertex -74.19122314453125 -47.928977966308594 2.6640024185180664
  endloop
endfacet
facet normal 0.0 0.0 0.0
  outer loop
    vertex -77.91421508789062 59.999969482421875 1.1444091796875e-05
    vertex -71.91423034667969 59.999969482421875 1.1444091796875e-05
    vertex -71.91423034667969 58.324256896972656 1.049041748046875e-05
  endloop
endfacet
facet normal 0.0 0.0 0.0
  outer loop
    vertex -77.91421508789062 59.999969482421875 1.1444091796875e-05
    vertex -71.91423034667969 58.324256896972656 1.049041748046875e-05
    vertex -71.91423034667969 52.3475227355957 1.049041748046875e-05
  endloop
endfacet
facet normal 0.0 0.0 0.0
  outer loop
    vertex -77.91422271728516 -59.999969482421875 0.0
    vertex -71.91423034667969 -52.347877502441406 9.5367431640625e-07
    vertex -71.91422271728516 -58.32433319091797 9.5367431640625e-07
  endloop
endfacet
facet normal 0.0 0.0 0.0
  outer loop
    vertex -77.91421508789062 59.999969482421875 1.1444091796875e-05
    vertex -71.91423034667969 59.999969482421875 0.5000095367431641
    vertex -71.91423034667969 59.999969482421875 1.1444091796875e-05
  endloop
endfacet
facet normal 0.0 0.0 0.0
  outer loop
    vertex -77.91421508789062 59.999969482421875 1.1444091796875e-05
    vertex -71.91423034667969 59.999969482421875 0.5000104904174805
    vertex -71.91423034667969 59.999969482421875 0.5000095367431641
  endloop
endfacet
facet normal 0.0 0.0 0.0
  outer loop
    vertex -77.91422271728516 -59.999969482421875 0.0
    vertex -71.91422271728516 -59.999969482421875 0.0
    vertex -71.91422271728516 -59.999969482421875 0.4999990463256836
  endloop
endfacet
facet normal 0.0 0.0 0.0
  outer loop
    vertex -71.91422271728516 -59.999969482421875 3.9999990463256836
    vertex -77.91422271728516 -59.999969482421875 3.9999990463256836
    vertex -77.91422271728516 -59.999969482421875 0.0
  endloop
endfacet
facet normal 0.0 0.0 0.0
  outer loop
    vertex -77.91422271728516 -59.999969482421875 0.0
    vertex -71.91422271728516 -59.999969482421875 0.4999990463256836
    vertex -71.91422271728516 -59.999969482421875 3.9999990463256836
  endloop
endfacet
facet normal 0.0 0.0 0.0
  outer loop
    vertex -73.41272735595703 -46.499977111816406 2.6640024185180664
    vertex -73.41272735595703 -46.499977111816406 4.000001907348633
    vertex -73.42056274414062 -46.43357849121094 4.000001907348633
  endloop
endfacet
facet normal 0.0 0.0 0.0
  outer loop
    vertex -73.87698364257812 -47.715980529785156 2.6640024185180664
    vertex -73.87698364257812 -47.715980529785156 4.000001907348633
    vertex -73.84123992919922 -47.66832733154297 4.000001907348633
  endloop
endfacet
facet normal 0.0 0.0 0.0
  outer loop
    vertex -75.20147705078125 -47.715980529785156 4.000001907348633
    vertex -75.20147705078125 -47.715980529785156 2.6640024185180664
    vertex -75.45122528076172 -47.38298034667969 2.6640024185180664
  endloop
endfacet
facet normal 0.0 0.0 0.0
  outer loop
    vertex -73.46746826171875 46.03597640991211 1.3306760787963867
    vertex -73.46746826171875 46.03597640991211 4.000001907348633
    vertex -73.45376586914062 46.152061462402344 4.000001907348633
  endloop
endfacet
facet normal 0.0 0.0 0.0
  outer loop
    vertex -73.45376586914062 46.84789276123047 4.000001907348633
    vertex -73.46746826171875 46.9639778137207 1.3306760787963867
    vertex -73.4127197265625 46.499977111816406 1.3306760787963867
  endloop
endfacet
facet normal 0.0 0.0 0.0
  outer loop
    vertex -75.66647338867188 -46.499977111816406 2.6640024185180664
    vertex -75.65853881835938 -46.566375732421875 4.000001907348633
    vertex -75.61097717285156 -46.96397399902344 4.000001907348633
  endloop
endfacet
facet normal 0.0 0.0 0.0
  outer loop
    vertex -73.6272201538086 47.38297653198242 4.000001907348633
    vertex -73.6272201538086 47.38297653198242 1.3306760787963867
    vertex -73.46746826171875 46.9639778137207 1.3306760787963867
  endloop
endfacet
facet normal 0.0 0.0 0.0
  outer loop
    vertex -73.46746826171875 46.9639778137207 1.3306760787963867
    vertex -73.50743103027344 47.06880569458008 4.000001907348633
    vertex -73.6272201538086 47.38297653198242 4.000001907348633
  endloop
endfacet
facet normal 0.0 0.0 0.0
  outer loop
    vertex -75.66647338867188 -46.499977111816406 4.000001907348633
    vertex -75.66647338867188 -46.499977111816406 2.6640024185180664
    vertex -75.61097717285156 -46.035980224609375 2.6640024185180664
  endloop
endfacet
facet normal 0.0 0.0 0.0
  outer loop
    vertex -75.61097717285156 -46.035980224609375 2.6640024185180664
    vertex -75.61891174316406 -46.102378845214844 4.000001907348633
    vertex -75.66647338867188 -46.499977111816406 4.000001907348633
  endloop
endfacet
facet normal 0.0 0.0 0.0
  outer loop
    vertex -75.61097717285156 -46.035980224609375 2.6640024185180664
    vertex -75.61097717285156 -46.035980224609375 4.000001907348633
    vertex -75.61891174316406 -46.102378845214844 4.000001907348633
  endloop
endfacet
facet normal 0.0 0.0 0.0
  outer loop
    vertex -75.61097717285156 -46.035980224609375 4.000001907348633
    vertex -75.61097717285156 -46.035980224609375 2.6640024185180664
    vertex -75.45122528076172 -45.61697769165039 2.6640024185180664
  endloop
endfacet
facet normal 0.0 0.0 0.0
  outer loop
    vertex -75.45122528076172 -45.61697769165039 2.6640024185180664
    vertex -75.47409057617188 -45.676937103271484 4.000001907348633
    vertex -75.61097717285156 -46.035980224609375 4.000001907348633
  endloop
endfacet
facet normal 0.0 0.0 0.0
  outer loop
    vertex -74.62628173828125 45.01624298095703 4.000001907348633
    vertex -74.53921508789062 44.99797821044922 1.3306760787963867
    vertex -74.88722229003906 45.07097625732422 1.3306760787963867
  endloop
endfacet
facet normal 0.0 0.0 0.0
  outer loop
    vertex -74.88722229003906 45.07097625732422 1.3306760787963867
    vertex -74.88722229003906 45.07097625732422 4.000001907348633
    vertex -74.62628173828125 45.01624298095703 4.000001907348633
  endloop
endfacet
facet normal 0.0 0.0 0.0
  outer loop
    vertex -74.88722229003906 45.07097625732422 4.000001907348633
    vertex -74.88722229003906 45.07097625732422 1.3306760787963867
    vertex -75.20146942138672 45.28397750854492 1.3306760787963867
  endloop
endfacet
facet normal 0.0 0.0 0.0
  outer loop
    vertex -75.20146942138672 45.28397750854492 1.3306760787963867
    vertex -75.12284851074219 45.23068618774414 4.000001907348633
    vertex -74.88722229003906 45.07097625732422 4.000001907348633
  endloop
endfacet
facet normal 0.0 0.0 0.0
  outer loop
    vertex -75.4911880493164 45.721805572509766 4.000001907348633
    vertex -75.45121765136719 45.61697769165039 1.3306760787963867
    vertex -75.6109619140625 46.03597640991211 1.3306760787963867
  endloop
endfacet
facet normal 0.0 0.0 0.0
  outer loop
    vertex -75.6109619140625 46.03597640991211 1.3306760787963867
    vertex -75.6109619140625 46.03597640991211 4.000001907348633
    vertex -75.4911880493164 45.721805572509766 4.000001907348633
  endloop
endfacet
facet normal 0.0 0.0 0.0
  outer loop
    vertex -75.6109619140625 46.03597640991211 4.000001907348633
    vertex -75.6109619140625 46.03597640991211 1.3306760787963867
    vertex -75.66647338867188 46.499977111816406 1.3306760787963867
  endloop
endfacet
facet normal 0.0 0.0 0.0
  outer loop
    vertex -75.66647338867188 46.499977111816406 1.3306760787963867
    vertex -75.652587890625 46.38389205932617 4.000001907348633
    vertex -75.6109619140625 46.03597640991211 4.000001907348633
  endloop
endfacet
facet normal 0.0 0.0 0.0
  outer loop
    vertex -75.20147705078125 -45.28397750854492 4.000001907348633
    vertex -75.20147705078125 -45.28397750854492 2.6640024185180664
    vertex -74.8872299194336 -45.07097625732422 2.6640024185180664
  endloop
endfacet
facet normal 0.0 0.0 0.0
  outer loop
    vertex -75.61097717285156 -46.96397399902344 4.000001907348633
    vertex -75.61097717285156 -46.96397399902344 2.6640024185180664
    vertex -75.66647338867188 -46.499977111816406 2.6640024185180664
  endloop
endfacet
facet normal 0.0 0.0 0.0
  outer loop
    vertex -73.4127197265625 46.499977111816406 1.3306760787963867
    vertex -73.4127197265625 46.499977111816406 4.000001907348633
    vertex -73.45376586914062 46.84789276123047 4.000001907348633
  endloop
endfacet
facet normal 0.0 0.0 0.0
  outer loop
    vertex -75.66647338867188 -46.499977111816406 2.6640024185180664
    vertex -75.66647338867188 -46.499977111816406 4.000001907348633
    vertex -75.65853881835938 -46.566375732421875 4.000001907348633
  endloop
endfacet
facet normal 0.0 0.0 0.0
  outer loop
    vertex -73.81448364257812 47.63266372680664 4.000001907348633
    vertex -73.87696838378906 47.71597671508789 1.3306760787963867
    vertex -73.6272201538086 47.38297653198242 1.3306760787963867
  endloop
endfacet
facet normal 0.0 0.0 0.0
  outer loop
    vertex -73.92195129394531 -47.7464599609375 4.000001907348633
    vertex -73.87698364257812 -47.715980529785156 2.6640024185180664
    vertex -74.19122314453125 -47.928977966308594 2.6640024185180664
  endloop
endfacet
facet normal 0.0 0.0 0.0
  outer loop
    vertex -74.19122314453125 -47.928977966308594 2.6640024185180664
    vertex -74.19122314453125 -47.928977966308594 4.000001907348633
    vertex -73.92195129394531 -47.7464599609375 4.000001907348633
  endloop
endfacet
facet normal 0.0 0.0 0.0
  outer loop
    vertex -73.87698364257812 -47.715980529785156 2.6640024185180664
    vertex -73.92195129394531 -47.7464599609375 4.000001907348633
    vertex -73.87698364257812 -47.715980529785156 4.000001907348633
  endloop
endfacet
facet normal 0.0 0.0 0.0
  outer loop
    vertex -74.80015563964844 47.94749069213867 4.000001907348633
    vertex -74.88722229003906 47.928977966308594 1.3306760787963867
    vertex -74.53921508789062 48.00297546386719 1.3306760787963867
  endloop
endfacet
facet normal 0.0 0.0 0.0
  outer loop
    vertex -74.53921508789062 48.00297546386719 1.3306760787963867
    vertex -74.53921508789062 48.00297546386719 4.000001907348633
    vertex -74.80015563964844 47.94749069213867 4.000001907348633
  endloop
endfacet
facet normal 0.0 0.0 0.0
  outer loop
    vertex -74.53923034667969 -48.00297546386719 2.6640024185180664
    vertex -74.53923034667969 -48.00297546386719 4.000001907348633
    vertex -74.48942565917969 -47.99238586425781 4.000001907348633
  endloop
endfacet
facet normal 0.0 0.0 0.0
  outer loop
    vertex -74.19122314453125 -47.928977966308594 4.000001907348633
    vertex -74.19122314453125 -47.928977966308594 2.6640024185180664
    vertex -74.53923034667969 -48.00297546386719 2.6640024185180664
  endloop
endfacet
facet normal 0.0 0.0 0.0
  outer loop
    vertex -74.53923034667969 -48.00297546386719 2.6640024185180664
    vertex -74.48942565917969 -47.99238586425781 4.000001907348633
    vertex -74.19122314453125 -47.928977966308594 4.000001907348633
  endloop
endfacet
facet normal 0.0 0.0 0.0
  outer loop
    vertex -75.45122528076172 -47.38298034667969 2.6640024185180664
    vertex -75.45122528076172 -47.38298034667969 4.000001907348633
    vertex -75.41548156738281 -47.430633544921875 4.000001907348633
  endloop
endfacet
facet normal 0.0 0.0 0.0
  outer loop
    vertex -74.53921508789062 48.00297546386719 4.000001907348633
    vertex -74.53921508789062 48.00297546386719 1.3306760787963867
    vertex -74.19122314453125 47.928977966308594 1.3306760787963867
  endloop
endfacet
facet normal 0.0 0.0 0.0
  outer loop
    vertex -74.19122314453125 47.928977966308594 1.3306760787963867
    vertex -74.27828979492188 47.94749069213867 4.000001907348633
    vertex -74.53921508789062 48.00297546386719 4.000001907348633
  endloop
endfacet
facet normal 0.0 0.0 0.0
  outer loop
    vertex -74.11259460449219 47.87568664550781 4.000001907348633
    vertex -74.19122314453125 47.928977966308594 1.3306760787963867
    vertex -73.87696838378906 47.71597671508789 1.3306760787963867
  endloop
endfacet
facet normal 0.0 0.0 0.0
  outer loop
    vertex -73.87696838378906 47.71597671508789 1.3306760787963867
    vertex -73.87696838378906 47.71597671508789 4.000001907348633
    vertex -74.11259460449219 47.87568664550781 4.000001907348633
  endloop
endfacet
facet normal 0.0 0.0 0.0
  outer loop
    vertex -75.47409057617188 -47.323020935058594 4.000001907348633
    vertex -75.45122528076172 -47.38298034667969 2.6640024185180664
    vertex -75.61097717285156 -46.96397399902344 2.6640024185180664
  endloop
endfacet
facet normal 0.0 0.0 0.0
  outer loop
    vertex -75.61097717285156 -46.96397399902344 2.6640024185180664
    vertex -75.61097717285156 -46.96397399902344 4.000001907348633
    vertex -75.47409057617188 -47.323020935058594 4.000001907348633
  endloop
endfacet
facet normal 0.0 0.0 0.0
  outer loop
    vertex -75.45122528076172 -47.38298034667969 2.6640024185180664
    vertex -75.47409057617188 -47.323020935058594 4.000001907348633
    vertex -75.45122528076172 -47.38298034667969 4.000001907348633
  endloop
endfacet
facet normal 0.0 0.0 0.0
  outer loop
    vertex -73.87696838378906 47.71597671508789 1.3306760787963867
    vertex -73.81448364257812 47.63266372680664 4.000001907348633
    vertex -73.87696838378906 47.71597671508789 4.000001907348633
  endloop
endfacet
facet normal 0.0 0.0 0.0
  outer loop
    vertex -73.6272201538086 47.38297653198242 1.3306760787963867
    vertex -73.6272201538086 47.38297653198242 4.000001907348633
    vertex -73.81448364257812 47.63266372680664 4.000001907348633
  endloop
endfacet
facet normal 0.0 0.0 0.0
  outer loop
    vertex -73.4127197265625 46.499977111816406 4.000001907348633
    vertex -73.4127197265625 46.499977111816406 1.3306760787963867
    vertex -73.46746826171875 46.03597640991211 1.3306760787963867
  endloop
endfacet
facet normal 0.0 0.0 0.0
  outer loop
    vertex -74.8872299194336 -45.07097625732422 2.6640024185180664
    vertex -74.93219757080078 -45.10145568847656 4.000001907348633
    vertex -75.20147705078125 -45.28397750854492 4.000001907348633
  endloop
endfacet
facet normal 0.0 0.0 0.0
  outer loop
    vertex -74.83743286132812 -45.06053161621094 4.000001907348633
    vertex -74.8872299194336 -45.07097625732422 2.6640024185180664
    vertex -74.53923034667969 -44.99797821044922 2.6640024185180664
  endloop
endfacet
facet normal 0.0 0.0 0.0
  outer loop
    vertex -74.19122314453125 47.928977966308594 1.3306760787963867
    vertex -74.11259460449219 47.87568664550781 4.000001907348633
    vertex -74.19122314453125 47.928977966308594 4.000001907348633
  endloop
endfacet
facet normal 0.0 0.0 0.0
  outer loop
    vertex -73.62722778320312 -47.38298034667969 2.6640024185180664
    vertex -73.62722778320312 -47.38298034667969 4.000001907348633
    vertex -73.6043701171875 -47.323020935058594 4.000001907348633
  endloop
endfacet
facet normal 0.0 0.0 0.0
  outer loop
    vertex -73.46747589111328 -46.96397399902344 4.000001907348633
    vertex -73.46747589111328 -46.96397399902344 2.6640024185180664
    vertex -73.62722778320312 -47.38298034667969 2.6640024185180664
  endloop
endfacet
facet normal 0.0 0.0 0.0
  outer loop
    vertex -73.62722778320312 -47.38298034667969 2.6640024185180664
    vertex -73.6043701171875 -47.323020935058594 4.000001907348633
    vertex -73.46747589111328 -46.96397399902344 4.000001907348633
  endloop
endfacet
facet normal 0.0 0.0 0.0
  outer loop
    vertex -73.46746826171875 46.9639778137207 1.3306760787963867
    vertex -73.46746826171875 46.9639778137207 4.000001907348633
    vertex -73.50743103027344 47.06880569458008 4.000001907348633
  endloop
endfacet
facet normal 0.0 0.0 0.0
  outer loop
    vertex -73.46746826171875 46.9639778137207 1.3306760787963867
    vertex -73.45376586914062 46.84789276123047 4.000001907348633
    vertex -73.46746826171875 46.9639778137207 4.000001907348633
  endloop
endfacet
facet normal 0.0 0.0 0.0
  outer loop
    vertex -73.62722778320312 -47.38298034667969 4.000001907348633
    vertex -73.62722778320312 -47.38298034667969 2.6640024185180664
    vertex -73.87698364257812 -47.715980529785156 2.6640024185180664
  endloop
endfacet
facet normal 0.0 0.0 0.0
  outer loop
    vertex -73.87698364257812 -47.715980529785156 2.6640024185180664
    vertex -73.84123992919922 -47.66832733154297 4.000001907348633
    vertex -73.62722778320312 -47.38298034667969 4.000001907348633
  endloop
endfacet
facet normal 0.0 0.0 0.0
  outer loop
    vertex -74.53921508789062 44.99797821044922 1.3306760787963867
    vertex -74.62628173828125 45.01624298095703 4.000001907348633
    vertex -74.53921508789062 44.99797821044922 4.000001907348633
  endloop
endfacet
facet normal 0.0 0.0 0.0
  outer loop
    vertex -75.20146942138672 45.28397750854492 1.3306760787963867
    vertex -75.20146942138672 45.28397750854492 4.000001907348633
    vertex -75.12284851074219 45.23068618774414 4.000001907348633
  endloop
endfacet
facet normal 0.0 0.0 0.0
  outer loop
    vertex -74.53923034667969 -48.00297546386719 4.000001907348633
    vertex -74.53923034667969 -48.00297546386719 2.6640024185180664
    vertex -74.8872299194336 -47.928977966308594 2.6640024185180664
  endloop
endfacet
facet normal 0.0 0.0 0.0
  outer loop
    vertex -74.8872299194336 -47.928977966308594 2.6640024185180664
    vertex -74.83743286132812 -47.93956756591797 4.000001907348633
    vertex -74.53923034667969 -48.00297546386719 4.000001907348633
  endloop
endfacet
facet normal 0.0 0.0 0.0
  outer loop
    vertex -75.45121765136719 45.61697769165039 1.3306760787963867
    vertex -75.45121765136719 45.61697769165039 4.000001907348633
    vertex -75.38873291015625 45.53366470336914 4.000001907348633
  endloop
endfacet
facet normal 0.0 0.0 0.0
  outer loop
    vertex -75.45121765136719 45.61697769165039 1.3306760787963867
    vertex -75.4911880493164 45.721805572509766 4.000001907348633
    vertex -75.45121765136719 45.61697769165039 4.000001907348633
  endloop
endfacet
facet normal 0.0 0.0 0.0
  outer loop
    vertex -75.66647338867188 46.499977111816406 1.3306760787963867
    vertex -75.66647338867188 46.499977111816406 4.000001907348633
    vertex -75.652587890625 46.38389205932617 4.000001907348633
  endloop
endfacet
facet normal 0.0 0.0 0.0
  outer loop
    vertex -75.66647338867188 46.499977111816406 4.000001907348633
    vertex -75.66647338867188 46.499977111816406 1.3306760787963867
    vertex -75.6109619140625 46.9639778137207 1.3306760787963867
  endloop
endfacet
facet normal 0.0 0.0 0.0
  outer loop
    vertex -75.6109619140625 46.9639778137207 1.3306760787963867
    vertex -75.6248550415039 46.84789276123047 4.000001907348633
    vertex -75.66647338867188 46.499977111816406 4.000001907348633
  endloop
endfacet
facet normal 0.0 0.0 0.0
  outer loop
    vertex -73.46746826171875 46.03597640991211 1.3306760787963867
    vertex -73.45376586914062 46.152061462402344 4.000001907348633
    vertex -73.4127197265625 46.499977111816406 4.000001907348633
  endloop
endfacet
facet normal 0.0 0.0 0.0
  outer loop
    vertex -73.42056274414062 -46.566375732421875 4.000001907348633
    vertex -73.41272735595703 -46.499977111816406 2.6640024185180664
    vertex -73.46747589111328 -46.96397399902344 2.6640024185180664
  endloop
endfacet
facet normal 0.0 0.0 0.0
  outer loop
    vertex -73.46747589111328 -46.96397399902344 2.6640024185180664
    vertex -73.46747589111328 -46.96397399902344 4.000001907348633
    vertex -73.42056274414062 -46.566375732421875 4.000001907348633
  endloop
endfacet
facet normal 0.0 0.0 0.0
  outer loop
    vertex -74.88722229003906 47.928977966308594 1.3306760787963867
    vertex -74.88722229003906 47.928977966308594 4.000001907348633
    vertex -75.12284851074219 47.76926803588867 4.000001907348633
  endloop
endfacet
facet normal 0.0 0.0 0.0
  outer loop
    vertex -74.53923034667969 -44.99797821044922 2.6640024185180664
    vertex -74.53923034667969 -44.99797821044922 4.000001907348633
    vertex -74.83743286132812 -45.06053161621094 4.000001907348633
  endloop
endfacet
facet normal 0.0 0.0 0.0
  outer loop
    vertex -74.48942565917969 -45.0084228515625 4.000001907348633
    vertex -74.53923034667969 -44.99797821044922 2.6640024185180664
    vertex -74.19122314453125 -45.07097625732422 2.6640024185180664
  endloop
endfacet
facet normal 0.0 0.0 0.0
  outer loop
    vertex -74.19122314453125 -45.07097625732422 2.6640024185180664
    vertex -74.19122314453125 -45.07097625732422 4.000001907348633
    vertex -74.48942565917969 -45.0084228515625 4.000001907348633
  endloop
endfacet
facet normal 0.0 0.0 0.0
  outer loop
    vertex -73.87698364257812 -45.28397750854492 2.6640024185180664
    vertex -73.87698364257812 -45.28397750854492 4.000001907348633
    vertex -73.92195129394531 -45.25349807739258 4.000001907348633
  endloop
endfacet
facet normal 0.0 0.0 0.0
  outer loop
    vertex -74.19122314453125 -45.07097625732422 4.000001907348633
    vertex -74.19122314453125 -45.07097625732422 2.6640024185180664
    vertex -73.87698364257812 -45.28397750854492 2.6640024185180664
  endloop
endfacet
facet normal 0.0 0.0 0.0
  outer loop
    vertex -73.87698364257812 -45.28397750854492 2.6640024185180664
    vertex -73.92195129394531 -45.25349807739258 4.000001907348633
    vertex -74.19122314453125 -45.07097625732422 4.000001907348633
  endloop
endfacet
facet normal 0.0 0.0 0.0
  outer loop
    vertex -73.87698364257812 -45.28397750854492 2.6640024185180664
    vertex -73.84123992919922 -45.33163070678711 4.000001907348633
    vertex -73.87698364257812 -45.28397750854492 4.000001907348633
  endloop
endfacet
facet normal 0.0 0.0 0.0
  outer loop
    vertex -73.84123992919922 -45.33163070678711 4.000001907348633
    vertex -73.87698364257812 -45.28397750854492 2.6640024185180664
    vertex -73.62722778320312 -45.61697769165039 2.6640024185180664
  endloop
endfacet
facet normal 0.0 0.0 0.0
  outer loop
    vertex -74.19122314453125 47.928977966308594 1.3306760787963867
    vertex -74.19122314453125 47.928977966308594 4.000001907348633
    vertex -74.27828979492188 47.94749069213867 4.000001907348633
  endloop
endfacet
facet normal 0.0 0.0 0.0
  outer loop
    vertex -73.62722778320312 -45.61697769165039 2.6640024185180664
    vertex -73.62722778320312 -45.61697769165039 4.000001907348633
    vertex -73.84123992919922 -45.33163070678711 4.000001907348633
  endloop
endfacet
facet normal 0.0 0.0 0.0
  outer loop
    vertex -73.62722778320312 -45.61697769165039 4.000001907348633
    vertex -73.62722778320312 -45.61697769165039 2.6640024185180664
    vertex -73.46747589111328 -46.035980224609375 2.6640024185180664
  endloop
endfacet
facet normal 0.0 0.0 0.0
  outer loop
    vertex -73.46747589111328 -46.035980224609375 2.6640024185180664
    vertex -73.4903335571289 -45.97602081298828 4.000001907348633
    vertex -73.62722778320312 -45.61697769165039 4.000001907348633
  endloop
endfacet
facet normal 0.0 0.0 0.0
  outer loop
    vertex -75.45121765136719 47.38297653198242 4.000001907348633
    vertex -75.45121765136719 47.38297653198242 1.3306760787963867
    vertex -75.20146942138672 47.71597671508789 1.3306760787963867
  endloop
endfacet
facet normal 0.0 0.0 0.0
  outer loop
    vertex -75.20146942138672 47.71597671508789 1.3306760787963867
    vertex -75.26395416259766 47.63266372680664 4.000001907348633
    vertex -75.45121765136719 47.38297653198242 4.000001907348633
  endloop
endfacet
facet normal 0.0 0.0 0.0
  outer loop
    vertex -73.46747589111328 -46.035980224609375 4.000001907348633
    vertex -73.46747589111328 -46.035980224609375 2.6640024185180664
    vertex -73.41272735595703 -46.499977111816406 2.6640024185180664
  endloop
endfacet
facet normal 0.0 0.0 0.0
  outer loop
    vertex -73.41272735595703 -46.499977111816406 2.6640024185180664
    vertex -73.42056274414062 -46.43357849121094 4.000001907348633
    vertex -73.46747589111328 -46.035980224609375 4.000001907348633
  endloop
endfacet
facet normal 0.0 0.0 0.0
  outer loop
    vertex -75.12284851074219 47.76926803588867 4.000001907348633
    vertex -75.20146942138672 47.71597671508789 1.3306760787963867
    vertex -74.88722229003906 47.928977966308594 1.3306760787963867
  endloop
endfacet
facet normal 0.0 0.0 0.0
  outer loop
    vertex -73.46747589111328 -46.035980224609375 2.6640024185180664
    vertex -73.46747589111328 -46.035980224609375 4.000001907348633
    vertex -73.4903335571289 -45.97602081298828 4.000001907348633
  endloop
endfacet
facet normal 0.0 0.0 0.0
  outer loop
    vertex -71.91422271728516 -59.999969482421875 0.4999990463256836
    vertex -71.91422271728516 -58.32433319091797 9.5367431640625e-07
    vertex -71.91422271728516 -59.999969482421875 3.9999990463256836
  endloop
endfacet
facet normal 0.0 0.0 0.0
  outer loop
    vertex 11.285415649414062 15.603203773498535 6.67572021484375e-06
    vertex 11.285411834716797 -49.244384765625 4.000001907348633
    vertex 11.285411834716797 -49.244384765625 4.000001907348633
  endloop
endfacet
facet normal 0.0 0.0 0.0
  outer loop
    vertex 6.7854156494140625 -49.244384765625 4.000001907348633
    vertex 11.285411834716797 -49.244384765625 4.000001907348633
    vertex 11.285411834716797 -49.244384765625 4.000001907348633
  endloop
endfacet
endsolid Uranium STLWriter Wed 01 May 2024 14:57:17
