solid Uranium STLWriter Wed 01 May 2024 14:28:18
facet normal 0.0 0.0 0.0
  outer loop
    vertex -45.328609466552734 59.999969482421875 3.9999990463256836
    vertex -45.328617095947266 31.72626495361328 4.000001907348633
    vertex -45.3286247253418 -59.999732971191406 4.000001907348633
  endloop
endfacet
facet normal 0.0 0.0 0.0
  outer loop
    vertex -45.3286247253418 -59.999732971191406 4.000001907348633
    vertex -45.328609466552734 59.999969482421875 0.0
    vertex -45.328609466552734 59.999969482421875 3.9999990463256836
  endloop
endfacet
facet normal 0.0 0.0 0.0
  outer loop
    vertex -45.328609466552734 59.999969482421875 0.0
    vertex -45.3286247253418 -59.999732971191406 4.000001907348633
    vertex -45.3286247253418 -59.99997329711914 4.000001907348633
  endloop
endfacet
facet normal 0.0 0.0 0.0
  outer loop
    vertex -45.3286247253418 -59.99997329711914 4.000001907348633
    vertex -45.3286247253418 -59.99997329711914 1.1444091796875e-05
    vertex -45.328609466552734 59.999969482421875 0.0
  endloop
endfacet
facet normal 0.0 0.0 0.0
  outer loop
    vertex -47.328609466552734 48.99997329711914 4.000000953674316
    vertex -47.328617095947266 31.72626495361328 4.000001907348633
    vertex -45.8474006652832 31.72626495361328 4.000001907348633
  endloop
endfacet
facet normal 0.0 0.0 0.0
  outer loop
    vertex -45.8474006652832 31.72626495361328 4.000001907348633
    vertex -45.328609466552734 59.999969482421875 3.9999990463256836
    vertex -47.328609466552734 48.99997329711914 4.000000953674316
  endloop
endfacet
facet normal 0.0 0.0 0.0
  outer loop
    vertex -45.328609466552734 59.999969482421875 3.9999990463256836
    vertex -45.8474006652832 31.72626495361328 4.000001907348633
    vertex -45.328617095947266 31.72626495361328 4.000001907348633
  endloop
endfacet
facet normal 0.0 0.0 0.0
  outer loop
    vertex -47.328609466552734 48.99997329711914 4.000000953674316
    vertex -47.328609466552734 48.99997329711914 4.000001907348633
    vertex -47.328617095947266 31.72626495361328 4.000001907348633
  endloop
endfacet
facet normal 0.0 0.0 0.0
  outer loop
    vertex -45.328609466552734 59.999969482421875 3.9999990463256836
    vertex -53.328617095947266 58.32433319091797 4.0
    vertex -53.328617095947266 52.347877502441406 4.0
  endloop
endfacet
facet normal 0.0 0.0 0.0
  outer loop
    vertex -45.328609466552734 59.999969482421875 3.9999990463256836
    vertex -53.328617095947266 59.999969482421875 3.9999990463256836
    vertex -53.328617095947266 58.32433319091797 4.0
  endloop
endfacet
facet normal 0.0 0.0 0.0
  outer loop
    vertex -47.328609466552734 48.99997329711914 4.000000953674316
    vertex -53.328609466552734 49.001869201660156 4.000000953674316
    vertex -53.328609466552734 48.99997329711914 4.000000953674316
  endloop
endfacet
facet normal 0.0 0.0 0.0
  outer loop
    vertex -45.328609466552734 59.999969482421875 3.9999990463256836
    vertex -53.328617095947266 52.347877502441406 4.0
    vertex -53.328609466552734 49.001869201660156 4.000000953674316
  endloop
endfacet
facet normal 0.0 0.0 0.0
  outer loop
    vertex -53.328609466552734 49.001869201660156 4.000000953674316
    vertex -47.328609466552734 48.99997329711914 4.000000953674316
    vertex -45.328609466552734 59.999969482421875 3.9999990463256836
  endloop
endfacet
facet normal 0.0 0.0 0.0
  outer loop
    vertex -47.328609466552734 48.99997329711914 4.000001907348633
    vertex -53.328609466552734 48.99997329711914 4.000001907348633
    vertex -53.328609466552734 48.99997329711914 4.000001907348633
  endloop
endfacet
facet normal 0.0 0.0 0.0
  outer loop
    vertex -47.328609466552734 48.99997329711914 4.000000953674316
    vertex -53.328609466552734 48.99997329711914 4.000000953674316
    vertex -53.328609466552734 48.99997329711914 4.000001907348633
  endloop
endfacet
facet normal 0.0 0.0 0.0
  outer loop
    vertex -53.328609466552734 48.99997329711914 4.000001907348633
    vertex -47.328609466552734 48.99997329711914 4.000001907348633
    vertex -47.328609466552734 48.99997329711914 4.000000953674316
  endloop
endfacet
facet normal 0.0 0.0 0.0
  outer loop
    vertex -45.3286247253418 -59.99997329711914 4.000001907348633
    vertex -53.328617095947266 -59.99997329711914 4.000001907348633
    vertex -53.328617095947266 -59.99997329711914 0.5000104904174805
  endloop
endfacet
facet normal 0.0 0.0 0.0
  outer loop
    vertex -53.328617095947266 -59.99997329711914 0.5000104904174805
    vertex -45.3286247253418 -59.99997329711914 1.1444091796875e-05
    vertex -45.3286247253418 -59.99997329711914 4.000001907348633
  endloop
endfacet
facet normal 0.0 0.0 0.0
  outer loop
    vertex -49.36460494995117 47.92897415161133 2.6640024185180664
    vertex -49.30464553833008 47.898494720458984 4.000001907348633
    vertex -49.36460494995117 47.92897415161133 4.000001907348633
  endloop
endfacet
facet normal 0.0 0.0 0.0
  outer loop
    vertex -49.36460494995117 47.92897415161133 2.6640024185180664
    vertex -49.36460494995117 47.92897415161133 4.000001907348633
    vertex -49.43100357055664 47.9395637512207 4.000001907348633
  endloop
endfacet
facet normal 0.0 0.0 0.0
  outer loop
    vertex -50.711605072021484 47.71597671508789 2.6640024185180664
    vertex -50.711605072021484 47.71597671508789 4.000001907348633
    vertex -50.75925827026367 47.6683235168457 4.000001907348633
  endloop
endfacet
facet normal 0.0 0.0 0.0
  outer loop
    vertex -51.33060836791992 46.49997329711914 2.6640024185180664
    vertex -51.32016372680664 46.56637191772461 4.000001907348633
    vertex -51.33060836791992 46.49997329711914 4.000001907348633
  endloop
endfacet
facet normal 0.0 0.0 0.0
  outer loop
    vertex -51.33060836791992 46.49997329711914 2.6640024185180664
    vertex -51.33060836791992 46.49997329711914 4.000001907348633
    vertex -51.32016372680664 46.43357467651367 4.000001907348633
  endloop
endfacet
facet normal 0.0 0.0 0.0
  outer loop
    vertex -45.328609466552734 59.999969482421875 0.0
    vertex -53.328617095947266 59.999969482421875 0.4999990463256836
    vertex -53.328617095947266 59.999969482421875 3.9999990463256836
  endloop
endfacet
facet normal 0.0 0.0 0.0
  outer loop
    vertex -53.328617095947266 59.999969482421875 3.9999990463256836
    vertex -45.328609466552734 59.999969482421875 3.9999990463256836
    vertex -45.328609466552734 59.999969482421875 0.0
  endloop
endfacet
facet normal 0.0 0.0 0.0
  outer loop
    vertex -45.328609466552734 59.999969482421875 0.0
    vertex -53.328617095947266 59.999969482421875 0.0
    vertex -53.328617095947266 59.999969482421875 0.4999990463256836
  endloop
endfacet
facet normal 0.0 0.0 0.0
  outer loop
    vertex -45.3286247253418 -59.99997329711914 1.1444091796875e-05
    vertex -53.328617095947266 -59.99997329711914 0.5000104904174805
    vertex -53.328617095947266 -59.99997329711914 0.5000095367431641
  endloop
endfacet
facet normal 0.0 0.0 0.0
  outer loop
    vertex -45.3286247253418 -59.99997329711914 1.1444091796875e-05
    vertex -53.328617095947266 -59.99997329711914 0.5000095367431641
    vertex -53.328617095947266 -59.99997329711914 1.1444091796875e-05
  endloop
endfacet
facet normal 0.0 0.0 0.0
  outer loop
    vertex -45.328609466552734 59.999969482421875 0.0
    vertex -53.328609466552734 52.347877502441406 9.5367431640625e-07
    vertex -53.328617095947266 58.32433319091797 9.5367431640625e-07
  endloop
endfacet
facet normal 0.0 0.0 0.0
  outer loop
    vertex -45.3286247253418 -59.99997329711914 1.1444091796875e-05
    vertex -53.328617095947266 -58.32426071166992 1.049041748046875e-05
    vertex -53.328617095947266 -52.34752655029297 1.049041748046875e-05
  endloop
endfacet
facet normal 0.0 0.0 0.0
  outer loop
    vertex -45.3286247253418 -59.99997329711914 1.1444091796875e-05
    vertex -53.328617095947266 -59.99997329711914 1.1444091796875e-05
    vertex -53.328617095947266 -58.32426071166992 1.049041748046875e-05
  endloop
endfacet
facet normal 0.0 0.0 0.0
  outer loop
    vertex -50.711605072021484 47.71597671508789 2.6640024185180664
    vertex -49.828609466552734 44.99797439575195 2.6640024185180664
    vertex -50.292606353759766 47.92897415161133 2.6640024185180664
  endloop
endfacet
facet normal 0.0 0.0 0.0
  outer loop
    vertex -49.36460494995117 47.92897415161133 2.6640024185180664
    vertex -49.828609466552734 48.00297164916992 2.6640024185180664
    vertex -48.612606048583984 45.616973876953125 2.6640024185180664
  endloop
endfacet
facet normal 0.0 0.0 0.0
  outer loop
    vertex -50.292606353759766 47.92897415161133 2.6640024185180664
    vertex -48.612606048583984 45.616973876953125 2.6640024185180664
    vertex -49.828609466552734 48.00297164916992 2.6640024185180664
  endloop
endfacet
facet normal 0.0 0.0 0.0
  outer loop
    vertex -45.328609466552734 59.999969482421875 0.0
    vertex -53.328617095947266 58.32433319091797 9.5367431640625e-07
    vertex -53.328617095947266 59.999969482421875 0.0
  endloop
endfacet
facet normal 0.0 0.0 0.0
  outer loop
    vertex -50.711605072021484 47.71597671508789 2.6640024185180664
    vertex -51.04460525512695 47.38297653198242 2.6640024185180664
    vertex -51.25761032104492 46.96397018432617 2.6640024185180664
  endloop
endfacet
facet normal 0.0 0.0 0.0
  outer loop
    vertex -50.711605072021484 47.71597671508789 2.6640024185180664
    vertex -51.25761032104492 46.96397018432617 2.6640024185180664
    vertex -51.33060836791992 46.49997329711914 2.6640024185180664
  endloop
endfacet
facet normal 0.0 0.0 0.0
  outer loop
    vertex -50.711605072021484 47.71597671508789 2.6640024185180664
    vertex -51.33060836791992 46.49997329711914 2.6640024185180664
    vertex -51.25761032104492 46.03597640991211 2.6640024185180664
  endloop
endfacet
facet normal 0.0 0.0 0.0
  outer loop
    vertex -50.711605072021484 47.71597671508789 2.6640024185180664
    vertex -51.25761032104492 46.03597640991211 2.6640024185180664
    vertex -51.04460525512695 45.616973876953125 2.6640024185180664
  endloop
endfacet
facet normal 0.0 0.0 0.0
  outer loop
    vertex -50.711605072021484 47.71597671508789 2.6640024185180664
    vertex -51.04460525512695 45.616973876953125 2.6640024185180664
    vertex -50.711605072021484 45.283973693847656 2.6640024185180664
  endloop
endfacet
facet normal 0.0 0.0 0.0
  outer loop
    vertex -50.711605072021484 47.71597671508789 2.6640024185180664
    vertex -50.711605072021484 45.283973693847656 2.6640024185180664
    vertex -50.292606353759766 45.07097244262695 2.6640024185180664
  endloop
endfacet
facet normal 0.0 0.0 0.0
  outer loop
    vertex -50.711605072021484 47.71597671508789 2.6640024185180664
    vertex -50.292606353759766 45.07097244262695 2.6640024185180664
    vertex -49.828609466552734 44.99797439575195 2.6640024185180664
  endloop
endfacet
facet normal 0.0 0.0 0.0
  outer loop
    vertex -49.36460494995117 45.07097244262695 2.6640024185180664
    vertex -50.292606353759766 47.92897415161133 2.6640024185180664
    vertex -49.828609466552734 44.99797439575195 2.6640024185180664
  endloop
endfacet
facet normal 0.0 0.0 0.0
  outer loop
    vertex -48.94560623168945 45.283973693847656 2.6640024185180664
    vertex -50.292606353759766 47.92897415161133 2.6640024185180664
    vertex -49.36460494995117 45.07097244262695 2.6640024185180664
  endloop
endfacet
facet normal 0.0 0.0 0.0
  outer loop
    vertex -48.612606048583984 45.616973876953125 2.6640024185180664
    vertex -50.292606353759766 47.92897415161133 2.6640024185180664
    vertex -48.94560623168945 45.283973693847656 2.6640024185180664
  endloop
endfacet
facet normal 0.0 0.0 0.0
  outer loop
    vertex -48.612606048583984 47.38297653198242 2.6640024185180664
    vertex -48.94560623168945 47.71597671508789 2.6640024185180664
    vertex -48.612606048583984 45.616973876953125 2.6640024185180664
  endloop
endfacet
facet normal 0.0 0.0 0.0
  outer loop
    vertex -48.94560623168945 47.71597671508789 2.6640024185180664
    vertex -49.36460494995117 47.92897415161133 2.6640024185180664
    vertex -48.612606048583984 45.616973876953125 2.6640024185180664
  endloop
endfacet
facet normal 0.0 0.0 0.0
  outer loop
    vertex -45.328609466552734 59.999969482421875 0.0
    vertex -53.328617095947266 -15.847613334655762 6.67572021484375e-06
    vertex -53.328609466552734 52.347877502441406 9.5367431640625e-07
  endloop
endfacet
facet normal 0.0 0.0 0.0
  outer loop
    vertex -45.3286247253418 -59.99997329711914 1.1444091796875e-05
    vertex -53.328617095947266 -52.34752655029297 1.049041748046875e-05
    vertex -53.328617095947266 -15.847613334655762 6.67572021484375e-06
  endloop
endfacet
facet normal 0.0 0.0 0.0
  outer loop
    vertex -53.328617095947266 -15.847613334655762 6.67572021484375e-06
    vertex -45.328609466552734 59.999969482421875 0.0
    vertex -45.3286247253418 -59.99997329711914 1.1444091796875e-05
  endloop
endfacet
facet normal 0.0 0.0 0.0
  outer loop
    vertex -48.32560348510742 46.49997329711914 2.6640024185180664
    vertex -48.39960861206055 46.96397018432617 2.6640024185180664
    vertex -48.39960861206055 46.03597640991211 2.6640024185180664
  endloop
endfacet
facet normal 0.0 0.0 0.0
  outer loop
    vertex -48.612606048583984 45.616973876953125 2.6640024185180664
    vertex -48.39960861206055 46.03597640991211 2.6640024185180664
    vertex -48.39960861206055 46.96397018432617 2.6640024185180664
  endloop
endfacet
facet normal 0.0 0.0 0.0
  outer loop
    vertex -48.612606048583984 45.616973876953125 2.6640024185180664
    vertex -48.39960861206055 46.96397018432617 2.6640024185180664
    vertex -48.612606048583984 47.38297653198242 2.6640024185180664
  endloop
endfacet
facet normal 0.0 0.0 0.0
  outer loop
    vertex -49.828609466552734 44.99797439575195 2.6640024185180664
    vertex -49.8950080871582 45.008419036865234 4.000001907348633
    vertex -49.828609466552734 44.99797439575195 4.000001907348633
  endloop
endfacet
facet normal 0.0 0.0 0.0
  outer loop
    vertex -49.36460494995117 45.07097244262695 2.6640024185180664
    vertex -49.43100357055664 45.06052780151367 4.000001907348633
    vertex -49.36460494995117 45.07097244262695 4.000001907348633
  endloop
endfacet
facet normal 0.0 0.0 0.0
  outer loop
    vertex -49.36460494995117 45.07097244262695 2.6640024185180664
    vertex -49.36460494995117 45.07097244262695 4.000001907348633
    vertex -49.30464553833008 45.1014518737793 4.000001907348633
  endloop
endfacet
facet normal 0.0 0.0 0.0
  outer loop
    vertex -48.61262130737305 -45.616981506347656 1.3306760787963867
    vertex -48.6959342956543 -45.533668518066406 4.000001907348633
    vertex -48.945621490478516 -45.28398132324219 4.000001907348633
  endloop
endfacet
facet normal 0.0 0.0 0.0
  outer loop
    vertex -48.945621490478516 -45.28398132324219 4.000001907348633
    vertex -48.945621490478516 -45.28398132324219 1.3306760787963867
    vertex -48.61262130737305 -45.616981506347656 1.3306760787963867
  endloop
endfacet
facet normal 0.0 0.0 0.0
  outer loop
    vertex -48.61262130737305 -47.38298034667969 1.3306760787963867
    vertex -48.61262130737305 -47.38298034667969 4.000001907348633
    vertex -48.45291519165039 -47.068809509277344 4.000001907348633
  endloop
endfacet
facet normal 0.0 0.0 0.0
  outer loop
    vertex -48.45291519165039 -47.068809509277344 4.000001907348633
    vertex -48.39962387084961 -46.96398162841797 1.3306760787963867
    vertex -48.61262130737305 -47.38298034667969 1.3306760787963867
  endloop
endfacet
facet normal 0.0 0.0 0.0
  outer loop
    vertex -48.39962387084961 -46.96398162841797 1.3306760787963867
    vertex -48.39962387084961 -46.96398162841797 4.000001907348633
    vertex -48.381107330322266 -46.847896575927734 4.000001907348633
  endloop
endfacet
facet normal 0.0 0.0 0.0
  outer loop
    vertex -48.612606048583984 45.616973876953125 2.6640024185180664
    vertex -48.66025924682617 45.56932067871094 4.000001907348633
    vertex -48.612606048583984 45.616973876953125 4.000001907348633
  endloop
endfacet
facet normal 0.0 0.0 0.0
  outer loop
    vertex -48.94560623168945 45.283973693847656 2.6640024185180664
    vertex -48.94560623168945 45.283973693847656 4.000001907348633
    vertex -48.66025924682617 45.56932067871094 4.000001907348633
  endloop
endfacet
facet normal 0.0 0.0 0.0
  outer loop
    vertex -48.66025924682617 45.56932067871094 4.000001907348633
    vertex -48.612606048583984 45.616973876953125 2.6640024185180664
    vertex -48.94560623168945 45.283973693847656 2.6640024185180664
  endloop
endfacet
facet normal 0.0 0.0 0.0
  outer loop
    vertex -48.612606048583984 45.616973876953125 2.6640024185180664
    vertex -48.612606048583984 45.616973876953125 4.000001907348633
    vertex -48.58212661743164 45.67693328857422 4.000001907348633
  endloop
endfacet
facet normal 0.0 0.0 0.0
  outer loop
    vertex -49.364620208740234 -47.92898178100586 1.3306760787963867
    vertex -49.480709075927734 -47.94749450683594 4.000001907348633
    vertex -49.364620208740234 -47.92898178100586 4.000001907348633
  endloop
endfacet
facet normal 0.0 0.0 0.0
  outer loop
    vertex -48.945621490478516 -47.715980529785156 1.3306760787963867
    vertex -49.05044937133789 -47.76927185058594 4.000001907348633
    vertex -48.945621490478516 -47.715980529785156 4.000001907348633
  endloop
endfacet
facet normal 0.0 0.0 0.0
  outer loop
    vertex -48.945621490478516 -47.715980529785156 1.3306760787963867
    vertex -48.945621490478516 -47.715980529785156 4.000001907348633
    vertex -48.862308502197266 -47.632667541503906 4.000001907348633
  endloop
endfacet
facet normal 0.0 0.0 0.0
  outer loop
    vertex -48.39962387084961 -46.96398162841797 1.3306760787963867
    vertex -48.45291519165039 -47.068809509277344 4.000001907348633
    vertex -48.39962387084961 -46.96398162841797 4.000001907348633
  endloop
endfacet
facet normal 0.0 0.0 0.0
  outer loop
    vertex -50.29262161254883 -45.070980072021484 1.3306760787963867
    vertex -50.17653274536133 -45.05271530151367 4.000001907348633
    vertex -50.29262161254883 -45.070980072021484 4.000001907348633
  endloop
endfacet
facet normal 0.0 0.0 0.0
  outer loop
    vertex -49.8286247253418 -44.997982025146484 1.3306760787963867
    vertex -49.8286247253418 -44.997982025146484 4.000001907348633
    vertex -50.17653274536133 -45.05271530151367 4.000001907348633
  endloop
endfacet
facet normal 0.0 0.0 0.0
  outer loop
    vertex -50.17653274536133 -45.05271530151367 4.000001907348633
    vertex -50.29262161254883 -45.070980072021484 1.3306760787963867
    vertex -49.8286247253418 -44.997982025146484 1.3306760787963867
  endloop
endfacet
facet normal 0.0 0.0 0.0
  outer loop
    vertex -50.71162033081055 -45.28398132324219 1.3306760787963867
    vertex -50.60679244995117 -45.230690002441406 4.000001907348633
    vertex -50.71162033081055 -45.28398132324219 4.000001907348633
  endloop
endfacet
facet normal 0.0 0.0 0.0
  outer loop
    vertex -50.29262161254883 -45.070980072021484 1.3306760787963867
    vertex -50.29262161254883 -45.070980072021484 4.000001907348633
    vertex -50.60679244995117 -45.230690002441406 4.000001907348633
  endloop
endfacet
facet normal 0.0 0.0 0.0
  outer loop
    vertex -50.60679244995117 -45.230690002441406 4.000001907348633
    vertex -50.71162033081055 -45.28398132324219 1.3306760787963867
    vertex -50.29262161254883 -45.070980072021484 1.3306760787963867
  endloop
endfacet
facet normal 0.0 0.0 0.0
  outer loop
    vertex -50.71162033081055 -45.28398132324219 1.3306760787963867
    vertex -50.7949333190918 -45.36729431152344 4.000001907348633
    vertex -51.044620513916016 -45.616981506347656 4.000001907348633
  endloop
endfacet
facet normal 0.0 0.0 0.0
  outer loop
    vertex -51.044620513916016 -45.616981506347656 4.000001907348633
    vertex -51.044620513916016 -45.616981506347656 1.3306760787963867
    vertex -50.71162033081055 -45.28398132324219 1.3306760787963867
  endloop
endfacet
facet normal 0.0 0.0 0.0
  outer loop
    vertex -50.71162033081055 -45.28398132324219 1.3306760787963867
    vertex -50.71162033081055 -45.28398132324219 4.000001907348633
    vertex -50.7949333190918 -45.36729431152344 4.000001907348633
  endloop
endfacet
facet normal 0.0 0.0 0.0
  outer loop
    vertex -51.044620513916016 -45.616981506347656 1.3306760787963867
    vertex -51.044620513916016 -45.616981506347656 4.000001907348633
    vertex -51.0979118347168 -45.72180938720703 4.000001907348633
  endloop
endfacet
facet normal 0.0 0.0 0.0
  outer loop
    vertex -51.044620513916016 -45.616981506347656 1.3306760787963867
    vertex -51.0979118347168 -45.72180938720703 4.000001907348633
    vertex -51.257625579833984 -46.035980224609375 4.000001907348633
  endloop
endfacet
facet normal 0.0 0.0 0.0
  outer loop
    vertex -51.257625579833984 -46.035980224609375 4.000001907348633
    vertex -51.257625579833984 -46.035980224609375 1.3306760787963867
    vertex -51.044620513916016 -45.616981506347656 1.3306760787963867
  endloop
endfacet
facet normal 0.0 0.0 0.0
  outer loop
    vertex -51.257625579833984 -46.035980224609375 1.3306760787963867
    vertex -51.257625579833984 -46.035980224609375 4.000001907348633
    vertex -51.2758903503418 -46.15206527709961 4.000001907348633
  endloop
endfacet
facet normal 0.0 0.0 0.0
  outer loop
    vertex -51.330623626708984 -46.49998092651367 1.3306760787963867
    vertex -51.330623626708984 -46.49998092651367 4.000001907348633
    vertex -51.2758903503418 -46.847896575927734 4.000001907348633
  endloop
endfacet
facet normal 0.0 0.0 0.0
  outer loop
    vertex -51.2758903503418 -46.847896575927734 4.000001907348633
    vertex -51.257625579833984 -46.96398162841797 1.3306760787963867
    vertex -51.330623626708984 -46.49998092651367 1.3306760787963867
  endloop
endfacet
facet normal 0.0 0.0 0.0
  outer loop
    vertex -48.39962387084961 -46.96398162841797 1.3306760787963867
    vertex -48.381107330322266 -46.847896575927734 4.000001907348633
    vertex -48.325618743896484 -46.49998092651367 4.000001907348633
  endloop
endfacet
facet normal 0.0 0.0 0.0
  outer loop
    vertex -48.325618743896484 -46.49998092651367 4.000001907348633
    vertex -48.325618743896484 -46.49998092651367 1.3306760787963867
    vertex -48.39962387084961 -46.96398162841797 1.3306760787963867
  endloop
endfacet
facet normal 0.0 0.0 0.0
  outer loop
    vertex -48.325618743896484 -46.49998092651367 1.3306760787963867
    vertex -48.325618743896484 -46.49998092651367 4.000001907348633
    vertex -48.34413528442383 -46.38389587402344 4.000001907348633
  endloop
endfacet
facet normal 0.0 0.0 0.0
  outer loop
    vertex -48.61262130737305 -45.616981506347656 1.3306760787963867
    vertex -48.559329986572266 -45.72180938720703 4.000001907348633
    vertex -48.61262130737305 -45.616981506347656 4.000001907348633
  endloop
endfacet
facet normal 0.0 0.0 0.0
  outer loop
    vertex -48.61262130737305 -45.616981506347656 1.3306760787963867
    vertex -48.61262130737305 -45.616981506347656 4.000001907348633
    vertex -48.6959342956543 -45.533668518066406 4.000001907348633
  endloop
endfacet
facet normal 0.0 0.0 0.0
  outer loop
    vertex -49.36460494995117 47.92897415161133 2.6640024185180664
    vertex -49.43100357055664 47.9395637512207 4.000001907348633
    vertex -49.828609466552734 48.00297164916992 4.000001907348633
  endloop
endfacet
facet normal 0.0 0.0 0.0
  outer loop
    vertex -49.828609466552734 48.00297164916992 4.000001907348633
    vertex -49.828609466552734 48.00297164916992 2.6640024185180664
    vertex -49.36460494995117 47.92897415161133 2.6640024185180664
  endloop
endfacet
facet normal 0.0 0.0 0.0
  outer loop
    vertex -48.945621490478516 -45.28398132324219 1.3306760787963867
    vertex -48.945621490478516 -45.28398132324219 4.000001907348633
    vertex -49.05044937133789 -45.230690002441406 4.000001907348633
  endloop
endfacet
facet normal 0.0 0.0 0.0
  outer loop
    vertex -49.8286247253418 -44.997982025146484 1.3306760787963867
    vertex -49.7125358581543 -45.0162467956543 4.000001907348633
    vertex -49.8286247253418 -44.997982025146484 4.000001907348633
  endloop
endfacet
facet normal 0.0 0.0 0.0
  outer loop
    vertex -50.711605072021484 47.71597671508789 2.6640024185180664
    vertex -50.75925827026367 47.6683235168457 4.000001907348633
    vertex -51.04460525512695 47.38297653198242 4.000001907348633
  endloop
endfacet
facet normal 0.0 0.0 0.0
  outer loop
    vertex -51.04460525512695 47.38297653198242 4.000001907348633
    vertex -51.04460525512695 47.38297653198242 2.6640024185180664
    vertex -50.711605072021484 47.71597671508789 2.6640024185180664
  endloop
endfacet
facet normal 0.0 0.0 0.0
  outer loop
    vertex -51.257625579833984 -46.96398162841797 1.3306760787963867
    vertex -51.2758903503418 -46.847896575927734 4.000001907348633
    vertex -51.257625579833984 -46.96398162841797 4.000001907348633
  endloop
endfacet
facet normal 0.0 0.0 0.0
  outer loop
    vertex -51.257625579833984 -46.96398162841797 1.3306760787963867
    vertex -51.257625579833984 -46.96398162841797 4.000001907348633
    vertex -51.2043342590332 -47.068809509277344 4.000001907348633
  endloop
endfacet
facet normal 0.0 0.0 0.0
  outer loop
    vertex -51.04460525512695 47.38297653198242 2.6640024185180664
    vertex -51.0750846862793 47.32301712036133 4.000001907348633
    vertex -51.25761032104492 46.96397018432617 4.000001907348633
  endloop
endfacet
facet normal 0.0 0.0 0.0
  outer loop
    vertex -51.25761032104492 46.96397018432617 4.000001907348633
    vertex -51.25761032104492 46.96397018432617 2.6640024185180664
    vertex -51.04460525512695 47.38297653198242 2.6640024185180664
  endloop
endfacet
facet normal 0.0 0.0 0.0
  outer loop
    vertex -51.04460525512695 47.38297653198242 2.6640024185180664
    vertex -51.04460525512695 47.38297653198242 4.000001907348633
    vertex -51.0750846862793 47.32301712036133 4.000001907348633
  endloop
endfacet
facet normal 0.0 0.0 0.0
  outer loop
    vertex -50.29262161254883 -47.92898178100586 1.3306760787963867
    vertex -50.3974494934082 -47.87569046020508 4.000001907348633
    vertex -50.29262161254883 -47.92898178100586 4.000001907348633
  endloop
endfacet
facet normal 0.0 0.0 0.0
  outer loop
    vertex -51.25761032104492 46.96397018432617 2.6640024185180664
    vertex -51.25761032104492 46.96397018432617 4.000001907348633
    vertex -51.32016372680664 46.56637191772461 4.000001907348633
  endloop
endfacet
facet normal 0.0 0.0 0.0
  outer loop
    vertex -51.32016372680664 46.56637191772461 4.000001907348633
    vertex -51.33060836791992 46.49997329711914 2.6640024185180664
    vertex -51.25761032104492 46.96397018432617 2.6640024185180664
  endloop
endfacet
facet normal 0.0 0.0 0.0
  outer loop
    vertex -50.29262161254883 -47.92898178100586 1.3306760787963867
    vertex -50.29262161254883 -47.92898178100586 4.000001907348633
    vertex -50.17653274536133 -47.94749450683594 4.000001907348633
  endloop
endfacet
facet normal 0.0 0.0 0.0
  outer loop
    vertex -49.364620208740234 -47.92898178100586 1.3306760787963867
    vertex -49.364620208740234 -47.92898178100586 4.000001907348633
    vertex -49.05044937133789 -47.76927185058594 4.000001907348633
  endloop
endfacet
facet normal 0.0 0.0 0.0
  outer loop
    vertex -49.05044937133789 -47.76927185058594 4.000001907348633
    vertex -48.945621490478516 -47.715980529785156 1.3306760787963867
    vertex -49.364620208740234 -47.92898178100586 1.3306760787963867
  endloop
endfacet
facet normal 0.0 0.0 0.0
  outer loop
    vertex -51.33060836791992 46.49997329711914 2.6640024185180664
    vertex -51.32016372680664 46.43357467651367 4.000001907348633
    vertex -51.25761032104492 46.03597640991211 4.000001907348633
  endloop
endfacet
facet normal 0.0 0.0 0.0
  outer loop
    vertex -51.25761032104492 46.03597640991211 4.000001907348633
    vertex -51.25761032104492 46.03597640991211 2.6640024185180664
    vertex -51.33060836791992 46.49997329711914 2.6640024185180664
  endloop
endfacet
facet normal 0.0 0.0 0.0
  outer loop
    vertex -48.945621490478516 -47.715980529785156 1.3306760787963867
    vertex -48.862308502197266 -47.632667541503906 4.000001907348633
    vertex -48.61262130737305 -47.38298034667969 4.000001907348633
  endloop
endfacet
facet normal 0.0 0.0 0.0
  outer loop
    vertex -48.61262130737305 -47.38298034667969 4.000001907348633
    vertex -48.61262130737305 -47.38298034667969 1.3306760787963867
    vertex -48.945621490478516 -47.715980529785156 1.3306760787963867
  endloop
endfacet
facet normal 0.0 0.0 0.0
  outer loop
    vertex -51.25761032104492 46.03597640991211 2.6640024185180664
    vertex -51.22713088989258 45.976016998291016 4.000001907348633
    vertex -51.04460525512695 45.616973876953125 4.000001907348633
  endloop
endfacet
facet normal 0.0 0.0 0.0
  outer loop
    vertex -51.04460525512695 45.616973876953125 4.000001907348633
    vertex -51.04460525512695 45.616973876953125 2.6640024185180664
    vertex -51.25761032104492 46.03597640991211 2.6640024185180664
  endloop
endfacet
facet normal 0.0 0.0 0.0
  outer loop
    vertex -51.25761032104492 46.03597640991211 2.6640024185180664
    vertex -51.25761032104492 46.03597640991211 4.000001907348633
    vertex -51.22713088989258 45.976016998291016 4.000001907348633
  endloop
endfacet
facet normal 0.0 0.0 0.0
  outer loop
    vertex -51.04460525512695 45.616973876953125 2.6640024185180664
    vertex -51.04460525512695 45.616973876953125 4.000001907348633
    vertex -50.75925827026367 45.331626892089844 4.000001907348633
  endloop
endfacet
facet normal 0.0 0.0 0.0
  outer loop
    vertex -50.75925827026367 45.331626892089844 4.000001907348633
    vertex -50.711605072021484 45.283973693847656 2.6640024185180664
    vertex -51.04460525512695 45.616973876953125 2.6640024185180664
  endloop
endfacet
facet normal 0.0 0.0 0.0
  outer loop
    vertex -50.711605072021484 45.283973693847656 2.6640024185180664
    vertex -50.75925827026367 45.331626892089844 4.000001907348633
    vertex -50.711605072021484 45.283973693847656 4.000001907348633
  endloop
endfacet
facet normal 0.0 0.0 0.0
  outer loop
    vertex -50.711605072021484 45.283973693847656 2.6640024185180664
    vertex -50.65164566040039 45.25349426269531 4.000001907348633
    vertex -50.292606353759766 45.07097244262695 4.000001907348633
  endloop
endfacet
facet normal 0.0 0.0 0.0
  outer loop
    vertex -50.292606353759766 45.07097244262695 4.000001907348633
    vertex -50.292606353759766 45.07097244262695 2.6640024185180664
    vertex -50.711605072021484 45.283973693847656 2.6640024185180664
  endloop
endfacet
facet normal 0.0 0.0 0.0
  outer loop
    vertex -50.711605072021484 45.283973693847656 2.6640024185180664
    vertex -50.711605072021484 45.283973693847656 4.000001907348633
    vertex -50.65164566040039 45.25349426269531 4.000001907348633
  endloop
endfacet
facet normal 0.0 0.0 0.0
  outer loop
    vertex -50.292606353759766 45.07097244262695 2.6640024185180664
    vertex -50.292606353759766 45.07097244262695 4.000001907348633
    vertex -49.8950080871582 45.008419036865234 4.000001907348633
  endloop
endfacet
facet normal 0.0 0.0 0.0
  outer loop
    vertex -49.8950080871582 45.008419036865234 4.000001907348633
    vertex -49.828609466552734 44.99797439575195 2.6640024185180664
    vertex -50.292606353759766 45.07097244262695 2.6640024185180664
  endloop
endfacet
facet normal 0.0 0.0 0.0
  outer loop
    vertex -49.828609466552734 44.99797439575195 2.6640024185180664
    vertex -49.828609466552734 44.99797439575195 4.000001907348633
    vertex -49.43100357055664 45.06052780151367 4.000001907348633
  endloop
endfacet
facet normal 0.0 0.0 0.0
  outer loop
    vertex -49.43100357055664 45.06052780151367 4.000001907348633
    vertex -49.36460494995117 45.07097244262695 2.6640024185180664
    vertex -49.828609466552734 44.99797439575195 2.6640024185180664
  endloop
endfacet
facet normal 0.0 0.0 0.0
  outer loop
    vertex -51.257625579833984 -46.035980224609375 1.3306760787963867
    vertex -51.2758903503418 -46.15206527709961 4.000001907348633
    vertex -51.330623626708984 -46.49998092651367 4.000001907348633
  endloop
endfacet
facet normal 0.0 0.0 0.0
  outer loop
    vertex -51.330623626708984 -46.49998092651367 4.000001907348633
    vertex -51.330623626708984 -46.49998092651367 1.3306760787963867
    vertex -51.257625579833984 -46.035980224609375 1.3306760787963867
  endloop
endfacet
facet normal 0.0 0.0 0.0
  outer loop
    vertex -49.36460494995117 45.07097244262695 2.6640024185180664
    vertex -49.30464553833008 45.1014518737793 4.000001907348633
    vertex -48.94560623168945 45.283973693847656 4.000001907348633
  endloop
endfacet
facet normal 0.0 0.0 0.0
  outer loop
    vertex -48.94560623168945 45.283973693847656 4.000001907348633
    vertex -48.94560623168945 45.283973693847656 2.6640024185180664
    vertex -49.36460494995117 45.07097244262695 2.6640024185180664
  endloop
endfacet
facet normal 0.0 0.0 0.0
  outer loop
    vertex -48.325618743896484 -46.49998092651367 1.3306760787963867
    vertex -48.34413528442383 -46.38389587402344 4.000001907348633
    vertex -48.39962387084961 -46.035980224609375 4.000001907348633
  endloop
endfacet
facet normal 0.0 0.0 0.0
  outer loop
    vertex -48.39962387084961 -46.035980224609375 4.000001907348633
    vertex -48.39962387084961 -46.035980224609375 1.3306760787963867
    vertex -48.325618743896484 -46.49998092651367 1.3306760787963867
  endloop
endfacet
facet normal 0.0 0.0 0.0
  outer loop
    vertex -48.39962387084961 -46.035980224609375 1.3306760787963867
    vertex -48.39962387084961 -46.035980224609375 4.000001907348633
    vertex -48.559329986572266 -45.72180938720703 4.000001907348633
  endloop
endfacet
facet normal 0.0 0.0 0.0
  outer loop
    vertex -48.559329986572266 -45.72180938720703 4.000001907348633
    vertex -48.61262130737305 -45.616981506347656 1.3306760787963867
    vertex -48.39962387084961 -46.035980224609375 1.3306760787963867
  endloop
endfacet
facet normal 0.0 0.0 0.0
  outer loop
    vertex -48.945621490478516 -45.28398132324219 1.3306760787963867
    vertex -49.05044937133789 -45.230690002441406 4.000001907348633
    vertex -49.364620208740234 -45.070980072021484 4.000001907348633
  endloop
endfacet
facet normal 0.0 0.0 0.0
  outer loop
    vertex -49.364620208740234 -45.070980072021484 4.000001907348633
    vertex -49.364620208740234 -45.070980072021484 1.3306760787963867
    vertex -48.945621490478516 -45.28398132324219 1.3306760787963867
  endloop
endfacet
facet normal 0.0 0.0 0.0
  outer loop
    vertex -49.364620208740234 -45.070980072021484 1.3306760787963867
    vertex -49.364620208740234 -45.070980072021484 4.000001907348633
    vertex -49.7125358581543 -45.0162467956543 4.000001907348633
  endloop
endfacet
facet normal 0.0 0.0 0.0
  outer loop
    vertex -49.7125358581543 -45.0162467956543 4.000001907348633
    vertex -49.8286247253418 -44.997982025146484 1.3306760787963867
    vertex -49.364620208740234 -45.070980072021484 1.3306760787963867
  endloop
endfacet
facet normal 0.0 0.0 0.0
  outer loop
    vertex -48.612606048583984 45.616973876953125 2.6640024185180664
    vertex -48.58212661743164 45.67693328857422 4.000001907348633
    vertex -48.39960861206055 46.03597640991211 4.000001907348633
  endloop
endfacet
facet normal 0.0 0.0 0.0
  outer loop
    vertex -48.39960861206055 46.03597640991211 4.000001907348633
    vertex -48.39960861206055 46.03597640991211 2.6640024185180664
    vertex -48.612606048583984 45.616973876953125 2.6640024185180664
  endloop
endfacet
facet normal 0.0 0.0 0.0
  outer loop
    vertex -48.39960861206055 46.03597640991211 2.6640024185180664
    vertex -48.39960861206055 46.03597640991211 4.000001907348633
    vertex -48.38901901245117 46.10237503051758 4.000001907348633
  endloop
endfacet
facet normal 0.0 0.0 0.0
  outer loop
    vertex -48.39960861206055 46.03597640991211 2.6640024185180664
    vertex -48.38901901245117 46.10237503051758 4.000001907348633
    vertex -48.32560348510742 46.49997329711914 4.000001907348633
  endloop
endfacet
facet normal 0.0 0.0 0.0
  outer loop
    vertex -48.32560348510742 46.49997329711914 4.000001907348633
    vertex -48.32560348510742 46.49997329711914 2.6640024185180664
    vertex -48.39960861206055 46.03597640991211 2.6640024185180664
  endloop
endfacet
facet normal 0.0 0.0 0.0
  outer loop
    vertex -51.257625579833984 -46.96398162841797 1.3306760787963867
    vertex -51.2043342590332 -47.068809509277344 4.000001907348633
    vertex -51.044620513916016 -47.38298034667969 4.000001907348633
  endloop
endfacet
facet normal 0.0 0.0 0.0
  outer loop
    vertex -51.044620513916016 -47.38298034667969 4.000001907348633
    vertex -51.044620513916016 -47.38298034667969 1.3306760787963867
    vertex -51.257625579833984 -46.96398162841797 1.3306760787963867
  endloop
endfacet
facet normal 0.0 0.0 0.0
  outer loop
    vertex -48.32560348510742 46.49997329711914 2.6640024185180664
    vertex -48.3361930847168 46.56637191772461 4.000001907348633
    vertex -48.39960861206055 46.96397018432617 4.000001907348633
  endloop
endfacet
facet normal 0.0 0.0 0.0
  outer loop
    vertex -48.39960861206055 46.96397018432617 4.000001907348633
    vertex -48.39960861206055 46.96397018432617 2.6640024185180664
    vertex -48.32560348510742 46.49997329711914 2.6640024185180664
  endloop
endfacet
facet normal 0.0 0.0 0.0
  outer loop
    vertex -48.32560348510742 46.49997329711914 2.6640024185180664
    vertex -48.32560348510742 46.49997329711914 4.000001907348633
    vertex -48.3361930847168 46.56637191772461 4.000001907348633
  endloop
endfacet
facet normal 0.0 0.0 0.0
  outer loop
    vertex -51.044620513916016 -47.38298034667969 1.3306760787963867
    vertex -51.044620513916016 -47.38298034667969 4.000001907348633
    vertex -50.7949333190918 -47.632667541503906 4.000001907348633
  endloop
endfacet
facet normal 0.0 0.0 0.0
  outer loop
    vertex -50.7949333190918 -47.632667541503906 4.000001907348633
    vertex -50.71162033081055 -47.715980529785156 1.3306760787963867
    vertex -51.044620513916016 -47.38298034667969 1.3306760787963867
  endloop
endfacet
facet normal 0.0 0.0 0.0
  outer loop
    vertex -50.71162033081055 -47.715980529785156 1.3306760787963867
    vertex -50.7949333190918 -47.632667541503906 4.000001907348633
    vertex -50.71162033081055 -47.715980529785156 4.000001907348633
  endloop
endfacet
facet normal 0.0 0.0 0.0
  outer loop
    vertex -48.612606048583984 47.38297653198242 2.6640024185180664
    vertex -48.58212661743164 47.32301712036133 4.000001907348633
    vertex -48.612606048583984 47.38297653198242 4.000001907348633
  endloop
endfacet
facet normal 0.0 0.0 0.0
  outer loop
    vertex -48.39960861206055 46.96397018432617 2.6640024185180664
    vertex -48.39960861206055 46.96397018432617 4.000001907348633
    vertex -48.58212661743164 47.32301712036133 4.000001907348633
  endloop
endfacet
facet normal 0.0 0.0 0.0
  outer loop
    vertex -48.58212661743164 47.32301712036133 4.000001907348633
    vertex -48.612606048583984 47.38297653198242 2.6640024185180664
    vertex -48.39960861206055 46.96397018432617 2.6640024185180664
  endloop
endfacet
facet normal 0.0 0.0 0.0
  outer loop
    vertex -50.71162033081055 -47.715980529785156 1.3306760787963867
    vertex -50.71162033081055 -47.715980529785156 4.000001907348633
    vertex -50.3974494934082 -47.87569046020508 4.000001907348633
  endloop
endfacet
facet normal 0.0 0.0 0.0
  outer loop
    vertex -50.3974494934082 -47.87569046020508 4.000001907348633
    vertex -50.29262161254883 -47.92898178100586 1.3306760787963867
    vertex -50.71162033081055 -47.715980529785156 1.3306760787963867
  endloop
endfacet
facet normal 0.0 0.0 0.0
  outer loop
    vertex -50.29262161254883 -47.92898178100586 1.3306760787963867
    vertex -50.17653274536133 -47.94749450683594 4.000001907348633
    vertex -49.8286247253418 -48.00297927856445 4.000001907348633
  endloop
endfacet
facet normal 0.0 0.0 0.0
  outer loop
    vertex -49.8286247253418 -48.00297927856445 4.000001907348633
    vertex -49.8286247253418 -48.00297927856445 1.3306760787963867
    vertex -50.29262161254883 -47.92898178100586 1.3306760787963867
  endloop
endfacet
facet normal 0.0 0.0 0.0
  outer loop
    vertex -48.612606048583984 47.38297653198242 2.6640024185180664
    vertex -48.612606048583984 47.38297653198242 4.000001907348633
    vertex -48.66025924682617 47.43062973022461 4.000001907348633
  endloop
endfacet
facet normal 0.0 0.0 0.0
  outer loop
    vertex -49.828609466552734 48.00297164916992 2.6640024185180664
    vertex -49.8950080871582 47.99238204956055 4.000001907348633
    vertex -50.292606353759766 47.92897415161133 4.000001907348633
  endloop
endfacet
facet normal 0.0 0.0 0.0
  outer loop
    vertex -50.292606353759766 47.92897415161133 4.000001907348633
    vertex -50.292606353759766 47.92897415161133 2.6640024185180664
    vertex -49.828609466552734 48.00297164916992 2.6640024185180664
  endloop
endfacet
facet normal 0.0 0.0 0.0
  outer loop
    vertex -49.828609466552734 48.00297164916992 2.6640024185180664
    vertex -49.828609466552734 48.00297164916992 4.000001907348633
    vertex -49.8950080871582 47.99238204956055 4.000001907348633
  endloop
endfacet
facet normal 0.0 0.0 0.0
  outer loop
    vertex -49.8286247253418 -48.00297927856445 1.3306760787963867
    vertex -49.8286247253418 -48.00297927856445 4.000001907348633
    vertex -49.480709075927734 -47.94749450683594 4.000001907348633
  endloop
endfacet
facet normal 0.0 0.0 0.0
  outer loop
    vertex -49.480709075927734 -47.94749450683594 4.000001907348633
    vertex -49.364620208740234 -47.92898178100586 1.3306760787963867
    vertex -49.8286247253418 -48.00297927856445 1.3306760787963867
  endloop
endfacet
facet normal 0.0 0.0 0.0
  outer loop
    vertex -50.711605072021484 47.71597671508789 2.6640024185180664
    vertex -50.65164566040039 47.746456146240234 4.000001907348633
    vertex -50.711605072021484 47.71597671508789 4.000001907348633
  endloop
endfacet
facet normal 0.0 0.0 0.0
  outer loop
    vertex -50.292606353759766 47.92897415161133 2.6640024185180664
    vertex -50.292606353759766 47.92897415161133 4.000001907348633
    vertex -50.65164566040039 47.746456146240234 4.000001907348633
  endloop
endfacet
facet normal 0.0 0.0 0.0
  outer loop
    vertex -50.65164566040039 47.746456146240234 4.000001907348633
    vertex -50.711605072021484 47.71597671508789 2.6640024185180664
    vertex -50.292606353759766 47.92897415161133 2.6640024185180664
  endloop
endfacet
facet normal 0.0 0.0 0.0
  outer loop
    vertex -48.612606048583984 47.38297653198242 2.6640024185180664
    vertex -48.66025924682617 47.43062973022461 4.000001907348633
    vertex -48.94560623168945 47.71597671508789 4.000001907348633
  endloop
endfacet
facet normal 0.0 0.0 0.0
  outer loop
    vertex -48.94560623168945 47.71597671508789 4.000001907348633
    vertex -48.94560623168945 47.71597671508789 2.6640024185180664
    vertex -48.612606048583984 47.38297653198242 2.6640024185180664
  endloop
endfacet
facet normal 0.0 0.0 0.0
  outer loop
    vertex -48.94560623168945 47.71597671508789 2.6640024185180664
    vertex -48.94560623168945 47.71597671508789 4.000001907348633
    vertex -49.30464553833008 47.898494720458984 4.000001907348633
  endloop
endfacet
facet normal 0.0 0.0 0.0
  outer loop
    vertex -49.30464553833008 47.898494720458984 4.000001907348633
    vertex -49.36460494995117 47.92897415161133 2.6640024185180664
    vertex -48.94560623168945 47.71597671508789 2.6640024185180664
  endloop
endfacet
facet normal 0.0 0.0 0.0
  outer loop
    vertex -51.044620513916016 -45.616981506347656 1.3306760787963867
    vertex -48.39962387084961 -46.96398162841797 1.3306760787963867
    vertex -50.71162033081055 -45.28398132324219 1.3306760787963867
  endloop
endfacet
facet normal 0.0 0.0 0.0
  outer loop
    vertex -51.257625579833984 -46.035980224609375 1.3306760787963867
    vertex -48.39962387084961 -46.96398162841797 1.3306760787963867
    vertex -51.044620513916016 -45.616981506347656 1.3306760787963867
  endloop
endfacet
facet normal 0.0 0.0 0.0
  outer loop
    vertex -50.71162033081055 -45.28398132324219 1.3306760787963867
    vertex -48.39962387084961 -46.96398162841797 1.3306760787963867
    vertex -50.29262161254883 -45.070980072021484 1.3306760787963867
  endloop
endfacet
facet normal 0.0 0.0 0.0
  outer loop
    vertex -51.330623626708984 -46.49998092651367 1.3306760787963867
    vertex -48.39962387084961 -46.96398162841797 1.3306760787963867
    vertex -51.257625579833984 -46.035980224609375 1.3306760787963867
  endloop
endfacet
facet normal 0.0 0.0 0.0
  outer loop
    vertex -51.257625579833984 -46.96398162841797 1.3306760787963867
    vertex -49.364620208740234 -47.92898178100586 1.3306760787963867
    vertex -51.330623626708984 -46.49998092651367 1.3306760787963867
  endloop
endfacet
facet normal 0.0 0.0 0.0
  outer loop
    vertex -50.29262161254883 -45.070980072021484 1.3306760787963867
    vertex -48.39962387084961 -46.96398162841797 1.3306760787963867
    vertex -49.8286247253418 -44.997982025146484 1.3306760787963867
  endloop
endfacet
facet normal 0.0 0.0 0.0
  outer loop
    vertex -49.8286247253418 -44.997982025146484 1.3306760787963867
    vertex -48.325618743896484 -46.49998092651367 1.3306760787963867
    vertex -48.39962387084961 -46.035980224609375 1.3306760787963867
  endloop
endfacet
facet normal 0.0 0.0 0.0
  outer loop
    vertex -48.61262130737305 -45.616981506347656 1.3306760787963867
    vertex -49.364620208740234 -45.070980072021484 1.3306760787963867
    vertex -48.39962387084961 -46.035980224609375 1.3306760787963867
  endloop
endfacet
facet normal 0.0 0.0 0.0
  outer loop
    vertex -48.945621490478516 -45.28398132324219 1.3306760787963867
    vertex -49.364620208740234 -45.070980072021484 1.3306760787963867
    vertex -48.61262130737305 -45.616981506347656 1.3306760787963867
  endloop
endfacet
facet normal 0.0 0.0 0.0
  outer loop
    vertex -49.8286247253418 -44.997982025146484 1.3306760787963867
    vertex -48.39962387084961 -46.035980224609375 1.3306760787963867
    vertex -49.364620208740234 -45.070980072021484 1.3306760787963867
  endloop
endfacet
facet normal 0.0 0.0 0.0
  outer loop
    vertex -51.044620513916016 -47.38298034667969 1.3306760787963867
    vertex -50.71162033081055 -47.715980529785156 1.3306760787963867
    vertex -51.257625579833984 -46.96398162841797 1.3306760787963867
  endloop
endfacet
facet normal 0.0 0.0 0.0
  outer loop
    vertex -50.71162033081055 -47.715980529785156 1.3306760787963867
    vertex -50.29262161254883 -47.92898178100586 1.3306760787963867
    vertex -51.257625579833984 -46.96398162841797 1.3306760787963867
  endloop
endfacet
facet normal 0.0 0.0 0.0
  outer loop
    vertex -51.257625579833984 -46.96398162841797 1.3306760787963867
    vertex -50.29262161254883 -47.92898178100586 1.3306760787963867
    vertex -49.8286247253418 -48.00297927856445 1.3306760787963867
  endloop
endfacet
facet normal 0.0 0.0 0.0
  outer loop
    vertex -51.257625579833984 -46.96398162841797 1.3306760787963867
    vertex -49.8286247253418 -48.00297927856445 1.3306760787963867
    vertex -49.364620208740234 -47.92898178100586 1.3306760787963867
  endloop
endfacet
facet normal 0.0 0.0 0.0
  outer loop
    vertex -48.945621490478516 -47.715980529785156 1.3306760787963867
    vertex -51.330623626708984 -46.49998092651367 1.3306760787963867
    vertex -49.364620208740234 -47.92898178100586 1.3306760787963867
  endloop
endfacet
facet normal 0.0 0.0 0.0
  outer loop
    vertex -48.61262130737305 -47.38298034667969 1.3306760787963867
    vertex -51.330623626708984 -46.49998092651367 1.3306760787963867
    vertex -48.945621490478516 -47.715980529785156 1.3306760787963867
  endloop
endfacet
facet normal 0.0 0.0 0.0
  outer loop
    vertex -48.39962387084961 -46.96398162841797 1.3306760787963867
    vertex -51.330623626708984 -46.49998092651367 1.3306760787963867
    vertex -48.61262130737305 -47.38298034667969 1.3306760787963867
  endloop
endfacet
facet normal 0.0 0.0 0.0
  outer loop
    vertex -48.325618743896484 -46.49998092651367 1.3306760787963867
    vertex -49.8286247253418 -44.997982025146484 1.3306760787963867
    vertex -48.39962387084961 -46.96398162841797 1.3306760787963867
  endloop
endfacet
facet normal 0.0 0.0 0.0
  outer loop
    vertex -50.711605072021484 47.71597671508789 4.000001907348633
    vertex -51.04460525512695 47.38297653198242 4.000001907348633
    vertex -50.75925827026367 47.6683235168457 4.000001907348633
  endloop
endfacet
facet normal 0.0 0.0 0.0
  outer loop
    vertex -48.32560348510742 46.49997329711914 4.000001907348633
    vertex -48.38901901245117 46.10237503051758 4.000001907348633
    vertex -48.34413528442383 -46.38389587402344 4.000001907348633
  endloop
endfacet
facet normal 0.0 0.0 0.0
  outer loop
    vertex -48.32560348510742 46.49997329711914 4.000001907348633
    vertex -48.34413528442383 -46.38389587402344 4.000001907348633
    vertex -48.325618743896484 -46.49998092651367 4.000001907348633
  endloop
endfacet
facet normal 0.0 0.0 0.0
  outer loop
    vertex -48.32560348510742 46.49997329711914 4.000001907348633
    vertex -48.325618743896484 -46.49998092651367 4.000001907348633
    vertex -45.3286247253418 -59.99997329711914 4.000001907348633
  endloop
endfacet
facet normal 0.0 0.0 0.0
  outer loop
    vertex -48.32560348510742 46.49997329711914 4.000001907348633
    vertex -45.3286247253418 -59.99997329711914 4.000001907348633
    vertex -47.328617095947266 31.72626495361328 4.000001907348633
  endloop
endfacet
facet normal 0.0 0.0 0.0
  outer loop
    vertex -48.32560348510742 46.49997329711914 4.000001907348633
    vertex -47.328617095947266 31.72626495361328 4.000001907348633
    vertex -47.328609466552734 48.99997329711914 4.000001907348633
  endloop
endfacet
facet normal 0.0 0.0 0.0
  outer loop
    vertex -48.32560348510742 46.49997329711914 4.000001907348633
    vertex -47.328609466552734 48.99997329711914 4.000001907348633
    vertex -48.3361930847168 46.56637191772461 4.000001907348633
  endloop
endfacet
facet normal 0.0 0.0 0.0
  outer loop
    vertex -48.39960861206055 46.03597640991211 4.000001907348633
    vertex -48.58212661743164 45.67693328857422 4.000001907348633
    vertex -48.559329986572266 -45.72180938720703 4.000001907348633
  endloop
endfacet
facet normal 0.0 0.0 0.0
  outer loop
    vertex -48.39960861206055 46.03597640991211 4.000001907348633
    vertex -48.559329986572266 -45.72180938720703 4.000001907348633
    vertex -48.39962387084961 -46.035980224609375 4.000001907348633
  endloop
endfacet
facet normal 0.0 0.0 0.0
  outer loop
    vertex -48.39960861206055 46.03597640991211 4.000001907348633
    vertex -48.39962387084961 -46.035980224609375 4.000001907348633
    vertex -48.34413528442383 -46.38389587402344 4.000001907348633
  endloop
endfacet
facet normal 0.0 0.0 0.0
  outer loop
    vertex -48.39960861206055 46.03597640991211 4.000001907348633
    vertex -48.34413528442383 -46.38389587402344 4.000001907348633
    vertex -48.38901901245117 46.10237503051758 4.000001907348633
  endloop
endfacet
facet normal 0.0 0.0 0.0
  outer loop
    vertex -47.328609466552734 48.99997329711914 4.000001907348633
    vertex -53.328609466552734 48.99997329711914 4.000001907348633
    vertex -53.328617095947266 48.42668914794922 4.000001907348633
  endloop
endfacet
facet normal 0.0 0.0 0.0
  outer loop
    vertex -53.328617095947266 48.42668914794922 4.000001907348633
    vertex -50.292606353759766 47.92897415161133 4.000001907348633
    vertex -47.328609466552734 48.99997329711914 4.000001907348633
  endloop
endfacet
facet normal 0.0 0.0 0.0
  outer loop
    vertex -47.328609466552734 48.99997329711914 4.000001907348633
    vertex -50.292606353759766 47.92897415161133 4.000001907348633
    vertex -49.8950080871582 47.99238204956055 4.000001907348633
  endloop
endfacet
facet normal 0.0 0.0 0.0
  outer loop
    vertex -47.328609466552734 48.99997329711914 4.000001907348633
    vertex -49.8950080871582 47.99238204956055 4.000001907348633
    vertex -49.828609466552734 48.00297164916992 4.000001907348633
  endloop
endfacet
facet normal 0.0 0.0 0.0
  outer loop
    vertex -47.328609466552734 48.99997329711914 4.000001907348633
    vertex -49.828609466552734 48.00297164916992 4.000001907348633
    vertex -49.43100357055664 47.9395637512207 4.000001907348633
  endloop
endfacet
facet normal 0.0 0.0 0.0
  outer loop
    vertex -47.328609466552734 48.99997329711914 4.000001907348633
    vertex -49.43100357055664 47.9395637512207 4.000001907348633
    vertex -49.36460494995117 47.92897415161133 4.000001907348633
  endloop
endfacet
facet normal 0.0 0.0 0.0
  outer loop
    vertex -47.328609466552734 48.99997329711914 4.000001907348633
    vertex -49.36460494995117 47.92897415161133 4.000001907348633
    vertex -49.30464553833008 47.898494720458984 4.000001907348633
  endloop
endfacet
facet normal 0.0 0.0 0.0
  outer loop
    vertex -47.328609466552734 48.99997329711914 4.000001907348633
    vertex -49.30464553833008 47.898494720458984 4.000001907348633
    vertex -48.94560623168945 47.71597671508789 4.000001907348633
  endloop
endfacet
facet normal 0.0 0.0 0.0
  outer loop
    vertex -47.328609466552734 48.99997329711914 4.000001907348633
    vertex -48.94560623168945 47.71597671508789 4.000001907348633
    vertex -48.66025924682617 47.43062973022461 4.000001907348633
  endloop
endfacet
facet normal 0.0 0.0 0.0
  outer loop
    vertex -47.328609466552734 48.99997329711914 4.000001907348633
    vertex -48.66025924682617 47.43062973022461 4.000001907348633
    vertex -48.612606048583984 47.38297653198242 4.000001907348633
  endloop
endfacet
facet normal 0.0 0.0 0.0
  outer loop
    vertex -47.328609466552734 48.99997329711914 4.000001907348633
    vertex -48.612606048583984 47.38297653198242 4.000001907348633
    vertex -48.58212661743164 47.32301712036133 4.000001907348633
  endloop
endfacet
facet normal 0.0 0.0 0.0
  outer loop
    vertex -47.328609466552734 48.99997329711914 4.000001907348633
    vertex -48.58212661743164 47.32301712036133 4.000001907348633
    vertex -48.39960861206055 46.96397018432617 4.000001907348633
  endloop
endfacet
facet normal 0.0 0.0 0.0
  outer loop
    vertex -47.328609466552734 48.99997329711914 4.000001907348633
    vertex -48.39960861206055 46.96397018432617 4.000001907348633
    vertex -48.3361930847168 46.56637191772461 4.000001907348633
  endloop
endfacet
facet normal 0.0 0.0 0.0
  outer loop
    vertex -51.25761032104492 46.96397018432617 4.000001907348633
    vertex -53.328617095947266 47.721256256103516 4.000001907348633
    vertex -53.328609466552734 47.45417785644531 4.000001907348633
  endloop
endfacet
facet normal 0.0 0.0 0.0
  outer loop
    vertex -53.328609466552734 47.45417785644531 4.000001907348633
    vertex -51.32016372680664 46.56637191772461 4.000001907348633
    vertex -51.25761032104492 46.96397018432617 4.000001907348633
  endloop
endfacet
facet normal 0.0 0.0 0.0
  outer loop
    vertex -51.32016372680664 46.56637191772461 4.000001907348633
    vertex -53.328609466552734 47.45417785644531 4.000001907348633
    vertex -53.328609466552734 47.40898513793945 4.000001907348633
  endloop
endfacet
facet normal 0.0 0.0 0.0
  outer loop
    vertex -53.328609466552734 47.40898513793945 4.000001907348633
    vertex -51.33060836791992 46.49997329711914 4.000001907348633
    vertex -51.32016372680664 46.56637191772461 4.000001907348633
  endloop
endfacet
facet normal 0.0 0.0 0.0
  outer loop
    vertex -45.3286247253418 -59.99997329711914 4.000001907348633
    vertex -45.3286247253418 -59.999732971191406 4.000001907348633
    vertex -45.328617095947266 31.72626495361328 4.000001907348633
  endloop
endfacet
facet normal 0.0 0.0 0.0
  outer loop
    vertex -45.3286247253418 -59.99997329711914 4.000001907348633
    vertex -45.328617095947266 31.72626495361328 4.000001907348633
    vertex -45.8474006652832 31.72626495361328 4.000001907348633
  endloop
endfacet
facet normal 0.0 0.0 0.0
  outer loop
    vertex -45.3286247253418 -59.99997329711914 4.000001907348633
    vertex -45.8474006652832 31.72626495361328 4.000001907348633
    vertex -47.328617095947266 31.72626495361328 4.000001907348633
  endloop
endfacet
facet normal 0.0 0.0 0.0
  outer loop
    vertex -45.3286247253418 -59.99997329711914 4.000001907348633
    vertex -48.325618743896484 -46.49998092651367 4.000001907348633
    vertex -48.381107330322266 -46.847896575927734 4.000001907348633
  endloop
endfacet
facet normal 0.0 0.0 0.0
  outer loop
    vertex -45.3286247253418 -59.99997329711914 4.000001907348633
    vertex -48.381107330322266 -46.847896575927734 4.000001907348633
    vertex -48.39962387084961 -46.96398162841797 4.000001907348633
  endloop
endfacet
facet normal 0.0 0.0 0.0
  outer loop
    vertex -45.3286247253418 -59.99997329711914 4.000001907348633
    vertex -48.39962387084961 -46.96398162841797 4.000001907348633
    vertex -48.45291519165039 -47.068809509277344 4.000001907348633
  endloop
endfacet
facet normal 0.0 0.0 0.0
  outer loop
    vertex -45.3286247253418 -59.99997329711914 4.000001907348633
    vertex -48.45291519165039 -47.068809509277344 4.000001907348633
    vertex -48.61262130737305 -47.38298034667969 4.000001907348633
  endloop
endfacet
facet normal 0.0 0.0 0.0
  outer loop
    vertex -45.3286247253418 -59.99997329711914 4.000001907348633
    vertex -48.61262130737305 -47.38298034667969 4.000001907348633
    vertex -48.862308502197266 -47.632667541503906 4.000001907348633
  endloop
endfacet
facet normal 0.0 0.0 0.0
  outer loop
    vertex -45.3286247253418 -59.99997329711914 4.000001907348633
    vertex -48.862308502197266 -47.632667541503906 4.000001907348633
    vertex -48.945621490478516 -47.715980529785156 4.000001907348633
  endloop
endfacet
facet normal 0.0 0.0 0.0
  outer loop
    vertex -45.3286247253418 -59.99997329711914 4.000001907348633
    vertex -48.945621490478516 -47.715980529785156 4.000001907348633
    vertex -49.05044937133789 -47.76927185058594 4.000001907348633
  endloop
endfacet
facet normal 0.0 0.0 0.0
  outer loop
    vertex -45.3286247253418 -59.99997329711914 4.000001907348633
    vertex -49.05044937133789 -47.76927185058594 4.000001907348633
    vertex -49.364620208740234 -47.92898178100586 4.000001907348633
  endloop
endfacet
facet normal 0.0 0.0 0.0
  outer loop
    vertex -45.3286247253418 -59.99997329711914 4.000001907348633
    vertex -49.364620208740234 -47.92898178100586 4.000001907348633
    vertex -49.480709075927734 -47.94749450683594 4.000001907348633
  endloop
endfacet
facet normal 0.0 0.0 0.0
  outer loop
    vertex -45.3286247253418 -59.99997329711914 4.000001907348633
    vertex -49.480709075927734 -47.94749450683594 4.000001907348633
    vertex -49.8286247253418 -48.00297927856445 4.000001907348633
  endloop
endfacet
facet normal 0.0 0.0 0.0
  outer loop
    vertex -45.3286247253418 -59.99997329711914 4.000001907348633
    vertex -49.8286247253418 -48.00297927856445 4.000001907348633
    vertex -50.17653274536133 -47.94749450683594 4.000001907348633
  endloop
endfacet
facet normal 0.0 0.0 0.0
  outer loop
    vertex -45.3286247253418 -59.99997329711914 4.000001907348633
    vertex -50.17653274536133 -47.94749450683594 4.000001907348633
    vertex -50.29262161254883 -47.92898178100586 4.000001907348633
  endloop
endfacet
facet normal 0.0 0.0 0.0
  outer loop
    vertex -45.3286247253418 -59.99997329711914 4.000001907348633
    vertex -50.29262161254883 -47.92898178100586 4.000001907348633
    vertex -50.3974494934082 -47.87569046020508 4.000001907348633
  endloop
endfacet
facet normal 0.0 0.0 0.0
  outer loop
    vertex -45.3286247253418 -59.99997329711914 4.000001907348633
    vertex -50.3974494934082 -47.87569046020508 4.000001907348633
    vertex -50.71162033081055 -47.715980529785156 4.000001907348633
  endloop
endfacet
facet normal 0.0 0.0 0.0
  outer loop
    vertex -45.3286247253418 -59.99997329711914 4.000001907348633
    vertex -50.71162033081055 -47.715980529785156 4.000001907348633
    vertex -50.7949333190918 -47.632667541503906 4.000001907348633
  endloop
endfacet
facet normal 0.0 0.0 0.0
  outer loop
    vertex -45.3286247253418 -59.99997329711914 4.000001907348633
    vertex -50.7949333190918 -47.632667541503906 4.000001907348633
    vertex -51.044620513916016 -47.38298034667969 4.000001907348633
  endloop
endfacet
facet normal 0.0 0.0 0.0
  outer loop
    vertex -45.3286247253418 -59.99997329711914 4.000001907348633
    vertex -51.044620513916016 -47.38298034667969 4.000001907348633
    vertex -51.2043342590332 -47.068809509277344 4.000001907348633
  endloop
endfacet
facet normal 0.0 0.0 0.0
  outer loop
    vertex -45.3286247253418 -59.99997329711914 4.000001907348633
    vertex -51.2043342590332 -47.068809509277344 4.000001907348633
    vertex -51.257625579833984 -46.96398162841797 4.000001907348633
  endloop
endfacet
facet normal 0.0 0.0 0.0
  outer loop
    vertex -51.257625579833984 -46.96398162841797 4.000001907348633
    vertex -53.328617095947266 -47.72126388549805 4.000001907348633
    vertex -53.328617095947266 -52.34580612182617 4.000001907348633
  endloop
endfacet
facet normal 0.0 0.0 0.0
  outer loop
    vertex -53.328617095947266 -52.34580612182617 4.000001907348633
    vertex -45.3286247253418 -59.99997329711914 4.000001907348633
    vertex -51.257625579833984 -46.96398162841797 4.000001907348633
  endloop
endfacet
facet normal 0.0 0.0 0.0
  outer loop
    vertex -45.3286247253418 -59.99997329711914 4.000001907348633
    vertex -53.328617095947266 -52.34580612182617 4.000001907348633
    vertex -53.328617095947266 -52.34741973876953 4.000001907348633
  endloop
endfacet
facet normal 0.0 0.0 0.0
  outer loop
    vertex -45.3286247253418 -59.99997329711914 4.000001907348633
    vertex -53.328617095947266 -52.34741973876953 4.000001907348633
    vertex -53.328617095947266 -52.34746551513672 4.000001907348633
  endloop
endfacet
facet normal 0.0 0.0 0.0
  outer loop
    vertex -45.3286247253418 -59.99997329711914 4.000001907348633
    vertex -53.328617095947266 -52.34746551513672 4.000001907348633
    vertex -53.328617095947266 -58.32423782348633 4.000000953674316
  endloop
endfacet
facet normal 0.0 0.0 0.0
  outer loop
    vertex -45.3286247253418 -59.99997329711914 4.000001907348633
    vertex -53.328617095947266 -58.32423782348633 4.000000953674316
    vertex -53.328617095947266 -58.32933807373047 4.000000953674316
  endloop
endfacet
facet normal 0.0 0.0 0.0
  outer loop
    vertex -45.3286247253418 -59.99997329711914 4.000001907348633
    vertex -53.328617095947266 -58.32933807373047 4.000000953674316
    vertex -53.328617095947266 -58.36423110961914 4.000000953674316
  endloop
endfacet
facet normal 0.0 0.0 0.0
  outer loop
    vertex -45.3286247253418 -59.99997329711914 4.000001907348633
    vertex -53.328617095947266 -58.36423110961914 4.000000953674316
    vertex -53.328617095947266 -58.38370895385742 4.000000953674316
  endloop
endfacet
facet normal 0.0 0.0 0.0
  outer loop
    vertex -45.3286247253418 -59.99997329711914 4.000001907348633
    vertex -53.328617095947266 -58.38370895385742 4.000000953674316
    vertex -53.328617095947266 -58.38693618774414 4.000000953674316
  endloop
endfacet
facet normal 0.0 0.0 0.0
  outer loop
    vertex -45.3286247253418 -59.99997329711914 4.000001907348633
    vertex -53.328617095947266 -58.38693618774414 4.000000953674316
    vertex -53.328617095947266 -58.38731002807617 4.000000953674316
  endloop
endfacet
facet normal 0.0 0.0 0.0
  outer loop
    vertex -45.3286247253418 -59.99997329711914 4.000001907348633
    vertex -53.328617095947266 -58.38731002807617 4.000000953674316
    vertex -53.328617095947266 -58.38954544067383 4.000000953674316
  endloop
endfacet
facet normal 0.0 0.0 0.0
  outer loop
    vertex -45.3286247253418 -59.99997329711914 4.000001907348633
    vertex -53.328617095947266 -58.38954544067383 4.000000953674316
    vertex -53.328617095947266 -59.99997329711914 4.000001907348633
  endloop
endfacet
facet normal 0.0 0.0 0.0
  outer loop
    vertex -51.2758903503418 -46.847896575927734 4.000001907348633
    vertex -53.328617095947266 -47.6439094543457 4.000001907348633
    vertex -53.328617095947266 -47.72126388549805 4.000001907348633
  endloop
endfacet
facet normal 0.0 0.0 0.0
  outer loop
    vertex -53.328617095947266 -47.72126388549805 4.000001907348633
    vertex -51.257625579833984 -46.96398162841797 4.000001907348633
    vertex -51.2758903503418 -46.847896575927734 4.000001907348633
  endloop
endfacet
facet normal 0.0 0.0 0.0
  outer loop
    vertex -51.330623626708984 -46.49998092651367 4.000001907348633
    vertex -53.328617095947266 -47.40898895263672 4.000001907348633
    vertex -53.328617095947266 -47.6439094543457 4.000001907348633
  endloop
endfacet
facet normal 0.0 0.0 0.0
  outer loop
    vertex -53.328617095947266 -47.6439094543457 4.000001907348633
    vertex -51.2758903503418 -46.847896575927734 4.000001907348633
    vertex -51.330623626708984 -46.49998092651367 4.000001907348633
  endloop
endfacet
facet normal 0.0 0.0 0.0
  outer loop
    vertex -51.330623626708984 -46.49998092651367 4.000001907348633
    vertex -53.328617095947266 -18.056644439697266 4.000002861022949
    vertex -53.328617095947266 -47.40898895263672 4.000001907348633
  endloop
endfacet
facet normal 0.0 0.0 0.0
  outer loop
    vertex -49.05044937133789 -45.230690002441406 4.000001907348633
    vertex -48.945621490478516 -45.28398132324219 4.000001907348633
    vertex -48.94560623168945 45.283973693847656 4.000001907348633
  endloop
endfacet
facet normal 0.0 0.0 0.0
  outer loop
    vertex -48.94560623168945 45.283973693847656 4.000001907348633
    vertex -48.945621490478516 -45.28398132324219 4.000001907348633
    vertex -48.6959342956543 -45.533668518066406 4.000001907348633
  endloop
endfacet
facet normal 0.0 0.0 0.0
  outer loop
    vertex -48.94560623168945 45.283973693847656 4.000001907348633
    vertex -48.6959342956543 -45.533668518066406 4.000001907348633
    vertex -48.66025924682617 45.56932067871094 4.000001907348633
  endloop
endfacet
facet normal 0.0 0.0 0.0
  outer loop
    vertex -48.66025924682617 45.56932067871094 4.000001907348633
    vertex -48.6959342956543 -45.533668518066406 4.000001907348633
    vertex -48.61262130737305 -45.616981506347656 4.000001907348633
  endloop
endfacet
facet normal 0.0 0.0 0.0
  outer loop
    vertex -48.66025924682617 45.56932067871094 4.000001907348633
    vertex -48.61262130737305 -45.616981506347656 4.000001907348633
    vertex -48.612606048583984 45.616973876953125 4.000001907348633
  endloop
endfacet
facet normal 0.0 0.0 0.0
  outer loop
    vertex -48.612606048583984 45.616973876953125 4.000001907348633
    vertex -48.61262130737305 -45.616981506347656 4.000001907348633
    vertex -48.559329986572266 -45.72180938720703 4.000001907348633
  endloop
endfacet
facet normal 0.0 0.0 0.0
  outer loop
    vertex -48.612606048583984 45.616973876953125 4.000001907348633
    vertex -48.559329986572266 -45.72180938720703 4.000001907348633
    vertex -48.58212661743164 45.67693328857422 4.000001907348633
  endloop
endfacet
facet normal 0.0 0.0 0.0
  outer loop
    vertex -50.60679244995117 -45.230690002441406 4.000001907348633
    vertex -50.29262161254883 -45.070980072021484 4.000001907348633
    vertex -50.292606353759766 45.07097244262695 4.000001907348633
  endloop
endfacet
facet normal 0.0 0.0 0.0
  outer loop
    vertex -50.292606353759766 45.07097244262695 4.000001907348633
    vertex -50.29262161254883 -45.070980072021484 4.000001907348633
    vertex -50.17653274536133 -45.05271530151367 4.000001907348633
  endloop
endfacet
facet normal 0.0 0.0 0.0
  outer loop
    vertex -50.292606353759766 45.07097244262695 4.000001907348633
    vertex -50.17653274536133 -45.05271530151367 4.000001907348633
    vertex -49.8950080871582 45.008419036865234 4.000001907348633
  endloop
endfacet
facet normal 0.0 0.0 0.0
  outer loop
    vertex -49.8950080871582 45.008419036865234 4.000001907348633
    vertex -50.17653274536133 -45.05271530151367 4.000001907348633
    vertex -49.8286247253418 -44.997982025146484 4.000001907348633
  endloop
endfacet
facet normal 0.0 0.0 0.0
  outer loop
    vertex -49.8950080871582 45.008419036865234 4.000001907348633
    vertex -49.8286247253418 -44.997982025146484 4.000001907348633
    vertex -49.828609466552734 44.99797439575195 4.000001907348633
  endloop
endfacet
facet normal 0.0 0.0 0.0
  outer loop
    vertex -49.828609466552734 44.99797439575195 4.000001907348633
    vertex -49.8286247253418 -44.997982025146484 4.000001907348633
    vertex -49.7125358581543 -45.0162467956543 4.000001907348633
  endloop
endfacet
facet normal 0.0 0.0 0.0
  outer loop
    vertex -49.828609466552734 44.99797439575195 4.000001907348633
    vertex -49.7125358581543 -45.0162467956543 4.000001907348633
    vertex -49.43100357055664 45.06052780151367 4.000001907348633
  endloop
endfacet
facet normal 0.0 0.0 0.0
  outer loop
    vertex -49.43100357055664 45.06052780151367 4.000001907348633
    vertex -49.7125358581543 -45.0162467956543 4.000001907348633
    vertex -49.364620208740234 -45.070980072021484 4.000001907348633
  endloop
endfacet
facet normal 0.0 0.0 0.0
  outer loop
    vertex -49.43100357055664 45.06052780151367 4.000001907348633
    vertex -49.364620208740234 -45.070980072021484 4.000001907348633
    vertex -49.36460494995117 45.07097244262695 4.000001907348633
  endloop
endfacet
facet normal 0.0 0.0 0.0
  outer loop
    vertex -49.36460494995117 45.07097244262695 4.000001907348633
    vertex -49.364620208740234 -45.070980072021484 4.000001907348633
    vertex -49.05044937133789 -45.230690002441406 4.000001907348633
  endloop
endfacet
facet normal 0.0 0.0 0.0
  outer loop
    vertex -49.36460494995117 45.07097244262695 4.000001907348633
    vertex -49.05044937133789 -45.230690002441406 4.000001907348633
    vertex -49.30464553833008 45.1014518737793 4.000001907348633
  endloop
endfacet
facet normal 0.0 0.0 0.0
  outer loop
    vertex -49.30464553833008 45.1014518737793 4.000001907348633
    vertex -49.05044937133789 -45.230690002441406 4.000001907348633
    vertex -48.94560623168945 45.283973693847656 4.000001907348633
  endloop
endfacet
facet normal 0.0 0.0 0.0
  outer loop
    vertex -51.0979118347168 -45.72180938720703 4.000001907348633
    vertex -51.044620513916016 -45.616981506347656 4.000001907348633
    vertex -51.04460525512695 45.616973876953125 4.000001907348633
  endloop
endfacet
facet normal 0.0 0.0 0.0
  outer loop
    vertex -51.04460525512695 45.616973876953125 4.000001907348633
    vertex -51.044620513916016 -45.616981506347656 4.000001907348633
    vertex -50.7949333190918 -45.36729431152344 4.000001907348633
  endloop
endfacet
facet normal 0.0 0.0 0.0
  outer loop
    vertex -51.04460525512695 45.616973876953125 4.000001907348633
    vertex -50.7949333190918 -45.36729431152344 4.000001907348633
    vertex -50.75925827026367 45.331626892089844 4.000001907348633
  endloop
endfacet
facet normal 0.0 0.0 0.0
  outer loop
    vertex -50.75925827026367 45.331626892089844 4.000001907348633
    vertex -50.7949333190918 -45.36729431152344 4.000001907348633
    vertex -50.71162033081055 -45.28398132324219 4.000001907348633
  endloop
endfacet
facet normal 0.0 0.0 0.0
  outer loop
    vertex -50.75925827026367 45.331626892089844 4.000001907348633
    vertex -50.71162033081055 -45.28398132324219 4.000001907348633
    vertex -50.711605072021484 45.283973693847656 4.000001907348633
  endloop
endfacet
facet normal 0.0 0.0 0.0
  outer loop
    vertex -50.711605072021484 45.283973693847656 4.000001907348633
    vertex -50.71162033081055 -45.28398132324219 4.000001907348633
    vertex -50.60679244995117 -45.230690002441406 4.000001907348633
  endloop
endfacet
facet normal 0.0 0.0 0.0
  outer loop
    vertex -50.711605072021484 45.283973693847656 4.000001907348633
    vertex -50.60679244995117 -45.230690002441406 4.000001907348633
    vertex -50.65164566040039 45.25349426269531 4.000001907348633
  endloop
endfacet
facet normal 0.0 0.0 0.0
  outer loop
    vertex -50.65164566040039 45.25349426269531 4.000001907348633
    vertex -50.60679244995117 -45.230690002441406 4.000001907348633
    vertex -50.292606353759766 45.07097244262695 4.000001907348633
  endloop
endfacet
facet normal 0.0 0.0 0.0
  outer loop
    vertex -51.2758903503418 -46.15206527709961 4.000001907348633
    vertex -51.257625579833984 -46.035980224609375 4.000001907348633
    vertex -51.25761032104492 46.03597640991211 4.000001907348633
  endloop
endfacet
facet normal 0.0 0.0 0.0
  outer loop
    vertex -51.25761032104492 46.03597640991211 4.000001907348633
    vertex -51.257625579833984 -46.035980224609375 4.000001907348633
    vertex -51.0979118347168 -45.72180938720703 4.000001907348633
  endloop
endfacet
facet normal 0.0 0.0 0.0
  outer loop
    vertex -51.25761032104492 46.03597640991211 4.000001907348633
    vertex -51.0979118347168 -45.72180938720703 4.000001907348633
    vertex -51.22713088989258 45.976016998291016 4.000001907348633
  endloop
endfacet
facet normal 0.0 0.0 0.0
  outer loop
    vertex -51.22713088989258 45.976016998291016 4.000001907348633
    vertex -51.0979118347168 -45.72180938720703 4.000001907348633
    vertex -51.04460525512695 45.616973876953125 4.000001907348633
  endloop
endfacet
facet normal 0.0 0.0 0.0
  outer loop
    vertex -51.25761032104492 46.03597640991211 4.000001907348633
    vertex -51.32016372680664 46.43357467651367 4.000001907348633
    vertex -51.2758903503418 -46.15206527709961 4.000001907348633
  endloop
endfacet
facet normal 0.0 0.0 0.0
  outer loop
    vertex -51.2758903503418 -46.15206527709961 4.000001907348633
    vertex -51.32016372680664 46.43357467651367 4.000001907348633
    vertex -51.33060836791992 46.49997329711914 4.000001907348633
  endloop
endfacet
facet normal 0.0 0.0 0.0
  outer loop
    vertex -51.2758903503418 -46.15206527709961 4.000001907348633
    vertex -51.33060836791992 46.49997329711914 4.000001907348633
    vertex -51.330623626708984 -46.49998092651367 4.000001907348633
  endloop
endfacet
facet normal 0.0 0.0 0.0
  outer loop
    vertex -51.33060836791992 46.49997329711914 4.000001907348633
    vertex -53.328609466552734 47.40898513793945 4.000001907348633
    vertex -53.328617095947266 -11.775853157043457 4.000001907348633
  endloop
endfacet
facet normal 0.0 0.0 0.0
  outer loop
    vertex -53.328617095947266 -11.775853157043457 4.000001907348633
    vertex -51.330623626708984 -46.49998092651367 4.000001907348633
    vertex -51.33060836791992 46.49997329711914 4.000001907348633
  endloop
endfacet
facet normal 0.0 0.0 0.0
  outer loop
    vertex -51.330623626708984 -46.49998092651367 4.000001907348633
    vertex -53.328617095947266 -11.775853157043457 4.000001907348633
    vertex -53.328617095947266 -18.056644439697266 4.000002861022949
  endloop
endfacet
facet normal 0.0 0.0 0.0
  outer loop
    vertex -50.65164566040039 47.746456146240234 4.000001907348633
    vertex -50.292606353759766 47.92897415161133 4.000001907348633
    vertex -50.711605072021484 47.71597671508789 4.000001907348633
  endloop
endfacet
facet normal 0.0 0.0 0.0
  outer loop
    vertex -50.292606353759766 47.92897415161133 4.000001907348633
    vertex -53.328617095947266 48.42668914794922 4.000001907348633
    vertex -53.328617095947266 48.26557159423828 4.000001907348633
  endloop
endfacet
facet normal 0.0 0.0 0.0
  outer loop
    vertex -53.328617095947266 48.26557159423828 4.000001907348633
    vertex -50.711605072021484 47.71597671508789 4.000001907348633
    vertex -50.292606353759766 47.92897415161133 4.000001907348633
  endloop
endfacet
facet normal 0.0 0.0 0.0
  outer loop
    vertex -50.711605072021484 47.71597671508789 4.000001907348633
    vertex -53.328617095947266 48.26557159423828 4.000001907348633
    vertex -53.328617095947266 48.02183532714844 4.000001907348633
  endloop
endfacet
facet normal 0.0 0.0 0.0
  outer loop
    vertex -53.328617095947266 48.02183532714844 4.000001907348633
    vertex -51.04460525512695 47.38297653198242 4.000001907348633
    vertex -50.711605072021484 47.71597671508789 4.000001907348633
  endloop
endfacet
facet normal 0.0 0.0 0.0
  outer loop
    vertex -51.04460525512695 47.38297653198242 4.000001907348633
    vertex -53.328617095947266 48.02183532714844 4.000001907348633
    vertex -53.328617095947266 47.721256256103516 4.000001907348633
  endloop
endfacet
facet normal 0.0 0.0 0.0
  outer loop
    vertex -53.328617095947266 47.721256256103516 4.000001907348633
    vertex -51.25761032104492 46.96397018432617 4.000001907348633
    vertex -51.04460525512695 47.38297653198242 4.000001907348633
  endloop
endfacet
facet normal 0.0 0.0 0.0
  outer loop
    vertex -51.04460525512695 47.38297653198242 4.000001907348633
    vertex -51.25761032104492 46.96397018432617 4.000001907348633
    vertex -51.0750846862793 47.32301712036133 4.000001907348633
  endloop
endfacet
facet normal 0.0 0.0 0.0
  outer loop
    vertex -53.328617095947266 -59.99997329711914 4.000001907348633
    vertex -53.328617095947266 -58.38954544067383 4.000000953674316
    vertex -53.328617095947266 -59.99997329711914 1.1444091796875e-05
  endloop
endfacet
facet normal 0.0 0.0 0.0
  outer loop
    vertex -53.328617095947266 -59.99997329711914 4.000001907348633
    vertex -53.328617095947266 -59.99997329711914 1.1444091796875e-05
    vertex -53.328617095947266 -59.99997329711914 0.5000095367431641
  endloop
endfacet
facet normal 0.0 0.0 0.0
  outer loop
    vertex -53.328617095947266 -59.99997329711914 4.000001907348633
    vertex -53.328617095947266 -59.99997329711914 0.5000095367431641
    vertex -53.328617095947266 -59.99997329711914 0.5000104904174805
  endloop
endfacet
facet normal 0.0 0.0 0.0
  outer loop
    vertex -53.328617095947266 -59.99997329711914 1.1444091796875e-05
    vertex -53.328617095947266 -58.38954544067383 4.000000953674316
    vertex -53.328617095947266 -58.38731002807617 4.000000953674316
  endloop
endfacet
facet normal 0.0 0.0 0.0
  outer loop
    vertex -53.328617095947266 -59.99997329711914 1.1444091796875e-05
    vertex -53.328617095947266 -58.38731002807617 4.000000953674316
    vertex -53.328617095947266 -58.38693618774414 4.000000953674316
  endloop
endfacet
facet normal 0.0 0.0 0.0
  outer loop
    vertex -53.328617095947266 -59.99997329711914 1.1444091796875e-05
    vertex -53.328617095947266 -58.38693618774414 4.000000953674316
    vertex -53.328617095947266 -58.38370895385742 4.000000953674316
  endloop
endfacet
facet normal 0.0 0.0 0.0
  outer loop
    vertex -53.328617095947266 -59.99997329711914 1.1444091796875e-05
    vertex -53.328617095947266 -58.38370895385742 4.000000953674316
    vertex -53.328617095947266 -58.36423110961914 4.000000953674316
  endloop
endfacet
facet normal 0.0 0.0 0.0
  outer loop
    vertex -53.328617095947266 -59.99997329711914 1.1444091796875e-05
    vertex -53.328617095947266 -58.36423110961914 4.000000953674316
    vertex -53.328617095947266 -58.32933807373047 4.000000953674316
  endloop
endfacet
facet normal 0.0 0.0 0.0
  outer loop
    vertex -53.328617095947266 -59.99997329711914 1.1444091796875e-05
    vertex -53.328617095947266 -58.32933807373047 4.000000953674316
    vertex -53.328617095947266 -58.32426071166992 1.049041748046875e-05
  endloop
endfacet
facet normal 0.0 0.0 0.0
  outer loop
    vertex -53.328617095947266 -58.32423782348633 4.000000953674316
    vertex -53.328617095947266 -52.34746551513672 4.000001907348633
    vertex -53.328617095947266 -52.34752655029297 1.049041748046875e-05
  endloop
endfacet
facet normal 0.0 0.0 0.0
  outer loop
    vertex -53.328617095947266 -58.32423782348633 4.000000953674316
    vertex -53.328617095947266 -52.34752655029297 1.049041748046875e-05
    vertex -53.328617095947266 -58.32426071166992 1.049041748046875e-05
  endloop
endfacet
facet normal 0.0 0.0 0.0
  outer loop
    vertex -53.328617095947266 -58.32423782348633 4.000000953674316
    vertex -53.328617095947266 -58.32426071166992 1.049041748046875e-05
    vertex -53.328617095947266 -58.32933807373047 4.000000953674316
  endloop
endfacet
facet normal 0.0 0.0 0.0
  outer loop
    vertex -53.328617095947266 -52.34752655029297 1.049041748046875e-05
    vertex -53.328617095947266 -52.34746551513672 4.000001907348633
    vertex -53.328617095947266 -52.34741973876953 4.000001907348633
  endloop
endfacet
facet normal 0.0 0.0 0.0
  outer loop
    vertex -53.328617095947266 -52.34752655029297 1.049041748046875e-05
    vertex -53.328617095947266 -52.34741973876953 4.000001907348633
    vertex -53.328617095947266 -52.34580612182617 4.000001907348633
  endloop
endfacet
facet normal 0.0 0.0 0.0
  outer loop
    vertex -53.328617095947266 -52.34752655029297 1.049041748046875e-05
    vertex -53.328617095947266 -52.34580612182617 4.000001907348633
    vertex -53.328617095947266 -47.72126388549805 4.000001907348633
  endloop
endfacet
facet normal 0.0 0.0 0.0
  outer loop
    vertex -53.328617095947266 -52.34752655029297 1.049041748046875e-05
    vertex -53.328617095947266 -47.72126388549805 4.000001907348633
    vertex -53.328617095947266 -47.6439094543457 4.000001907348633
  endloop
endfacet
facet normal 0.0 0.0 0.0
  outer loop
    vertex -53.328617095947266 -52.34752655029297 1.049041748046875e-05
    vertex -53.328617095947266 -47.6439094543457 4.000001907348633
    vertex -53.328617095947266 -47.40898895263672 4.000001907348633
  endloop
endfacet
facet normal 0.0 0.0 0.0
  outer loop
    vertex -53.328617095947266 -52.34752655029297 1.049041748046875e-05
    vertex -53.328617095947266 -47.40898895263672 4.000001907348633
    vertex -53.328617095947266 -18.056644439697266 4.000002861022949
  endloop
endfacet
facet normal 0.0 0.0 0.0
  outer loop
    vertex -53.328617095947266 -52.34752655029297 1.049041748046875e-05
    vertex -53.328617095947266 -18.056644439697266 4.000002861022949
    vertex -53.328617095947266 -15.847613334655762 6.67572021484375e-06
  endloop
endfacet
facet normal 0.0 0.0 0.0
  outer loop
    vertex -53.328617095947266 -15.847613334655762 6.67572021484375e-06
    vertex -53.328617095947266 -18.056644439697266 4.000002861022949
    vertex -53.328617095947266 -11.775853157043457 4.000001907348633
  endloop
endfacet
facet normal 0.0 0.0 0.0
  outer loop
    vertex -53.328617095947266 -15.847613334655762 6.67572021484375e-06
    vertex -53.328617095947266 -11.775853157043457 4.000001907348633
    vertex -53.328609466552734 47.40898513793945 4.000001907348633
  endloop
endfacet
facet normal 0.0 0.0 0.0
  outer loop
    vertex -53.328617095947266 -15.847613334655762 6.67572021484375e-06
    vertex -53.328609466552734 47.40898513793945 4.000001907348633
    vertex -53.328609466552734 47.45417785644531 4.000001907348633
  endloop
endfacet
facet normal 0.0 0.0 0.0
  outer loop
    vertex -53.328617095947266 -15.847613334655762 6.67572021484375e-06
    vertex -53.328609466552734 47.45417785644531 4.000001907348633
    vertex -53.328617095947266 47.721256256103516 4.000001907348633
  endloop
endfacet
facet normal 0.0 0.0 0.0
  outer loop
    vertex -53.328617095947266 -15.847613334655762 6.67572021484375e-06
    vertex -53.328617095947266 47.721256256103516 4.000001907348633
    vertex -53.328617095947266 48.02183532714844 4.000001907348633
  endloop
endfacet
facet normal 0.0 0.0 0.0
  outer loop
    vertex -53.328617095947266 -15.847613334655762 6.67572021484375e-06
    vertex -53.328617095947266 48.02183532714844 4.000001907348633
    vertex -53.328617095947266 48.26557159423828 4.000001907348633
  endloop
endfacet
facet normal 0.0 0.0 0.0
  outer loop
    vertex -53.328617095947266 -15.847613334655762 6.67572021484375e-06
    vertex -53.328617095947266 48.26557159423828 4.000001907348633
    vertex -53.328617095947266 48.42668914794922 4.000001907348633
  endloop
endfacet
facet normal 0.0 0.0 0.0
  outer loop
    vertex -53.328617095947266 -15.847613334655762 6.67572021484375e-06
    vertex -53.328617095947266 48.42668914794922 4.000001907348633
    vertex -53.328609466552734 48.99997329711914 4.000001907348633
  endloop
endfacet
facet normal 0.0 0.0 0.0
  outer loop
    vertex -53.328617095947266 -15.847613334655762 6.67572021484375e-06
    vertex -53.328609466552734 48.99997329711914 4.000001907348633
    vertex -53.328609466552734 48.99997329711914 4.000001907348633
  endloop
endfacet
facet normal 0.0 0.0 0.0
  outer loop
    vertex -53.328617095947266 -15.847613334655762 6.67572021484375e-06
    vertex -53.328609466552734 48.99997329711914 4.000001907348633
    vertex -53.328609466552734 48.99997329711914 4.000000953674316
  endloop
endfacet
facet normal 0.0 0.0 0.0
  outer loop
    vertex -53.328617095947266 -15.847613334655762 6.67572021484375e-06
    vertex -53.328609466552734 48.99997329711914 4.000000953674316
    vertex -53.328609466552734 49.001869201660156 4.000000953674316
  endloop
endfacet
facet normal 0.0 0.0 0.0
  outer loop
    vertex -53.328617095947266 -15.847613334655762 6.67572021484375e-06
    vertex -53.328609466552734 49.001869201660156 4.000000953674316
    vertex -53.328617095947266 52.347877502441406 4.0
  endloop
endfacet
facet normal 0.0 0.0 0.0
  outer loop
    vertex -53.328617095947266 -15.847613334655762 6.67572021484375e-06
    vertex -53.328617095947266 52.347877502441406 4.0
    vertex -53.328609466552734 52.347877502441406 9.5367431640625e-07
  endloop
endfacet
facet normal 0.0 0.0 0.0
  outer loop
    vertex -53.328617095947266 58.32433319091797 4.0
    vertex -53.328617095947266 59.999969482421875 3.9999990463256836
    vertex -53.328617095947266 58.32433319091797 9.5367431640625e-07
  endloop
endfacet
facet normal 0.0 0.0 0.0
  outer loop
    vertex -53.328617095947266 58.32433319091797 4.0
    vertex -53.328617095947266 58.32433319091797 9.5367431640625e-07
    vertex -53.328609466552734 52.347877502441406 9.5367431640625e-07
  endloop
endfacet
facet normal 0.0 0.0 0.0
  outer loop
    vertex -53.328617095947266 58.32433319091797 4.0
    vertex -53.328609466552734 52.347877502441406 9.5367431640625e-07
    vertex -53.328617095947266 52.347877502441406 4.0
  endloop
endfacet
facet normal 0.0 0.0 0.0
  outer loop
    vertex -53.328617095947266 59.999969482421875 0.4999990463256836
    vertex -53.328617095947266 59.999969482421875 0.0
    vertex -53.328617095947266 58.32433319091797 9.5367431640625e-07
  endloop
endfacet
facet normal 0.0 0.0 0.0
  outer loop
    vertex -53.328617095947266 59.999969482421875 0.4999990463256836
    vertex -53.328617095947266 58.32433319091797 9.5367431640625e-07
    vertex -53.328617095947266 59.999969482421875 3.9999990463256836
  endloop
endfacet
facet normal 0.0 0.0 0.0
  outer loop
    vertex 16.728618621826172 59.99999237060547 4.76837158203125e-06
    vertex 16.728618621826172 59.99999237060547 4.000005722045898
    vertex 16.728618621826172 -59.99999237060547 4.000005722045898
  endloop
endfacet
facet normal 0.0 0.0 0.0
  outer loop
    vertex 16.728618621826172 59.99999237060547 4.76837158203125e-06
    vertex 16.728618621826172 -59.99999237060547 4.000005722045898
    vertex 16.728618621826172 -59.99999237060547 4.76837158203125e-06
  endloop
endfacet
facet normal 0.0 0.0 0.0
  outer loop
    vertex 16.728618621826172 59.99999237060547 4.000005722045898
    vertex 14.728618621826172 48.99999237060547 4.000006675720215
    vertex 14.728618621826172 -48.99999237060547 4.000006675720215
  endloop
endfacet
facet normal 0.0 0.0 0.0
  outer loop
    vertex 16.728618621826172 59.99999237060547 4.000005722045898
    vertex 14.728618621826172 -48.99999237060547 4.000006675720215
    vertex 16.728618621826172 -59.99999237060547 4.000005722045898
  endloop
endfacet
facet normal 0.0 0.0 0.0
  outer loop
    vertex -43.65437698364258 -45.28399658203125 12.00001335144043
    vertex -45.27137756347656 -2.0029983520507812 12.00001335144043
    vertex -43.98737716674805 -45.61699676513672 12.00001335144043
  endloop
endfacet
facet normal 0.0 0.0 0.0
  outer loop
    vertex -44.20037841796875 -46.03599548339844 12.00001335144043
    vertex -43.98737716674805 -45.61699676513672 12.00001335144043
    vertex -45.27137756347656 -2.0029983520507812 12.00001335144043
  endloop
endfacet
facet normal 0.0 0.0 0.0
  outer loop
    vertex -45.27137756347656 -2.0029983520507812 12.00001335144043
    vertex -45.27137756347656 -48.99999237060547 12.00001335144043
    vertex -44.20037841796875 -46.03599548339844 12.00001335144043
  endloop
endfacet
facet normal 0.0 0.0 0.0
  outer loop
    vertex 14.728618621826172 -48.99999237060547 12.000007629394531
    vertex 14.728618621826172 -48.99999237060547 4.000006675720215
    vertex 14.728618621826172 48.99999237060547 12.000007629394531
  endloop
endfacet
facet normal 0.0 0.0 0.0
  outer loop
    vertex 14.728618621826172 48.99999237060547 4.000006675720215
    vertex 14.728618621826172 48.99999237060547 12.000007629394531
    vertex 14.728618621826172 -48.99999237060547 4.000006675720215
  endloop
endfacet
facet normal 0.0 0.0 0.0
  outer loop
    vertex 11.345623016357422 -47.71599578857422 12.000007629394531
    vertex 5.231624603271484 -48.99999237060547 12.000008583068848
    vertex 11.76462173461914 -47.928993225097656 12.000007629394531
  endloop
endfacet
facet normal 0.0 0.0 0.0
  outer loop
    vertex -41.26937484741211 -46.49999237060547 12.000012397766113
    vertex -35.77437973022461 -48.99999237060547 12.000012397766113
    vertex -41.342376708984375 -46.03599548339844 12.000012397766113
  endloop
endfacet
facet normal 0.0 0.0 0.0
  outer loop
    vertex -41.342376708984375 -46.03599548339844 12.000012397766113
    vertex -35.77437973022461 -48.99999237060547 12.000012397766113
    vertex -41.55537796020508 -45.61699676513672 12.000012397766113
  endloop
endfacet
facet normal 0.0 0.0 0.0
  outer loop
    vertex 13.444622039794922 -47.38299560546875 12.000007629394531
    vertex 14.728618621826172 -48.99999237060547 12.000007629394531
    vertex 13.65761947631836 -46.96399688720703 12.000007629394531
  endloop
endfacet
facet normal 0.0 0.0 0.0
  outer loop
    vertex -42.307376861572266 -45.07099151611328 12.000012397766113
    vertex -41.88837814331055 -45.28399658203125 12.000012397766113
    vertex -35.77437973022461 -2.0029983520507812 12.000012397766113
  endloop
endfacet
facet normal 0.0 0.0 0.0
  outer loop
    vertex -42.77137756347656 -44.99799346923828 12.000012397766113
    vertex -42.307376861572266 -45.07099151611328 12.000012397766113
    vertex -35.77437973022461 -2.0029983520507812 12.000012397766113
  endloop
endfacet
facet normal 0.0 0.0 0.0
  outer loop
    vertex 12.692623138427734 -47.928993225097656 12.000007629394531
    vertex 14.728618621826172 -48.99999237060547 12.000007629394531
    vertex 13.111621856689453 -47.71599578857422 12.000007629394531
  endloop
endfacet
facet normal 0.0 0.0 0.0
  outer loop
    vertex 13.444622039794922 -47.38299560546875 12.000007629394531
    vertex 13.111621856689453 -47.71599578857422 12.000007629394531
    vertex 14.728618621826172 -48.99999237060547 12.000007629394531
  endloop
endfacet
facet normal 0.0 0.0 0.0
  outer loop
    vertex 14.728618621826172 -48.99999237060547 12.000007629394531
    vertex 12.692623138427734 -47.928993225097656 12.000007629394531
    vertex 12.228618621826172 -48.00299072265625 12.000007629394531
  endloop
endfacet
facet normal 0.0 0.0 0.0
  outer loop
    vertex 11.76462173461914 -47.928993225097656 12.000007629394531
    vertex 5.231624603271484 -48.99999237060547 12.000008583068848
    vertex 12.228618621826172 -48.00299072265625 12.000007629394531
  endloop
endfacet
facet normal 0.0 0.0 0.0
  outer loop
    vertex 14.728618621826172 -48.99999237060547 12.000007629394531
    vertex 12.228618621826172 -48.00299072265625 12.000007629394531
    vertex 5.231624603271484 -48.99999237060547 12.000008583068848
  endloop
endfacet
facet normal 0.0 0.0 0.0
  outer loop
    vertex -44.27437973022461 -46.49999237060547 12.00001335144043
    vertex -45.27137756347656 -48.99999237060547 12.00001335144043
    vertex -44.20037841796875 -46.96399688720703 12.00001335144043
  endloop
endfacet
facet normal 0.0 0.0 0.0
  outer loop
    vertex -45.27137756347656 -48.99999237060547 12.00001335144043
    vertex -43.98737716674805 -47.38299560546875 12.00001335144043
    vertex -44.20037841796875 -46.96399688720703 12.00001335144043
  endloop
endfacet
facet normal 0.0 0.0 0.0
  outer loop
    vertex 13.444622039794922 45.61699676513672 12.000007629394531
    vertex 13.111621856689453 45.28399658203125 12.000007629394531
    vertex 13.111621856689453 -45.28399658203125 12.000007629394531
  endloop
endfacet
facet normal 0.0 0.0 0.0
  outer loop
    vertex 12.228618621826172 44.99800109863281 12.000007629394531
    vertex 11.76462173461914 45.07099914550781 12.000007629394531
    vertex 12.228618621826172 -44.99799346923828 12.000007629394531
  endloop
endfacet
facet normal 0.0 0.0 0.0
  outer loop
    vertex 11.345623016357422 -45.28399658203125 12.000007629394531
    vertex 11.76462173461914 -45.07099151611328 12.000007629394531
    vertex 11.76462173461914 45.07099914550781 12.000007629394531
  endloop
endfacet
facet normal 0.0 0.0 0.0
  outer loop
    vertex 11.76462173461914 45.07099914550781 12.000007629394531
    vertex 11.345623016357422 45.28399658203125 12.000007629394531
    vertex 11.345623016357422 -45.28399658203125 12.000007629394531
  endloop
endfacet
facet normal 0.0 0.0 0.0
  outer loop
    vertex 11.012622833251953 -45.61699676513672 12.000007629394531
    vertex 11.345623016357422 -45.28399658203125 12.000007629394531
    vertex 11.345623016357422 45.28399658203125 12.000007629394531
  endloop
endfacet
facet normal 0.0 0.0 0.0
  outer loop
    vertex -43.65437698364258 -47.71599578857422 12.00001335144043
    vertex -45.27137756347656 -48.99999237060547 12.00001335144043
    vertex -43.23537826538086 -47.928993225097656 12.000012397766113
  endloop
endfacet
facet normal 0.0 0.0 0.0
  outer loop
    vertex 13.731624603271484 46.5 12.000007629394531
    vertex 13.65761947631836 46.03600311279297 12.000007629394531
    vertex 14.728618621826172 48.99999237060547 12.000007629394531
  endloop
endfacet
facet normal 0.0 0.0 0.0
  outer loop
    vertex 13.65761947631836 46.03600311279297 12.000007629394531
    vertex 13.65761947631836 -46.03599548339844 12.000007629394531
    vertex 14.728618621826172 48.99999237060547 12.000007629394531
  endloop
endfacet
facet normal 0.0 0.0 0.0
  outer loop
    vertex 13.731624603271484 -46.49999237060547 12.000007629394531
    vertex 14.728618621826172 -48.99999237060547 12.000007629394531
    vertex 13.65761947631836 -46.03599548339844 12.000007629394531
  endloop
endfacet
facet normal 0.0 0.0 0.0
  outer loop
    vertex 14.728618621826172 -48.99999237060547 12.000007629394531
    vertex 14.728618621826172 48.99999237060547 12.000007629394531
    vertex 13.65761947631836 -46.03599548339844 12.000007629394531
  endloop
endfacet
facet normal 0.0 0.0 0.0
  outer loop
    vertex 13.731624603271484 -46.49999237060547 12.000007629394531
    vertex 13.65761947631836 -46.96399688720703 12.000007629394531
    vertex 14.728618621826172 -48.99999237060547 12.000007629394531
  endloop
endfacet
facet normal 0.0 0.0 0.0
  outer loop
    vertex -41.88837814331055 -45.28399658203125 12.000012397766113
    vertex -41.55537796020508 -45.61699676513672 12.000012397766113
    vertex -35.77437973022461 -2.0029983520507812 12.000012397766113
  endloop
endfacet
facet normal 0.0 0.0 0.0
  outer loop
    vertex -35.77437973022461 -48.99999237060547 12.000012397766113
    vertex -35.77437973022461 -2.0029983520507812 12.000012397766113
    vertex -41.55537796020508 -45.61699676513672 12.000012397766113
  endloop
endfacet
facet normal 0.0 0.0 0.0
  outer loop
    vertex -41.26937484741211 -46.49999237060547 12.000012397766113
    vertex -41.342376708984375 -46.96399688720703 12.000012397766113
    vertex -35.77437973022461 -48.99999237060547 12.000012397766113
  endloop
endfacet
facet normal 0.0 0.0 0.0
  outer loop
    vertex -41.88837814331055 -47.71599578857422 12.000012397766113
    vertex -35.77437973022461 -48.99999237060547 12.000012397766113
    vertex -41.55537796020508 -47.38299560546875 12.000012397766113
  endloop
endfacet
facet normal 0.0 0.0 0.0
  outer loop
    vertex -41.342376708984375 -46.96399688720703 12.000012397766113
    vertex -41.55537796020508 -47.38299560546875 12.000012397766113
    vertex -35.77437973022461 -48.99999237060547 12.000012397766113
  endloop
endfacet
facet normal 0.0 0.0 0.0
  outer loop
    vertex -42.307376861572266 47.92900085449219 12.000012397766113
    vertex -41.88837814331055 47.71600341796875 12.000012397766113
    vertex -35.77437973022461 48.99999237060547 12.000012397766113
  endloop
endfacet
facet normal 0.0 0.0 0.0
  outer loop
    vertex -41.26937484741211 46.5 12.000012397766113
    vertex -41.342376708984375 46.03600311279297 12.000012397766113
    vertex -35.77437973022461 44.00299835205078 12.000012397766113
  endloop
endfacet
facet normal 0.0 0.0 0.0
  outer loop
    vertex -42.307376861572266 -47.928993225097656 12.000012397766113
    vertex -35.77437973022461 -48.99999237060547 12.000012397766113
    vertex -41.88837814331055 -47.71599578857422 12.000012397766113
  endloop
endfacet
facet normal 0.0 0.0 0.0
  outer loop
    vertex -45.27137756347656 -48.99999237060547 12.00001335144043
    vertex -35.77437973022461 -48.99999237060547 12.000012397766113
    vertex -42.77137756347656 -48.00299072265625 12.000012397766113
  endloop
endfacet
facet normal 0.0 0.0 0.0
  outer loop
    vertex -43.23537826538086 -47.928993225097656 12.000012397766113
    vertex -45.27137756347656 -48.99999237060547 12.00001335144043
    vertex -42.77137756347656 -48.00299072265625 12.000012397766113
  endloop
endfacet
facet normal 0.0 0.0 0.0
  outer loop
    vertex -42.307376861572266 -47.928993225097656 12.000012397766113
    vertex -42.77137756347656 -48.00299072265625 12.000012397766113
    vertex -35.77437973022461 -48.99999237060547 12.000012397766113
  endloop
endfacet
facet normal 0.0 0.0 0.0
  outer loop
    vertex -35.77437973022461 -2.0029983520507812 12.000012397766113
    vertex -45.27137756347656 -2.0029983520507812 12.00001335144043
    vertex -42.77137756347656 -44.99799346923828 12.000012397766113
  endloop
endfacet
facet normal 0.0 0.0 0.0
  outer loop
    vertex 11.345623016357422 -47.71599578857422 12.000007629394531
    vertex 11.012622833251953 -47.38299560546875 12.000007629394531
    vertex 5.231624603271484 -48.99999237060547 12.000008583068848
  endloop
endfacet
facet normal 0.0 0.0 0.0
  outer loop
    vertex -42.77137756347656 44.99800109863281 12.000012397766113
    vertex -43.23537826538086 45.07099914550781 12.000012397766113
    vertex -45.27137756347656 44.00299835205078 12.00001335144043
  endloop
endfacet
facet normal 0.0 0.0 0.0
  outer loop
    vertex -45.27137756347656 48.99999237060547 12.00001335144043
    vertex -42.77137756347656 48.00299072265625 12.000012397766113
    vertex -35.77437973022461 48.99999237060547 12.000012397766113
  endloop
endfacet
facet normal 0.0 0.0 0.0
  outer loop
    vertex -42.77137756347656 48.00299072265625 12.000012397766113
    vertex -42.307376861572266 47.92900085449219 12.000012397766113
    vertex -35.77437973022461 48.99999237060547 12.000012397766113
  endloop
endfacet
facet normal 0.0 0.0 0.0
  outer loop
    vertex 11.76462173461914 47.92900085449219 12.000007629394531
    vertex 12.228618621826172 48.00299072265625 12.000007629394531
    vertex 5.231624603271484 48.99999237060547 12.000008583068848
  endloop
endfacet
facet normal 0.0 0.0 0.0
  outer loop
    vertex 14.728618621826172 48.99999237060547 12.000007629394531
    vertex 5.231624603271484 48.99999237060547 12.000008583068848
    vertex 12.228618621826172 48.00299072265625 12.000007629394531
  endloop
endfacet
facet normal 0.0 0.0 0.0
  outer loop
    vertex 12.228618621826172 48.00299072265625 12.000007629394531
    vertex 12.692623138427734 47.92900085449219 12.000007629394531
    vertex 14.728618621826172 48.99999237060547 12.000007629394531
  endloop
endfacet
facet normal 0.0 0.0 0.0
  outer loop
    vertex 11.76462173461914 47.92900085449219 12.000007629394531
    vertex 5.231624603271484 48.99999237060547 12.000008583068848
    vertex 11.345623016357422 47.71600341796875 12.000007629394531
  endloop
endfacet
facet normal 0.0 0.0 0.0
  outer loop
    vertex -42.77137756347656 48.00299072265625 12.000012397766113
    vertex -42.77137756347656 48.00299072265625 2.6640119552612305
    vertex -42.307376861572266 47.92900085449219 2.6640119552612305
  endloop
endfacet
facet normal 0.0 0.0 0.0
  outer loop
    vertex -45.27137756347656 -48.99999237060547 12.00001335144043
    vertex -43.65437698364258 -47.71599578857422 12.00001335144043
    vertex -43.98737716674805 -47.38299560546875 12.00001335144043
  endloop
endfacet
facet normal 0.0 0.0 0.0
  outer loop
    vertex -44.27437973022461 -46.49999237060547 12.00001335144043
    vertex -44.20037841796875 -46.03599548339844 12.00001335144043
    vertex -45.27137756347656 -48.99999237060547 12.00001335144043
  endloop
endfacet
facet normal 0.0 0.0 0.0
  outer loop
    vertex 12.692623138427734 47.92900085449219 12.000007629394531
    vertex 13.111621856689453 47.71600341796875 12.000007629394531
    vertex 14.728618621826172 48.99999237060547 12.000007629394531
  endloop
endfacet
facet normal 0.0 0.0 0.0
  outer loop
    vertex -44.27437973022461 46.5 12.00001335144043
    vertex -44.20037841796875 46.96399688720703 12.00001335144043
    vertex -45.27137756347656 48.99999237060547 12.00001335144043
  endloop
endfacet
facet normal 0.0 0.0 0.0
  outer loop
    vertex -45.27137756347656 44.00299835205078 12.00001335144043
    vertex -44.27437973022461 46.5 12.00001335144043
    vertex -45.27137756347656 48.99999237060547 12.00001335144043
  endloop
endfacet
facet normal 0.0 0.0 0.0
  outer loop
    vertex -35.77437973022461 49.00299072265625 4.0000104904174805
    vertex 5.231624603271484 49.00299072265625 4.000007629394531
    vertex 16.728618621826172 59.99999237060547 4.000005722045898
  endloop
endfacet
facet normal 0.0 0.0 0.0
  outer loop
    vertex -44.20037841796875 46.96399688720703 2.6640119552612305
    vertex -44.20037841796875 46.96399688720703 12.00001335144043
    vertex -44.27437973022461 46.5 12.00001335144043
  endloop
endfacet
facet normal 0.0 0.0 0.0
  outer loop
    vertex 16.728618621826172 59.99999237060547 4.000005722045898
    vertex -47.27137756347656 59.99999237060547 4.000011444091797
    vertex -35.77437973022461 49.00299072265625 4.0000104904174805
  endloop
endfacet
facet normal 0.0 0.0 0.0
  outer loop
    vertex -35.77437973022461 48.99999237060547 4.0000104904174805
    vertex -35.77437973022461 49.00299072265625 4.0000104904174805
    vertex -45.27137756347656 48.99999237060547 4.000011444091797
  endloop
endfacet
facet normal 0.0 0.0 0.0
  outer loop
    vertex 11.012622833251953 47.38300323486328 12.000007629394531
    vertex 5.231624603271484 48.99999237060547 12.000008583068848
    vertex 10.799617767333984 46.96399688720703 12.000008583068848
  endloop
endfacet
facet normal 0.0 0.0 0.0
  outer loop
    vertex 11.345623016357422 47.71600341796875 12.000007629394531
    vertex 5.231624603271484 48.99999237060547 12.000008583068848
    vertex 11.012622833251953 47.38300323486328 12.000007629394531
  endloop
endfacet
facet normal 0.0 0.0 0.0
  outer loop
    vertex 5.231624603271484 48.99999237060547 4.000007629394531
    vertex 14.728618621826172 48.99999237060547 4.000006675720215
    vertex 5.231624603271484 49.00299072265625 4.000007629394531
  endloop
endfacet
facet normal 0.0 0.0 0.0
  outer loop
    vertex 16.728618621826172 59.99999237060547 4.000005722045898
    vertex 5.231624603271484 49.00299072265625 4.000007629394531
    vertex 14.728618621826172 48.99999237060547 4.000006675720215
  endloop
endfacet
facet normal 0.0 0.0 0.0
  outer loop
    vertex 10.726619720458984 46.5 12.000008583068848
    vertex 10.799617767333984 46.96399688720703 12.000008583068848
    vertex 5.231624603271484 48.99999237060547 12.000008583068848
  endloop
endfacet
facet normal 0.0 0.0 0.0
  outer loop
    vertex 5.231624603271484 49.00299072265625 6.67572021484375e-06
    vertex 5.231624603271484 49.00299072265625 4.000007629394531
    vertex -35.77437973022461 49.00299072265625 4.0000104904174805
  endloop
endfacet
facet normal 0.0 0.0 0.0
  outer loop
    vertex 5.231624603271484 49.00299072265625 6.67572021484375e-06
    vertex -35.77437973022461 49.00299072265625 4.0000104904174805
    vertex -35.77437973022461 49.00299072265625 9.5367431640625e-06
  endloop
endfacet
facet normal 0.0 0.0 0.0
  outer loop
    vertex -35.77437973022461 49.00299072265625 4.0000104904174805
    vertex -35.77437973022461 48.99999237060547 4.0000104904174805
    vertex -35.77437973022461 49.00299072265625 9.5367431640625e-06
  endloop
endfacet
facet normal 0.0 0.0 0.0
  outer loop
    vertex 5.231624603271484 49.00299072265625 4.000007629394531
    vertex 5.231624603271484 49.00299072265625 6.67572021484375e-06
    vertex 5.231624603271484 48.99999237060547 4.000007629394531
  endloop
endfacet
facet normal 0.0 0.0 0.0
  outer loop
    vertex -35.77437973022461 48.99999237060547 4.0000104904174805
    vertex -45.27137756347656 48.99999237060547 4.000011444091797
    vertex -35.77437973022461 48.99999237060547 12.000012397766113
  endloop
endfacet
facet normal 0.0 0.0 0.0
  outer loop
    vertex 14.728618621826172 48.99999237060547 4.000006675720215
    vertex 5.231624603271484 48.99999237060547 4.000007629394531
    vertex 5.231624603271484 48.99999237060547 12.000008583068848
  endloop
endfacet
facet normal 0.0 0.0 0.0
  outer loop
    vertex 14.728618621826172 48.99999237060547 4.000006675720215
    vertex 5.231624603271484 48.99999237060547 12.000008583068848
    vertex 14.728618621826172 48.99999237060547 12.000007629394531
  endloop
endfacet
facet normal 0.0 0.0 0.0
  outer loop
    vertex -45.27137756347656 48.99999237060547 12.00001335144043
    vertex -35.77437973022461 48.99999237060547 12.000012397766113
    vertex -45.27137756347656 48.99999237060547 4.000011444091797
  endloop
endfacet
facet normal 0.0 0.0 0.0
  outer loop
    vertex -35.77437973022461 -49.00230407714844 4.0000104904174805
    vertex 16.728618621826172 -59.99999237060547 4.000005722045898
    vertex 5.231624603271484 -49.00230407714844 4.000007629394531
  endloop
endfacet
facet normal 0.0 0.0 0.0
  outer loop
    vertex -43.98737716674805 -45.61699676513672 2.6640119552612305
    vertex -41.26937484741211 -46.49999237060547 2.6640119552612305
    vertex -43.65437698364258 -45.28399658203125 2.6640119552612305
  endloop
endfacet
facet normal 0.0 0.0 0.0
  outer loop
    vertex -44.20037841796875 -46.03599548339844 2.6640119552612305
    vertex -41.26937484741211 -46.49999237060547 2.6640119552612305
    vertex -43.98737716674805 -45.61699676513672 2.6640119552612305
  endloop
endfacet
facet normal 0.0 0.0 0.0
  outer loop
    vertex -43.23537826538086 -45.07099151611328 2.6640119552612305
    vertex -43.65437698364258 -45.28399658203125 2.6640119552612305
    vertex -41.26937484741211 -46.49999237060547 2.6640119552612305
  endloop
endfacet
facet normal 0.0 0.0 0.0
  outer loop
    vertex -44.27437973022461 -46.49999237060547 2.6640119552612305
    vertex -41.26937484741211 -46.49999237060547 2.6640119552612305
    vertex -44.20037841796875 -46.03599548339844 2.6640119552612305
  endloop
endfacet
facet normal 0.0 0.0 0.0
  outer loop
    vertex -44.20037841796875 -46.96399688720703 2.6640119552612305
    vertex -41.26937484741211 -46.49999237060547 2.6640119552612305
    vertex -44.27437973022461 -46.49999237060547 2.6640119552612305
  endloop
endfacet
facet normal 0.0 0.0 0.0
  outer loop
    vertex -42.77137756347656 -44.99799346923828 2.6640119552612305
    vertex -43.23537826538086 -45.07099151611328 2.6640119552612305
    vertex -41.26937484741211 -46.49999237060547 2.6640119552612305
  endloop
endfacet
facet normal 0.0 0.0 0.0
  outer loop
    vertex -42.77137756347656 -44.99799346923828 2.6640119552612305
    vertex -41.26937484741211 -46.49999237060547 2.6640119552612305
    vertex -41.342376708984375 -46.03599548339844 2.6640119552612305
  endloop
endfacet
facet normal 0.0 0.0 0.0
  outer loop
    vertex -41.55537796020508 -45.61699676513672 2.6640119552612305
    vertex -42.307376861572266 -45.07099151611328 2.6640119552612305
    vertex -41.342376708984375 -46.03599548339844 2.6640119552612305
  endloop
endfacet
facet normal 0.0 0.0 0.0
  outer loop
    vertex -41.88837814331055 -45.28399658203125 2.6640119552612305
    vertex -42.307376861572266 -45.07099151611328 2.6640119552612305
    vertex -41.55537796020508 -45.61699676513672 2.6640119552612305
  endloop
endfacet
facet normal 0.0 0.0 0.0
  outer loop
    vertex -42.77137756347656 -44.99799346923828 2.6640119552612305
    vertex -41.342376708984375 -46.03599548339844 2.6640119552612305
    vertex -42.307376861572266 -45.07099151611328 2.6640119552612305
  endloop
endfacet
facet normal 0.0 0.0 0.0
  outer loop
    vertex -35.77437973022461 -48.99999237060547 4.0000104904174805
    vertex -45.27137756347656 -48.99999237060547 4.000011444091797
    vertex -35.77437973022461 -49.00230407714844 4.0000104904174805
  endloop
endfacet
facet normal 0.0 0.0 0.0
  outer loop
    vertex -45.27137756347656 -48.99999237060547 4.000011444091797
    vertex -47.27137756347656 -59.99999237060547 4.000011444091797
    vertex -35.77437973022461 -49.00230407714844 4.0000104904174805
  endloop
endfacet
facet normal 0.0 0.0 0.0
  outer loop
    vertex 14.728618621826172 -48.99999237060547 4.000006675720215
    vertex 5.231624603271484 -48.99999237060547 4.000007629394531
    vertex 5.231624603271484 -49.00230407714844 4.000007629394531
  endloop
endfacet
facet normal 0.0 0.0 0.0
  outer loop
    vertex 14.728618621826172 -48.99999237060547 4.000006675720215
    vertex 5.231624603271484 -49.00230407714844 4.000007629394531
    vertex 16.728618621826172 -59.99999237060547 4.000005722045898
  endloop
endfacet
facet normal 0.0 0.0 0.0
  outer loop
    vertex 16.728618621826172 -59.99999237060547 4.000005722045898
    vertex -47.27137756347656 -59.99999237060547 4.000011444091797
    vertex 16.728618621826172 -59.99999237060547 4.76837158203125e-06
  endloop
endfacet
facet normal 0.0 0.0 0.0
  outer loop
    vertex -43.98737716674805 -47.38299560546875 2.6640119552612305
    vertex -43.65437698364258 -47.71599578857422 2.6640119552612305
    vertex -44.20037841796875 -46.96399688720703 2.6640119552612305
  endloop
endfacet
facet normal 0.0 0.0 0.0
  outer loop
    vertex -44.20037841796875 -46.96399688720703 2.6640119552612305
    vertex -43.65437698364258 -47.71599578857422 2.6640119552612305
    vertex -43.23537826538086 -47.928993225097656 2.6640119552612305
  endloop
endfacet
facet normal 0.0 0.0 0.0
  outer loop
    vertex -44.20037841796875 -46.96399688720703 2.6640119552612305
    vertex -43.23537826538086 -47.928993225097656 2.6640119552612305
    vertex -42.77137756347656 -48.00299072265625 2.6640119552612305
  endloop
endfacet
facet normal 0.0 0.0 0.0
  outer loop
    vertex -44.20037841796875 -46.96399688720703 2.6640119552612305
    vertex -42.77137756347656 -48.00299072265625 2.6640119552612305
    vertex -42.307376861572266 -47.928993225097656 2.6640119552612305
  endloop
endfacet
facet normal 0.0 0.0 0.0
  outer loop
    vertex -44.20037841796875 -46.96399688720703 2.6640119552612305
    vertex -42.307376861572266 -47.928993225097656 2.6640119552612305
    vertex -41.88837814331055 -47.71599578857422 2.6640119552612305
  endloop
endfacet
facet normal 0.0 0.0 0.0
  outer loop
    vertex -44.20037841796875 -46.96399688720703 2.6640119552612305
    vertex -41.88837814331055 -47.71599578857422 2.6640119552612305
    vertex -41.55537796020508 -47.38299560546875 2.6640119552612305
  endloop
endfacet
facet normal 0.0 0.0 0.0
  outer loop
    vertex -44.20037841796875 -46.96399688720703 2.6640119552612305
    vertex -41.55537796020508 -47.38299560546875 2.6640119552612305
    vertex -41.342376708984375 -46.96399688720703 2.6640119552612305
  endloop
endfacet
facet normal 0.0 0.0 0.0
  outer loop
    vertex -44.20037841796875 -46.96399688720703 2.6640119552612305
    vertex -41.342376708984375 -46.96399688720703 2.6640119552612305
    vertex -41.26937484741211 -46.49999237060547 2.6640119552612305
  endloop
endfacet
facet normal 0.0 0.0 0.0
  outer loop
    vertex -35.77437973022461 -49.002464294433594 9.5367431640625e-06
    vertex -35.77437973022461 -49.00230407714844 4.0000104904174805
    vertex 5.231624603271484 -49.00230407714844 4.000007629394531
  endloop
endfacet
facet normal 0.0 0.0 0.0
  outer loop
    vertex -35.77437973022461 -49.002464294433594 9.5367431640625e-06
    vertex 5.231624603271484 -49.00230407714844 4.000007629394531
    vertex 5.231624603271484 -49.002464294433594 6.67572021484375e-06
  endloop
endfacet
facet normal 0.0 0.0 0.0
  outer loop
    vertex -45.27137756347656 -2.0029983520507812 6.6626787185668945
    vertex -45.27137756347656 -2.0029983520507812 12.00001335144043
    vertex -35.77437973022461 -2.0029983520507812 12.000012397766113
  endloop
endfacet
facet normal 0.0 0.0 0.0
  outer loop
    vertex -35.77437973022461 -49.00230407714844 4.0000104904174805
    vertex -35.77437973022461 -49.002464294433594 9.5367431640625e-06
    vertex -35.77437973022461 -48.99999237060547 4.0000104904174805
  endloop
endfacet
facet normal 0.0 0.0 0.0
  outer loop
    vertex -35.77437973022461 44.00299835205078 12.000012397766113
    vertex -45.27137756347656 44.00299835205078 12.00001335144043
    vertex -35.77437973022461 44.00299835205078 6.662678241729736
  endloop
endfacet
facet normal 0.0 0.0 0.0
  outer loop
    vertex 5.231624603271484 -49.002464294433594 6.67572021484375e-06
    vertex 5.231624603271484 -49.00230407714844 4.000007629394531
    vertex 5.231624603271484 -48.99999237060547 4.000007629394531
  endloop
endfacet
facet normal 0.0 0.0 0.0
  outer loop
    vertex -45.27137756347656 -48.99999237060547 12.00001335144043
    vertex -45.27137756347656 -48.99999237060547 4.000011444091797
    vertex -35.77437973022461 -48.99999237060547 12.000012397766113
  endloop
endfacet
facet normal 0.0 0.0 0.0
  outer loop
    vertex 5.231624603271484 -48.99999237060547 12.000008583068848
    vertex 5.231624603271484 -48.99999237060547 4.000007629394531
    vertex 14.728618621826172 -48.99999237060547 4.000006675720215
  endloop
endfacet
facet normal 0.0 0.0 0.0
  outer loop
    vertex 5.231624603271484 -48.99999237060547 12.000008583068848
    vertex 14.728618621826172 -48.99999237060547 4.000006675720215
    vertex 14.728618621826172 -48.99999237060547 12.000007629394531
  endloop
endfacet
facet normal 0.0 0.0 0.0
  outer loop
    vertex 10.726619720458984 46.5 12.000008583068848
    vertex 5.231624603271484 48.99999237060547 12.000008583068848
    vertex 10.799617767333984 46.03600311279297 12.000008583068848
  endloop
endfacet
facet normal 0.0 0.0 0.0
  outer loop
    vertex -35.77437973022461 -48.99999237060547 12.000012397766113
    vertex -45.27137756347656 -48.99999237060547 4.000011444091797
    vertex -35.77437973022461 -48.99999237060547 4.0000104904174805
  endloop
endfacet
facet normal 0.0 0.0 0.0
  outer loop
    vertex -41.88837814331055 -45.28399658203125 2.6640119552612305
    vertex -41.55537796020508 -45.61699676513672 12.000012397766113
    vertex -41.88837814331055 -45.28399658203125 12.000012397766113
  endloop
endfacet
facet normal 0.0 0.0 0.0
  outer loop
    vertex 11.345623016357422 45.28399658203125 12.000007629394531
    vertex 11.012622833251953 45.61699676513672 12.000007629394531
    vertex 5.231624603271484 -48.99999237060547 12.000008583068848
  endloop
endfacet
facet normal 0.0 0.0 0.0
  outer loop
    vertex 11.012622833251953 45.61699676513672 12.000007629394531
    vertex 10.799617767333984 46.03600311279297 12.000008583068848
    vertex 5.231624603271484 48.99999237060547 12.000008583068848
  endloop
endfacet
facet normal 0.0 0.0 0.0
  outer loop
    vertex 5.231624603271484 48.99999237060547 12.000008583068848
    vertex 5.231624603271484 -48.99999237060547 12.000008583068848
    vertex 11.012622833251953 45.61699676513672 12.000007629394531
  endloop
endfacet
facet normal 0.0 0.0 0.0
  outer loop
    vertex -41.88837814331055 -45.28399658203125 2.6640119552612305
    vertex -41.88837814331055 -45.28399658203125 12.000012397766113
    vertex -42.307376861572266 -45.07099151611328 12.000012397766113
  endloop
endfacet
facet normal 0.0 0.0 0.0
  outer loop
    vertex 5.231624603271484 -48.99999237060547 12.000008583068848
    vertex 11.012622833251953 -45.61699676513672 12.000007629394531
    vertex 11.345623016357422 45.28399658203125 12.000007629394531
  endloop
endfacet
facet normal 0.0 0.0 0.0
  outer loop
    vertex -42.77137756347656 -44.99799346923828 12.000012397766113
    vertex -42.77137756347656 -44.99799346923828 2.6640119552612305
    vertex -42.307376861572266 -45.07099151611328 12.000012397766113
  endloop
endfacet
facet normal 0.0 0.0 0.0
  outer loop
    vertex 12.692623138427734 47.92900085449219 2.6640071868896484
    vertex 13.111621856689453 47.71600341796875 12.000007629394531
    vertex 12.692623138427734 47.92900085449219 12.000007629394531
  endloop
endfacet
facet normal 0.0 0.0 0.0
  outer loop
    vertex -42.77137756347656 48.00299072265625 2.6640119552612305
    vertex -42.77137756347656 48.00299072265625 12.000012397766113
    vertex -43.23537826538086 47.92900085449219 12.000012397766113
  endloop
endfacet
facet normal 0.0 0.0 0.0
  outer loop
    vertex 12.228618621826172 48.00299072265625 12.000007629394531
    vertex 12.692623138427734 47.92900085449219 2.6640071868896484
    vertex 12.692623138427734 47.92900085449219 12.000007629394531
  endloop
endfacet
facet normal 0.0 0.0 0.0
  outer loop
    vertex 11.345623016357422 47.71600341796875 2.6640071868896484
    vertex 11.345623016357422 47.71600341796875 12.000007629394531
    vertex 11.012622833251953 47.38300323486328 12.000007629394531
  endloop
endfacet
facet normal 0.0 0.0 0.0
  outer loop
    vertex 12.692623138427734 45.07099914550781 12.000007629394531
    vertex 12.228618621826172 44.99800109863281 12.000007629394531
    vertex 12.228618621826172 -44.99799346923828 12.000007629394531
  endloop
endfacet
facet normal 0.0 0.0 0.0
  outer loop
    vertex 12.228618621826172 -44.99799346923828 12.000007629394531
    vertex 12.692623138427734 -45.07099151611328 12.000007629394531
    vertex 12.692623138427734 45.07099914550781 12.000007629394531
  endloop
endfacet
facet normal 0.0 0.0 0.0
  outer loop
    vertex -42.307376861572266 47.92900085449219 2.6640119552612305
    vertex -41.88837814331055 47.71600341796875 12.000012397766113
    vertex -42.307376861572266 47.92900085449219 12.000012397766113
  endloop
endfacet
facet normal 0.0 0.0 0.0
  outer loop
    vertex 14.728618621826172 48.99999237060547 12.000007629394531
    vertex 13.65761947631836 46.96399688720703 12.000007629394531
    vertex 13.731624603271484 46.5 12.000007629394531
  endloop
endfacet
facet normal 0.0 0.0 0.0
  outer loop
    vertex 10.726619720458984 46.5 2.6640071868896484
    vertex 10.799617767333984 46.96399688720703 12.000008583068848
    vertex 10.726619720458984 46.5 12.000008583068848
  endloop
endfacet
facet normal 0.0 0.0 0.0
  outer loop
    vertex -42.77137756347656 48.00299072265625 12.000012397766113
    vertex -42.307376861572266 47.92900085449219 2.6640119552612305
    vertex -42.307376861572266 47.92900085449219 12.000012397766113
  endloop
endfacet
facet normal 0.0 0.0 0.0
  outer loop
    vertex -42.77137756347656 -48.00299072265625 2.6640119552612305
    vertex -43.23537826538086 -47.928993225097656 12.000012397766113
    vertex -42.77137756347656 -48.00299072265625 12.000012397766113
  endloop
endfacet
facet normal 0.0 0.0 0.0
  outer loop
    vertex 10.799617767333984 46.03600311279297 12.000008583068848
    vertex 10.726619720458984 46.5 2.6640071868896484
    vertex 10.726619720458984 46.5 12.000008583068848
  endloop
endfacet
facet normal 0.0 0.0 0.0
  outer loop
    vertex 13.444622039794922 47.38300323486328 12.000007629394531
    vertex 13.65761947631836 46.96399688720703 12.000007629394531
    vertex 14.728618621826172 48.99999237060547 12.000007629394531
  endloop
endfacet
facet normal 0.0 0.0 0.0
  outer loop
    vertex 13.111621856689453 47.71600341796875 12.000007629394531
    vertex 13.444622039794922 47.38300323486328 12.000007629394531
    vertex 14.728618621826172 48.99999237060547 12.000007629394531
  endloop
endfacet
facet normal 0.0 0.0 0.0
  outer loop
    vertex -42.307376861572266 -47.928993225097656 12.000012397766113
    vertex -42.77137756347656 -48.00299072265625 2.6640119552612305
    vertex -42.77137756347656 -48.00299072265625 12.000012397766113
  endloop
endfacet
facet normal 0.0 0.0 0.0
  outer loop
    vertex -43.98737716674805 47.38300323486328 12.00001335144043
    vertex -44.20037841796875 46.96399688720703 12.00001335144043
    vertex -43.98737716674805 47.38300323486328 2.6640119552612305
  endloop
endfacet
facet normal 0.0 0.0 0.0
  outer loop
    vertex -44.20037841796875 46.96399688720703 2.6640119552612305
    vertex -43.98737716674805 47.38300323486328 2.6640119552612305
    vertex -44.20037841796875 46.96399688720703 12.00001335144043
  endloop
endfacet
facet normal 0.0 0.0 0.0
  outer loop
    vertex 13.111621856689453 45.28399658203125 12.000007629394531
    vertex 12.692623138427734 45.07099914550781 12.000007629394531
    vertex 12.692623138427734 -45.07099151611328 12.000007629394531
  endloop
endfacet
facet normal 0.0 0.0 0.0
  outer loop
    vertex 12.692623138427734 -45.07099151611328 12.000007629394531
    vertex 13.111621856689453 -45.28399658203125 12.000007629394531
    vertex 13.111621856689453 45.28399658203125 12.000007629394531
  endloop
endfacet
facet normal 0.0 0.0 0.0
  outer loop
    vertex -41.55537796020508 -47.38299560546875 2.6640119552612305
    vertex -41.88837814331055 -47.71599578857422 2.6640119552612305
    vertex -41.55537796020508 -47.38299560546875 12.000012397766113
  endloop
endfacet
facet normal 0.0 0.0 0.0
  outer loop
    vertex 5.231624603271484 -48.99999237060547 12.000008583068848
    vertex 10.799617767333984 -46.03599548339844 12.000008583068848
    vertex 11.012622833251953 -45.61699676513672 12.000007629394531
  endloop
endfacet
facet normal 0.0 0.0 0.0
  outer loop
    vertex 11.76462173461914 -45.07099151611328 12.000007629394531
    vertex 12.228618621826172 -44.99799346923828 12.000007629394531
    vertex 11.76462173461914 45.07099914550781 12.000007629394531
  endloop
endfacet
facet normal 0.0 0.0 0.0
  outer loop
    vertex -41.342376708984375 -46.96399688720703 12.000012397766113
    vertex -41.342376708984375 -46.96399688720703 2.6640119552612305
    vertex -41.55537796020508 -47.38299560546875 12.000012397766113
  endloop
endfacet
facet normal 0.0 0.0 0.0
  outer loop
    vertex -41.55537796020508 -47.38299560546875 2.6640119552612305
    vertex -41.55537796020508 -47.38299560546875 12.000012397766113
    vertex -41.342376708984375 -46.96399688720703 2.6640119552612305
  endloop
endfacet
facet normal 0.0 0.0 0.0
  outer loop
    vertex 10.726619720458984 -46.49999237060547 12.000008583068848
    vertex 10.799617767333984 -46.03599548339844 12.000008583068848
    vertex 5.231624603271484 -48.99999237060547 12.000008583068848
  endloop
endfacet
facet normal 0.0 0.0 0.0
  outer loop
    vertex -43.65437698364258 45.28399658203125 12.00001335144043
    vertex -43.65437698364258 45.28399658203125 2.6640119552612305
    vertex -43.98737716674805 45.61699676513672 12.00001335144043
  endloop
endfacet
facet normal 0.0 0.0 0.0
  outer loop
    vertex -43.23537826538086 -45.07099151611328 2.6640119552612305
    vertex -43.65437698364258 -45.28399658203125 12.00001335144043
    vertex -43.65437698364258 -45.28399658203125 2.6640119552612305
  endloop
endfacet
facet normal 0.0 0.0 0.0
  outer loop
    vertex 13.65761947631836 46.03600311279297 12.000007629394531
    vertex 13.444622039794922 45.61699676513672 12.000007629394531
    vertex 13.65761947631836 -46.03599548339844 12.000007629394531
  endloop
endfacet
facet normal 0.0 0.0 0.0
  outer loop
    vertex -43.23537826538086 45.07099914550781 12.000012397766113
    vertex -43.23537826538086 45.07099914550781 2.6640119552612305
    vertex -43.65437698364258 45.28399658203125 2.6640119552612305
  endloop
endfacet
facet normal 0.0 0.0 0.0
  outer loop
    vertex 13.444622039794922 -45.61699676513672 12.000007629394531
    vertex 13.65761947631836 -46.03599548339844 12.000007629394531
    vertex 13.444622039794922 45.61699676513672 12.000007629394531
  endloop
endfacet
facet normal 0.0 0.0 0.0
  outer loop
    vertex -43.23537826538086 45.07099914550781 12.000012397766113
    vertex -43.65437698364258 45.28399658203125 2.6640119552612305
    vertex -43.65437698364258 45.28399658203125 12.00001335144043
  endloop
endfacet
facet normal 0.0 0.0 0.0
  outer loop
    vertex -43.65437698364258 -45.28399658203125 2.6640119552612305
    vertex -43.65437698364258 -45.28399658203125 12.00001335144043
    vertex -43.98737716674805 -45.61699676513672 2.6640119552612305
  endloop
endfacet
facet normal 0.0 0.0 0.0
  outer loop
    vertex -43.98737716674805 -45.61699676513672 12.00001335144043
    vertex -43.98737716674805 -45.61699676513672 2.6640119552612305
    vertex -43.65437698364258 -45.28399658203125 12.00001335144043
  endloop
endfacet
facet normal 0.0 0.0 0.0
  outer loop
    vertex 13.111621856689453 -45.28399658203125 12.000007629394531
    vertex 13.444622039794922 -45.61699676513672 12.000007629394531
    vertex 13.444622039794922 45.61699676513672 12.000007629394531
  endloop
endfacet
facet normal 0.0 0.0 0.0
  outer loop
    vertex -47.27138137817383 -59.99999237060547 1.049041748046875e-05
    vertex -47.27137756347656 -59.99999237060547 4.000011444091797
    vertex -47.27137756347656 59.99999237060547 4.000011444091797
  endloop
endfacet
facet normal 0.0 0.0 0.0
  outer loop
    vertex -47.27138137817383 -59.99999237060547 1.049041748046875e-05
    vertex -47.27137756347656 59.99999237060547 4.000011444091797
    vertex -47.27138137817383 59.99999237060547 1.049041748046875e-05
  endloop
endfacet
facet normal 0.0 0.0 0.0
  outer loop
    vertex -44.20037841796875 -46.03599548339844 12.00001335144043
    vertex -43.98737716674805 -45.61699676513672 2.6640119552612305
    vertex -43.98737716674805 -45.61699676513672 12.00001335144043
  endloop
endfacet
facet normal 0.0 0.0 0.0
  outer loop
    vertex 10.726619720458984 -46.49999237060547 12.000008583068848
    vertex 5.231624603271484 -48.99999237060547 12.000008583068848
    vertex 10.799617767333984 -46.96399688720703 12.000008583068848
  endloop
endfacet
facet normal 0.0 0.0 0.0
  outer loop
    vertex -47.27137756347656 -59.99999237060547 4.000011444091797
    vertex -45.27137756347656 -48.99999237060547 4.000011444091797
    vertex -47.27137756347656 59.99999237060547 4.000011444091797
  endloop
endfacet
facet normal 0.0 0.0 0.0
  outer loop
    vertex 16.728618621826172 -59.99999237060547 4.000005722045898
    vertex -35.77437973022461 -49.00230407714844 4.0000104904174805
    vertex -47.27137756347656 -59.99999237060547 4.000011444091797
  endloop
endfacet
facet normal 0.0 0.0 0.0
  outer loop
    vertex -45.27137756347656 -48.99999237060547 4.000011444091797
    vertex -45.27137756347656 48.99999237060547 4.000011444091797
    vertex -47.27137756347656 59.99999237060547 4.000011444091797
  endloop
endfacet
facet normal 0.0 0.0 0.0
  outer loop
    vertex -45.27137756347656 48.99999237060547 4.000011444091797
    vertex -35.77437973022461 49.00299072265625 4.0000104904174805
    vertex -47.27137756347656 59.99999237060547 4.000011444091797
  endloop
endfacet
facet normal 0.0 0.0 0.0
  outer loop
    vertex 5.231624603271484 -48.99999237060547 12.000008583068848
    vertex 11.012622833251953 -47.38299560546875 12.000007629394531
    vertex 10.799617767333984 -46.96399688720703 12.000008583068848
  endloop
endfacet
facet normal 0.0 0.0 0.0
  outer loop
    vertex 16.728618621826172 59.99999237060547 4.000005722045898
    vertex 16.728618621826172 59.99999237060547 4.76837158203125e-06
    vertex -47.27137756347656 59.99999237060547 4.000011444091797
  endloop
endfacet
facet normal 0.0 0.0 0.0
  outer loop
    vertex -47.27138137817383 59.99999237060547 1.049041748046875e-05
    vertex -47.27137756347656 59.99999237060547 4.000011444091797
    vertex 16.728618621826172 59.99999237060547 4.76837158203125e-06
  endloop
endfacet
facet normal 0.0 0.0 0.0
  outer loop
    vertex -42.307376861572266 45.07099914550781 2.6640119552612305
    vertex -42.77137756347656 44.99800109863281 12.000012397766113
    vertex -42.307376861572266 45.07099914550781 12.000012397766113
  endloop
endfacet
facet normal 0.0 0.0 0.0
  outer loop
    vertex -47.27138137817383 -59.99999237060547 1.049041748046875e-05
    vertex 16.728618621826172 -59.99999237060547 4.76837158203125e-06
    vertex -47.27137756347656 -59.99999237060547 4.000011444091797
  endloop
endfacet
facet normal 0.0 0.0 0.0
  outer loop
    vertex -45.27137756347656 -48.99999237060547 4.000011444091797
    vertex -45.27137756347656 -48.99999237060547 12.00001335144043
    vertex -45.27137756347656 -2.0029983520507812 6.6626787185668945
  endloop
endfacet
facet normal 0.0 0.0 0.0
  outer loop
    vertex -45.27137756347656 -2.0029983520507812 12.00001335144043
    vertex -45.27137756347656 -2.0029983520507812 6.6626787185668945
    vertex -45.27137756347656 -48.99999237060547 12.00001335144043
  endloop
endfacet
facet normal 0.0 0.0 0.0
  outer loop
    vertex -45.27137756347656 44.00299835205078 12.00001335144043
    vertex -45.27137756347656 48.99999237060547 12.00001335144043
    vertex -45.27137756347656 44.00299835205078 6.6626787185668945
  endloop
endfacet
facet normal 0.0 0.0 0.0
  outer loop
    vertex -45.27137756347656 48.99999237060547 4.000011444091797
    vertex -45.27137756347656 44.00299835205078 6.6626787185668945
    vertex -45.27137756347656 48.99999237060547 12.00001335144043
  endloop
endfacet
facet normal 0.0 0.0 0.0
  outer loop
    vertex -42.307376861572266 45.07099914550781 2.6640119552612305
    vertex -42.307376861572266 45.07099914550781 12.000012397766113
    vertex -41.88837814331055 45.28399658203125 2.6640119552612305
  endloop
endfacet
facet normal 0.0 0.0 0.0
  outer loop
    vertex -41.88837814331055 45.28399658203125 12.000012397766113
    vertex -41.88837814331055 45.28399658203125 2.6640119552612305
    vertex -42.307376861572266 45.07099914550781 12.000012397766113
  endloop
endfacet
facet normal 0.0 0.0 0.0
  outer loop
    vertex -45.27137756347656 44.00299835205078 6.6626787185668945
    vertex -45.27137756347656 48.99999237060547 4.000011444091797
    vertex -45.27137756347656 -2.0029983520507812 6.6626787185668945
  endloop
endfacet
facet normal 0.0 0.0 0.0
  outer loop
    vertex -45.27137756347656 -48.99999237060547 4.000011444091797
    vertex -45.27137756347656 -2.0029983520507812 6.6626787185668945
    vertex -45.27137756347656 48.99999237060547 4.000011444091797
  endloop
endfacet
facet normal 0.0 0.0 0.0
  outer loop
    vertex 16.728618621826172 59.99999237060547 4.76837158203125e-06
    vertex 5.231624603271484 49.00299072265625 6.67572021484375e-06
    vertex -35.77437973022461 49.00299072265625 9.5367431640625e-06
  endloop
endfacet
facet normal 0.0 0.0 0.0
  outer loop
    vertex -41.88837814331055 45.28399658203125 2.6640119552612305
    vertex -41.88837814331055 45.28399658203125 12.000012397766113
    vertex -41.55537796020508 45.61699676513672 12.000012397766113
  endloop
endfacet
facet normal 0.0 0.0 0.0
  outer loop
    vertex -41.88837814331055 45.28399658203125 2.6640119552612305
    vertex -41.55537796020508 45.61699676513672 12.000012397766113
    vertex -41.55537796020508 45.61699676513672 2.6640119552612305
  endloop
endfacet
facet normal 0.0 0.0 0.0
  outer loop
    vertex -41.26937484741211 -46.49999237060547 12.000012397766113
    vertex -41.26937484741211 -46.49999237060547 2.6640119552612305
    vertex -41.342376708984375 -46.96399688720703 2.6640119552612305
  endloop
endfacet
facet normal 0.0 0.0 0.0
  outer loop
    vertex -35.77437973022461 -49.002464294433594 9.5367431640625e-06
    vertex 5.231624603271484 -49.002464294433594 6.67572021484375e-06
    vertex 16.728618621826172 -59.99999237060547 4.76837158203125e-06
  endloop
endfacet
facet normal 0.0 0.0 0.0
  outer loop
    vertex -35.77437973022461 -49.002464294433594 9.5367431640625e-06
    vertex 16.728618621826172 -59.99999237060547 4.76837158203125e-06
    vertex -47.27138137817383 -59.99999237060547 1.049041748046875e-05
  endloop
endfacet
facet normal 0.0 0.0 0.0
  outer loop
    vertex -41.342376708984375 46.03600311279297 12.000012397766113
    vertex -41.342376708984375 46.03600311279297 2.6640119552612305
    vertex -41.55537796020508 45.61699676513672 12.000012397766113
  endloop
endfacet
facet normal 0.0 0.0 0.0
  outer loop
    vertex -41.55537796020508 45.61699676513672 2.6640119552612305
    vertex -41.55537796020508 45.61699676513672 12.000012397766113
    vertex -41.342376708984375 46.03600311279297 2.6640119552612305
  endloop
endfacet
facet normal 0.0 0.0 0.0
  outer loop
    vertex -41.342376708984375 -46.03599548339844 12.000012397766113
    vertex -41.342376708984375 -46.03599548339844 2.6640119552612305
    vertex -41.26937484741211 -46.49999237060547 12.000012397766113
  endloop
endfacet
facet normal 0.0 0.0 0.0
  outer loop
    vertex -41.26937484741211 46.5 2.6640119552612305
    vertex -41.342376708984375 46.03600311279297 2.6640119552612305
    vertex -41.26937484741211 46.5 12.000012397766113
  endloop
endfacet
facet normal 0.0 0.0 0.0
  outer loop
    vertex -41.342376708984375 46.03600311279297 12.000012397766113
    vertex -41.26937484741211 46.5 12.000012397766113
    vertex -41.342376708984375 46.03600311279297 2.6640119552612305
  endloop
endfacet
facet normal 0.0 0.0 0.0
  outer loop
    vertex -41.26937484741211 46.5 2.6640119552612305
    vertex -41.26937484741211 46.5 12.000012397766113
    vertex -41.342376708984375 46.96399688720703 12.000012397766113
  endloop
endfacet
facet normal 0.0 0.0 0.0
  outer loop
    vertex -42.307376861572266 -45.07099151611328 12.000012397766113
    vertex -42.307376861572266 -45.07099151611328 2.6640119552612305
    vertex -41.88837814331055 -45.28399658203125 2.6640119552612305
  endloop
endfacet
facet normal 0.0 0.0 0.0
  outer loop
    vertex 11.345623016357422 47.71600341796875 2.6640071868896484
    vertex 12.228618621826172 44.99800109863281 2.6640071868896484
    vertex 11.76462173461914 47.92900085449219 2.6640071868896484
  endloop
endfacet
facet normal 0.0 0.0 0.0
  outer loop
    vertex 12.692623138427734 47.92900085449219 2.6640071868896484
    vertex 12.228618621826172 48.00299072265625 2.6640071868896484
    vertex 13.444622039794922 45.61699676513672 2.6640071868896484
  endloop
endfacet
facet normal 0.0 0.0 0.0
  outer loop
    vertex 11.76462173461914 47.92900085449219 2.6640071868896484
    vertex 13.444622039794922 45.61699676513672 2.6640071868896484
    vertex 12.228618621826172 48.00299072265625 2.6640071868896484
  endloop
endfacet
facet normal 0.0 0.0 0.0
  outer loop
    vertex -42.307376861572266 -45.07099151611328 2.6640119552612305
    vertex -42.307376861572266 -45.07099151611328 12.000012397766113
    vertex -42.77137756347656 -44.99799346923828 2.6640119552612305
  endloop
endfacet
facet normal 0.0 0.0 0.0
  outer loop
    vertex -42.77137756347656 48.00299072265625 2.6640119552612305
    vertex -43.23537826538086 47.92900085449219 12.000012397766113
    vertex -43.23537826538086 47.92900085449219 2.6640119552612305
  endloop
endfacet
facet normal 0.0 0.0 0.0
  outer loop
    vertex -43.23537826538086 47.92900085449219 2.6640119552612305
    vertex -43.23537826538086 47.92900085449219 12.000012397766113
    vertex -43.65437698364258 47.71600341796875 12.00001335144043
  endloop
endfacet
facet normal 0.0 0.0 0.0
  outer loop
    vertex -43.23537826538086 47.92900085449219 2.6640119552612305
    vertex -43.65437698364258 47.71600341796875 12.00001335144043
    vertex -43.65437698364258 47.71600341796875 2.6640119552612305
  endloop
endfacet
facet normal 0.0 0.0 0.0
  outer loop
    vertex 16.728618621826172 59.99999237060547 4.76837158203125e-06
    vertex -35.77437973022461 49.00299072265625 9.5367431640625e-06
    vertex -47.27138137817383 59.99999237060547 1.049041748046875e-05
  endloop
endfacet
facet normal 0.0 0.0 0.0
  outer loop
    vertex -41.55537796020508 47.38300323486328 2.6640119552612305
    vertex -41.88837814331055 47.71600341796875 12.000012397766113
    vertex -41.88837814331055 47.71600341796875 2.6640119552612305
  endloop
endfacet
facet normal 0.0 0.0 0.0
  outer loop
    vertex 11.345623016357422 47.71600341796875 2.6640071868896484
    vertex 11.012622833251953 47.38300323486328 2.6640071868896484
    vertex 10.799617767333984 46.96399688720703 2.6640071868896484
  endloop
endfacet
facet normal 0.0 0.0 0.0
  outer loop
    vertex 11.345623016357422 47.71600341796875 2.6640071868896484
    vertex 10.799617767333984 46.96399688720703 2.6640071868896484
    vertex 10.726619720458984 46.5 2.6640071868896484
  endloop
endfacet
facet normal 0.0 0.0 0.0
  outer loop
    vertex 11.345623016357422 47.71600341796875 2.6640071868896484
    vertex 10.726619720458984 46.5 2.6640071868896484
    vertex 10.799617767333984 46.03600311279297 2.6640071868896484
  endloop
endfacet
facet normal 0.0 0.0 0.0
  outer loop
    vertex 11.345623016357422 47.71600341796875 2.6640071868896484
    vertex 10.799617767333984 46.03600311279297 2.6640071868896484
    vertex 11.012622833251953 45.61699676513672 2.6640071868896484
  endloop
endfacet
facet normal 0.0 0.0 0.0
  outer loop
    vertex 11.345623016357422 47.71600341796875 2.6640071868896484
    vertex 11.012622833251953 45.61699676513672 2.6640071868896484
    vertex 11.345623016357422 45.28399658203125 2.6640071868896484
  endloop
endfacet
facet normal 0.0 0.0 0.0
  outer loop
    vertex 11.345623016357422 47.71600341796875 2.6640071868896484
    vertex 11.345623016357422 45.28399658203125 2.6640071868896484
    vertex 11.76462173461914 45.07099914550781 2.6640071868896484
  endloop
endfacet
facet normal 0.0 0.0 0.0
  outer loop
    vertex 11.345623016357422 47.71600341796875 2.6640071868896484
    vertex 11.76462173461914 45.07099914550781 2.6640071868896484
    vertex 12.228618621826172 44.99800109863281 2.6640071868896484
  endloop
endfacet
facet normal 0.0 0.0 0.0
  outer loop
    vertex 12.692623138427734 45.07099914550781 2.6640071868896484
    vertex 11.76462173461914 47.92900085449219 2.6640071868896484
    vertex 12.228618621826172 44.99800109863281 2.6640071868896484
  endloop
endfacet
facet normal 0.0 0.0 0.0
  outer loop
    vertex 13.111621856689453 45.28399658203125 2.6640071868896484
    vertex 11.76462173461914 47.92900085449219 2.6640071868896484
    vertex 12.692623138427734 45.07099914550781 2.6640071868896484
  endloop
endfacet
facet normal 0.0 0.0 0.0
  outer loop
    vertex 13.444622039794922 45.61699676513672 2.6640071868896484
    vertex 11.76462173461914 47.92900085449219 2.6640071868896484
    vertex 13.111621856689453 45.28399658203125 2.6640071868896484
  endloop
endfacet
facet normal 0.0 0.0 0.0
  outer loop
    vertex 13.444622039794922 47.38300323486328 2.6640071868896484
    vertex 13.111621856689453 47.71600341796875 2.6640071868896484
    vertex 13.444622039794922 45.61699676513672 2.6640071868896484
  endloop
endfacet
facet normal 0.0 0.0 0.0
  outer loop
    vertex 13.111621856689453 47.71600341796875 2.6640071868896484
    vertex 12.692623138427734 47.92900085449219 2.6640071868896484
    vertex 13.444622039794922 45.61699676513672 2.6640071868896484
  endloop
endfacet
facet normal 0.0 0.0 0.0
  outer loop
    vertex 5.231624603271484 49.00299072265625 6.67572021484375e-06
    vertex 16.728618621826172 59.99999237060547 4.76837158203125e-06
    vertex 5.231624603271484 -49.002464294433594 6.67572021484375e-06
  endloop
endfacet
facet normal 0.0 0.0 0.0
  outer loop
    vertex 16.728618621826172 -59.99999237060547 4.76837158203125e-06
    vertex 5.231624603271484 -49.002464294433594 6.67572021484375e-06
    vertex 16.728618621826172 59.99999237060547 4.76837158203125e-06
  endloop
endfacet
facet normal 0.0 0.0 0.0
  outer loop
    vertex -41.88837814331055 47.71600341796875 2.6640119552612305
    vertex -41.88837814331055 47.71600341796875 12.000012397766113
    vertex -42.307376861572266 47.92900085449219 2.6640119552612305
  endloop
endfacet
facet normal 0.0 0.0 0.0
  outer loop
    vertex -47.27138137817383 -59.99999237060547 1.049041748046875e-05
    vertex -47.27138137817383 59.99999237060547 1.049041748046875e-05
    vertex -35.77437973022461 -49.002464294433594 9.5367431640625e-06
  endloop
endfacet
facet normal 0.0 0.0 0.0
  outer loop
    vertex -35.77437973022461 49.00299072265625 9.5367431640625e-06
    vertex -35.77437973022461 -49.002464294433594 9.5367431640625e-06
    vertex -47.27138137817383 59.99999237060547 1.049041748046875e-05
  endloop
endfacet
facet normal 0.0 0.0 0.0
  outer loop
    vertex 13.731624603271484 46.5 2.6640071868896484
    vertex 13.65761947631836 46.96399688720703 2.6640071868896484
    vertex 13.65761947631836 46.03600311279297 2.6640071868896484
  endloop
endfacet
facet normal 0.0 0.0 0.0
  outer loop
    vertex 13.444622039794922 45.61699676513672 2.6640071868896484
    vertex 13.65761947631836 46.03600311279297 2.6640071868896484
    vertex 13.65761947631836 46.96399688720703 2.6640071868896484
  endloop
endfacet
facet normal 0.0 0.0 0.0
  outer loop
    vertex 13.444622039794922 45.61699676513672 2.6640071868896484
    vertex 13.65761947631836 46.96399688720703 2.6640071868896484
    vertex 13.444622039794922 47.38300323486328 2.6640071868896484
  endloop
endfacet
facet normal 0.0 0.0 0.0
  outer loop
    vertex -43.23537826538086 -47.928993225097656 2.6640119552612305
    vertex -43.65437698364258 -47.71599578857422 2.6640119552612305
    vertex -43.23537826538086 -47.928993225097656 12.000012397766113
  endloop
endfacet
facet normal 0.0 0.0 0.0
  outer loop
    vertex -45.27137756347656 48.99999237060547 12.00001335144043
    vertex -43.23537826538086 47.92900085449219 12.000012397766113
    vertex -42.77137756347656 48.00299072265625 12.000012397766113
  endloop
endfacet
facet normal 0.0 0.0 0.0
  outer loop
    vertex -45.27137756347656 48.99999237060547 12.00001335144043
    vertex -43.65437698364258 47.71600341796875 12.00001335144043
    vertex -43.23537826538086 47.92900085449219 12.000012397766113
  endloop
endfacet
facet normal 0.0 0.0 0.0
  outer loop
    vertex -42.77137756347656 -48.00299072265625 2.6640119552612305
    vertex -43.23537826538086 -47.928993225097656 2.6640119552612305
    vertex -43.23537826538086 -47.928993225097656 12.000012397766113
  endloop
endfacet
facet normal 0.0 0.0 0.0
  outer loop
    vertex 12.228618621826172 44.99800109863281 2.6640071868896484
    vertex 11.76462173461914 45.07099914550781 12.000007629394531
    vertex 12.228618621826172 44.99800109863281 12.000007629394531
  endloop
endfacet
facet normal 0.0 0.0 0.0
  outer loop
    vertex 12.692623138427734 45.07099914550781 12.000007629394531
    vertex 12.692623138427734 45.07099914550781 2.6640071868896484
    vertex 12.228618621826172 44.99800109863281 12.000007629394531
  endloop
endfacet
facet normal 0.0 0.0 0.0
  outer loop
    vertex -44.20037841796875 46.96399688720703 12.00001335144043
    vertex -43.98737716674805 47.38300323486328 12.00001335144043
    vertex -45.27137756347656 48.99999237060547 12.00001335144043
  endloop
endfacet
facet normal 0.0 0.0 0.0
  outer loop
    vertex 12.692623138427734 45.07099914550781 2.6640071868896484
    vertex 12.692623138427734 45.07099914550781 12.000007629394531
    vertex 13.111621856689453 45.28399658203125 12.000007629394531
  endloop
endfacet
facet normal 0.0 0.0 0.0
  outer loop
    vertex -45.27137756347656 44.00299835205078 12.00001335144043
    vertex -44.20037841796875 46.03600311279297 12.00001335144043
    vertex -44.27437973022461 46.5 12.00001335144043
  endloop
endfacet
facet normal 0.0 0.0 0.0
  outer loop
    vertex -45.27137756347656 44.00299835205078 12.00001335144043
    vertex -43.98737716674805 45.61699676513672 12.00001335144043
    vertex -44.20037841796875 46.03600311279297 12.00001335144043
  endloop
endfacet
facet normal 0.0 0.0 0.0
  outer loop
    vertex 13.111621856689453 -45.28399658203125 1.3306732177734375
    vertex 13.444622039794922 -45.61699676513672 1.3306732177734375
    vertex 13.111621856689453 -45.28399658203125 12.000007629394531
  endloop
endfacet
facet normal 0.0 0.0 0.0
  outer loop
    vertex 13.444622039794922 -47.38299560546875 1.3306732177734375
    vertex 13.444622039794922 -47.38299560546875 12.000007629394531
    vertex 13.65761947631836 -46.96399688720703 1.3306732177734375
  endloop
endfacet
facet normal 0.0 0.0 0.0
  outer loop
    vertex 13.65761947631836 -46.96399688720703 1.3306732177734375
    vertex 13.65761947631836 -46.96399688720703 12.000007629394531
    vertex 13.731624603271484 -46.49999237060547 12.000007629394531
  endloop
endfacet
facet normal 0.0 0.0 0.0
  outer loop
    vertex -43.65437698364258 47.71600341796875 12.00001335144043
    vertex -45.27137756347656 48.99999237060547 12.00001335144043
    vertex -43.98737716674805 47.38300323486328 12.00001335144043
  endloop
endfacet
facet normal 0.0 0.0 0.0
  outer loop
    vertex 13.444622039794922 45.61699676513672 12.000007629394531
    vertex 13.444622039794922 45.61699676513672 2.6640071868896484
    vertex 13.111621856689453 45.28399658203125 12.000007629394531
  endloop
endfacet
facet normal 0.0 0.0 0.0
  outer loop
    vertex 13.111621856689453 45.28399658203125 2.6640071868896484
    vertex 13.111621856689453 45.28399658203125 12.000007629394531
    vertex 13.444622039794922 45.61699676513672 2.6640071868896484
  endloop
endfacet
facet normal 0.0 0.0 0.0
  outer loop
    vertex 13.444622039794922 45.61699676513672 2.6640071868896484
    vertex 13.444622039794922 45.61699676513672 12.000007629394531
    vertex 13.65761947631836 46.03600311279297 12.000007629394531
  endloop
endfacet
facet normal 0.0 0.0 0.0
  outer loop
    vertex -43.98737716674805 45.61699676513672 12.00001335144043
    vertex -45.27137756347656 44.00299835205078 12.00001335144043
    vertex -43.65437698364258 45.28399658203125 12.00001335144043
  endloop
endfacet
facet normal 0.0 0.0 0.0
  outer loop
    vertex -43.23537826538086 45.07099914550781 12.000012397766113
    vertex -43.65437698364258 45.28399658203125 12.00001335144043
    vertex -45.27137756347656 44.00299835205078 12.00001335144043
  endloop
endfacet
facet normal 0.0 0.0 0.0
  outer loop
    vertex 12.692623138427734 -47.928993225097656 1.3306732177734375
    vertex 12.228618621826172 -48.00299072265625 12.000007629394531
    vertex 12.692623138427734 -47.928993225097656 12.000007629394531
  endloop
endfacet
facet normal 0.0 0.0 0.0
  outer loop
    vertex -41.88837814331055 -47.71599578857422 12.000012397766113
    vertex -41.88837814331055 -47.71599578857422 2.6640119552612305
    vertex -42.307376861572266 -47.928993225097656 12.000012397766113
  endloop
endfacet
facet normal 0.0 0.0 0.0
  outer loop
    vertex -45.27137756347656 44.00299835205078 12.00001335144043
    vertex -35.77437973022461 44.00299835205078 12.000012397766113
    vertex -42.77137756347656 44.99800109863281 12.000012397766113
  endloop
endfacet
facet normal 0.0 0.0 0.0
  outer loop
    vertex 13.111621856689453 -47.71599578857422 12.000007629394531
    vertex 13.111621856689453 -47.71599578857422 1.3306732177734375
    vertex 12.692623138427734 -47.928993225097656 12.000007629394531
  endloop
endfacet
facet normal 0.0 0.0 0.0
  outer loop
    vertex 13.111621856689453 -47.71599578857422 1.3306732177734375
    vertex 13.111621856689453 -47.71599578857422 12.000007629394531
    vertex 13.444622039794922 -47.38299560546875 12.000007629394531
  endloop
endfacet
facet normal 0.0 0.0 0.0
  outer loop
    vertex -42.307376861572266 45.07099914550781 12.000012397766113
    vertex -42.77137756347656 44.99800109863281 12.000012397766113
    vertex -35.77437973022461 44.00299835205078 12.000012397766113
  endloop
endfacet
facet normal 0.0 0.0 0.0
  outer loop
    vertex -41.88837814331055 -47.71599578857422 12.000012397766113
    vertex -41.55537796020508 -47.38299560546875 12.000012397766113
    vertex -41.88837814331055 -47.71599578857422 2.6640119552612305
  endloop
endfacet
facet normal 0.0 0.0 0.0
  outer loop
    vertex 13.444622039794922 -47.38299560546875 12.000007629394531
    vertex 13.65761947631836 -46.96399688720703 12.000007629394531
    vertex 13.65761947631836 -46.96399688720703 1.3306732177734375
  endloop
endfacet
facet normal 0.0 0.0 0.0
  outer loop
    vertex -41.88837814331055 45.28399658203125 12.000012397766113
    vertex -42.307376861572266 45.07099914550781 12.000012397766113
    vertex -35.77437973022461 44.00299835205078 12.000012397766113
  endloop
endfacet
facet normal 0.0 0.0 0.0
  outer loop
    vertex 12.228618621826172 -44.99799346923828 12.000007629394531
    vertex 11.76462173461914 -45.07099151611328 12.000007629394531
    vertex 11.76462173461914 -45.07099151611328 1.3306732177734375
  endloop
endfacet
facet normal 0.0 0.0 0.0
  outer loop
    vertex 12.228618621826172 -44.99799346923828 12.000007629394531
    vertex 11.76462173461914 -45.07099151611328 1.3306732177734375
    vertex 12.228618621826172 -44.99799346923828 1.3306732177734375
  endloop
endfacet
facet normal 0.0 0.0 0.0
  outer loop
    vertex -41.55537796020508 45.61699676513672 12.000012397766113
    vertex -41.88837814331055 45.28399658203125 12.000012397766113
    vertex -35.77437973022461 44.00299835205078 12.000012397766113
  endloop
endfacet
facet normal 0.0 0.0 0.0
  outer loop
    vertex -41.342376708984375 46.03600311279297 12.000012397766113
    vertex -41.55537796020508 45.61699676513672 12.000012397766113
    vertex -35.77437973022461 44.00299835205078 12.000012397766113
  endloop
endfacet
facet normal 0.0 0.0 0.0
  outer loop
    vertex 11.345623016357422 -45.28399658203125 12.000007629394531
    vertex 11.345623016357422 -45.28399658203125 1.3306732177734375
    vertex 11.76462173461914 -45.07099151611328 12.000007629394531
  endloop
endfacet
facet normal 0.0 0.0 0.0
  outer loop
    vertex 11.76462173461914 -45.07099151611328 1.3306732177734375
    vertex 11.76462173461914 -45.07099151611328 12.000007629394531
    vertex 11.345623016357422 -45.28399658203125 1.3306732177734375
  endloop
endfacet
facet normal 0.0 0.0 0.0
  outer loop
    vertex -41.342376708984375 -46.96399688720703 2.6640119552612305
    vertex -41.342376708984375 -46.96399688720703 12.000012397766113
    vertex -41.26937484741211 -46.49999237060547 12.000012397766113
  endloop
endfacet
facet normal 0.0 0.0 0.0
  outer loop
    vertex -35.77437973022461 44.00299835205078 12.000012397766113
    vertex -35.77437973022461 48.99999237060547 12.000012397766113
    vertex -41.26937484741211 46.5 12.000012397766113
  endloop
endfacet
facet normal 0.0 0.0 0.0
  outer loop
    vertex 11.012622833251953 -45.61699676513672 12.000007629394531
    vertex 11.012622833251953 -45.61699676513672 1.3306732177734375
    vertex 11.345623016357422 -45.28399658203125 1.3306732177734375
  endloop
endfacet
facet normal 0.0 0.0 0.0
  outer loop
    vertex 11.012622833251953 -45.61699676513672 12.000007629394531
    vertex 11.345623016357422 -45.28399658203125 1.3306732177734375
    vertex 11.345623016357422 -45.28399658203125 12.000007629394531
  endloop
endfacet
facet normal 0.0 0.0 0.0
  outer loop
    vertex -41.342376708984375 46.96399688720703 12.000012397766113
    vertex -41.26937484741211 46.5 12.000012397766113
    vertex -35.77437973022461 48.99999237060547 12.000012397766113
  endloop
endfacet
facet normal 0.0 0.0 0.0
  outer loop
    vertex 11.012622833251953 -45.61699676513672 12.000007629394531
    vertex 10.799617767333984 -46.03599548339844 12.000008583068848
    vertex 11.012622833251953 -45.61699676513672 1.3306732177734375
  endloop
endfacet
facet normal 0.0 0.0 0.0
  outer loop
    vertex 10.799617767333984 -46.03599548339844 1.3306732177734375
    vertex 11.012622833251953 -45.61699676513672 1.3306732177734375
    vertex 10.799617767333984 -46.03599548339844 12.000008583068848
  endloop
endfacet
facet normal 0.0 0.0 0.0
  outer loop
    vertex 10.799617767333984 -46.03599548339844 12.000008583068848
    vertex 10.726619720458984 -46.49999237060547 12.000008583068848
    vertex 10.799617767333984 -46.03599548339844 1.3306732177734375
  endloop
endfacet
facet normal 0.0 0.0 0.0
  outer loop
    vertex -41.55537796020508 47.38300323486328 12.000012397766113
    vertex -41.342376708984375 46.96399688720703 12.000012397766113
    vertex -35.77437973022461 48.99999237060547 12.000012397766113
  endloop
endfacet
facet normal 0.0 0.0 0.0
  outer loop
    vertex -35.77437973022461 48.99999237060547 12.000012397766113
    vertex -41.88837814331055 47.71600341796875 12.000012397766113
    vertex -41.55537796020508 47.38300323486328 12.000012397766113
  endloop
endfacet
facet normal 0.0 0.0 0.0
  outer loop
    vertex 10.726619720458984 -46.49999237060547 1.3306732177734375
    vertex 10.726619720458984 -46.49999237060547 12.000008583068848
    vertex 10.799617767333984 -46.96399688720703 1.3306732177734375
  endloop
endfacet
facet normal 0.0 0.0 0.0
  outer loop
    vertex 13.731624603271484 -46.49999237060547 1.3306732177734375
    vertex 13.65761947631836 -46.96399688720703 1.3306732177734375
    vertex 13.731624603271484 -46.49999237060547 12.000007629394531
  endloop
endfacet
facet normal 0.0 0.0 0.0
  outer loop
    vertex -45.27137756347656 -2.0029983520507812 12.00001335144043
    vertex -43.65437698364258 -45.28399658203125 12.00001335144043
    vertex -43.23537826538086 -45.07099151611328 12.000012397766113
  endloop
endfacet
facet normal 0.0 0.0 0.0
  outer loop
    vertex -45.27137756347656 -2.0029983520507812 12.00001335144043
    vertex -43.23537826538086 -45.07099151611328 12.000012397766113
    vertex -42.77137756347656 -44.99799346923828 12.000012397766113
  endloop
endfacet
facet normal 0.0 0.0 0.0
  outer loop
    vertex 13.731624603271484 -46.49999237060547 1.3306732177734375
    vertex 13.731624603271484 -46.49999237060547 12.000007629394531
    vertex 13.65761947631836 -46.03599548339844 12.000007629394531
  endloop
endfacet
facet normal 0.0 0.0 0.0
  outer loop
    vertex -44.20037841796875 -46.03599548339844 12.00001335144043
    vertex -44.20037841796875 -46.03599548339844 2.6640119552612305
    vertex -43.98737716674805 -45.61699676513672 2.6640119552612305
  endloop
endfacet
facet normal 0.0 0.0 0.0
  outer loop
    vertex 13.65761947631836 -46.03599548339844 12.000007629394531
    vertex 13.444622039794922 -45.61699676513672 12.000007629394531
    vertex 13.444622039794922 -45.61699676513672 1.3306732177734375
  endloop
endfacet
facet normal 0.0 0.0 0.0
  outer loop
    vertex 13.444622039794922 -45.61699676513672 12.000007629394531
    vertex 13.111621856689453 -45.28399658203125 12.000007629394531
    vertex 13.444622039794922 -45.61699676513672 1.3306732177734375
  endloop
endfacet
facet normal 0.0 0.0 0.0
  outer loop
    vertex 12.228618621826172 48.00299072265625 12.000007629394531
    vertex 12.228618621826172 48.00299072265625 2.6640071868896484
    vertex 12.692623138427734 47.92900085449219 2.6640071868896484
  endloop
endfacet
facet normal 0.0 0.0 0.0
  outer loop
    vertex -44.20037841796875 -46.03599548339844 12.00001335144043
    vertex -44.27437973022461 -46.49999237060547 12.00001335144043
    vertex -44.20037841796875 -46.03599548339844 2.6640119552612305
  endloop
endfacet
facet normal 0.0 0.0 0.0
  outer loop
    vertex -44.27437973022461 -46.49999237060547 2.6640119552612305
    vertex -44.20037841796875 -46.03599548339844 2.6640119552612305
    vertex -44.27437973022461 -46.49999237060547 12.00001335144043
  endloop
endfacet
facet normal 0.0 0.0 0.0
  outer loop
    vertex 13.111621856689453 -45.28399658203125 1.3306732177734375
    vertex 13.111621856689453 -45.28399658203125 12.000007629394531
    vertex 12.692623138427734 -45.07099151611328 12.000007629394531
  endloop
endfacet
facet normal 0.0 0.0 0.0
  outer loop
    vertex 12.228618621826172 -44.99799346923828 1.3306732177734375
    vertex 12.692623138427734 -45.07099151611328 12.000007629394531
    vertex 12.228618621826172 -44.99799346923828 12.000007629394531
  endloop
endfacet
facet normal 0.0 0.0 0.0
  outer loop
    vertex -44.20037841796875 -46.96399688720703 12.00001335144043
    vertex -44.20037841796875 -46.96399688720703 2.6640119552612305
    vertex -44.27437973022461 -46.49999237060547 2.6640119552612305
  endloop
endfacet
facet normal 0.0 0.0 0.0
  outer loop
    vertex -44.20037841796875 -46.96399688720703 12.00001335144043
    vertex -44.27437973022461 -46.49999237060547 2.6640119552612305
    vertex -44.27437973022461 -46.49999237060547 12.00001335144043
  endloop
endfacet
facet normal 0.0 0.0 0.0
  outer loop
    vertex 11.012622833251953 47.38300323486328 12.000007629394531
    vertex 11.012622833251953 47.38300323486328 2.6640071868896484
    vertex 11.345623016357422 47.71600341796875 2.6640071868896484
  endloop
endfacet
facet normal 0.0 0.0 0.0
  outer loop
    vertex -44.27437973022461 46.5 2.6640119552612305
    vertex -44.20037841796875 46.96399688720703 2.6640119552612305
    vertex -44.27437973022461 46.5 12.00001335144043
  endloop
endfacet
facet normal 0.0 0.0 0.0
  outer loop
    vertex 10.799617767333984 -46.96399688720703 12.000008583068848
    vertex 10.799617767333984 -46.96399688720703 1.3306732177734375
    vertex 10.726619720458984 -46.49999237060547 12.000008583068848
  endloop
endfacet
facet normal 0.0 0.0 0.0
  outer loop
    vertex 11.012622833251953 -47.38299560546875 12.000007629394531
    vertex 10.799617767333984 -46.96399688720703 1.3306732177734375
    vertex 10.799617767333984 -46.96399688720703 12.000008583068848
  endloop
endfacet
facet normal 0.0 0.0 0.0
  outer loop
    vertex -44.20037841796875 46.03600311279297 12.00001335144043
    vertex -44.20037841796875 46.03600311279297 2.6640119552612305
    vertex -44.27437973022461 46.5 2.6640119552612305
  endloop
endfacet
facet normal 0.0 0.0 0.0
  outer loop
    vertex -44.20037841796875 46.03600311279297 12.00001335144043
    vertex -44.27437973022461 46.5 2.6640119552612305
    vertex -44.27437973022461 46.5 12.00001335144043
  endloop
endfacet
facet normal 0.0 0.0 0.0
  outer loop
    vertex 10.799617767333984 46.96399688720703 12.000008583068848
    vertex 10.799617767333984 46.96399688720703 2.6640071868896484
    vertex 11.012622833251953 47.38300323486328 2.6640071868896484
  endloop
endfacet
facet normal 0.0 0.0 0.0
  outer loop
    vertex 10.799617767333984 46.96399688720703 12.000008583068848
    vertex 11.012622833251953 47.38300323486328 2.6640071868896484
    vertex 11.012622833251953 47.38300323486328 12.000007629394531
  endloop
endfacet
facet normal 0.0 0.0 0.0
  outer loop
    vertex -44.20037841796875 46.03600311279297 2.6640119552612305
    vertex -44.20037841796875 46.03600311279297 12.00001335144043
    vertex -43.98737716674805 45.61699676513672 2.6640119552612305
  endloop
endfacet
facet normal 0.0 0.0 0.0
  outer loop
    vertex -43.98737716674805 45.61699676513672 12.00001335144043
    vertex -43.98737716674805 45.61699676513672 2.6640119552612305
    vertex -44.20037841796875 46.03600311279297 12.00001335144043
  endloop
endfacet
facet normal 0.0 0.0 0.0
  outer loop
    vertex 11.76462173461914 -47.928993225097656 12.000007629394531
    vertex 11.76462173461914 -47.928993225097656 1.3306732177734375
    vertex 11.345623016357422 -47.71599578857422 12.000007629394531
  endloop
endfacet
facet normal 0.0 0.0 0.0
  outer loop
    vertex -41.26937484741211 -46.49999237060547 2.6640119552612305
    vertex -41.26937484741211 -46.49999237060547 12.000012397766113
    vertex -41.342376708984375 -46.03599548339844 2.6640119552612305
  endloop
endfacet
facet normal 0.0 0.0 0.0
  outer loop
    vertex 10.799617767333984 46.96399688720703 12.000008583068848
    vertex 10.726619720458984 46.5 2.6640071868896484
    vertex 10.799617767333984 46.96399688720703 2.6640071868896484
  endloop
endfacet
facet normal 0.0 0.0 0.0
  outer loop
    vertex 11.76462173461914 -47.928993225097656 1.3306732177734375
    vertex 11.76462173461914 -47.928993225097656 12.000007629394531
    vertex 12.228618621826172 -48.00299072265625 12.000007629394531
  endloop
endfacet
facet normal 0.0 0.0 0.0
  outer loop
    vertex -43.98737716674805 45.61699676513672 12.00001335144043
    vertex -43.65437698364258 45.28399658203125 2.6640119552612305
    vertex -43.98737716674805 45.61699676513672 2.6640119552612305
  endloop
endfacet
facet normal 0.0 0.0 0.0
  outer loop
    vertex -41.342376708984375 -46.03599548339844 2.6640119552612305
    vertex -41.342376708984375 -46.03599548339844 12.000012397766113
    vertex -41.55537796020508 -45.61699676513672 12.000012397766113
  endloop
endfacet
facet normal 0.0 0.0 0.0
  outer loop
    vertex -41.342376708984375 -46.03599548339844 2.6640119552612305
    vertex -41.55537796020508 -45.61699676513672 12.000012397766113
    vertex -41.55537796020508 -45.61699676513672 2.6640119552612305
  endloop
endfacet
facet normal 0.0 0.0 0.0
  outer loop
    vertex 12.692623138427734 -47.928993225097656 12.000007629394531
    vertex 13.111621856689453 -47.71599578857422 1.3306732177734375
    vertex 12.692623138427734 -47.928993225097656 1.3306732177734375
  endloop
endfacet
facet normal 0.0 0.0 0.0
  outer loop
    vertex 10.799617767333984 46.03600311279297 12.000008583068848
    vertex 10.799617767333984 46.03600311279297 2.6640071868896484
    vertex 10.726619720458984 46.5 2.6640071868896484
  endloop
endfacet
facet normal 0.0 0.0 0.0
  outer loop
    vertex -43.65437698364258 47.71600341796875 2.6640119552612305
    vertex -43.65437698364258 47.71600341796875 12.00001335144043
    vertex -43.98737716674805 47.38300323486328 2.6640119552612305
  endloop
endfacet
facet normal 0.0 0.0 0.0
  outer loop
    vertex -43.65437698364258 47.71600341796875 12.00001335144043
    vertex -43.98737716674805 47.38300323486328 12.00001335144043
    vertex -43.98737716674805 47.38300323486328 2.6640119552612305
  endloop
endfacet
facet normal 0.0 0.0 0.0
  outer loop
    vertex -41.55537796020508 -45.61699676513672 2.6640119552612305
    vertex -41.55537796020508 -45.61699676513672 12.000012397766113
    vertex -41.88837814331055 -45.28399658203125 2.6640119552612305
  endloop
endfacet
facet normal 0.0 0.0 0.0
  outer loop
    vertex 13.444622039794922 -47.38299560546875 12.000007629394531
    vertex 13.444622039794922 -47.38299560546875 1.3306732177734375
    vertex 13.111621856689453 -47.71599578857422 1.3306732177734375
  endloop
endfacet
facet normal 0.0 0.0 0.0
  outer loop
    vertex 11.012622833251953 45.61699676513672 12.000007629394531
    vertex 11.012622833251953 45.61699676513672 2.6640071868896484
    vertex 10.799617767333984 46.03600311279297 2.6640071868896484
  endloop
endfacet
facet normal 0.0 0.0 0.0
  outer loop
    vertex 11.012622833251953 45.61699676513672 12.000007629394531
    vertex 10.799617767333984 46.03600311279297 2.6640071868896484
    vertex 10.799617767333984 46.03600311279297 12.000008583068848
  endloop
endfacet
facet normal 0.0 0.0 0.0
  outer loop
    vertex 11.012622833251953 45.61699676513672 2.6640071868896484
    vertex 11.012622833251953 45.61699676513672 12.000007629394531
    vertex 11.345623016357422 45.28399658203125 2.6640071868896484
  endloop
endfacet
facet normal 0.0 0.0 0.0
  outer loop
    vertex 11.345623016357422 45.28399658203125 12.000007629394531
    vertex 11.345623016357422 45.28399658203125 2.6640071868896484
    vertex 11.012622833251953 45.61699676513672 12.000007629394531
  endloop
endfacet
facet normal 0.0 0.0 0.0
  outer loop
    vertex -43.23537826538086 45.07099914550781 12.000012397766113
    vertex -42.77137756347656 44.99800109863281 12.000012397766113
    vertex -43.23537826538086 45.07099914550781 2.6640119552612305
  endloop
endfacet
facet normal 0.0 0.0 0.0
  outer loop
    vertex -42.77137756347656 44.99800109863281 2.6640119552612305
    vertex -43.23537826538086 45.07099914550781 2.6640119552612305
    vertex -42.77137756347656 44.99800109863281 12.000012397766113
  endloop
endfacet
facet normal 0.0 0.0 0.0
  outer loop
    vertex 11.76462173461914 45.07099914550781 12.000007629394531
    vertex 11.76462173461914 45.07099914550781 2.6640071868896484
    vertex 11.345623016357422 45.28399658203125 2.6640071868896484
  endloop
endfacet
facet normal 0.0 0.0 0.0
  outer loop
    vertex 11.76462173461914 45.07099914550781 12.000007629394531
    vertex 11.345623016357422 45.28399658203125 2.6640071868896484
    vertex 11.345623016357422 45.28399658203125 12.000007629394531
  endloop
endfacet
facet normal 0.0 0.0 0.0
  outer loop
    vertex -44.20037841796875 -46.96399688720703 2.6640119552612305
    vertex -44.20037841796875 -46.96399688720703 12.00001335144043
    vertex -43.98737716674805 -47.38299560546875 2.6640119552612305
  endloop
endfacet
facet normal 0.0 0.0 0.0
  outer loop
    vertex -43.98737716674805 -47.38299560546875 12.00001335144043
    vertex -43.98737716674805 -47.38299560546875 2.6640119552612305
    vertex -44.20037841796875 -46.96399688720703 12.00001335144043
  endloop
endfacet
facet normal 0.0 0.0 0.0
  outer loop
    vertex -42.307376861572266 45.07099914550781 2.6640119552612305
    vertex -42.77137756347656 44.99800109863281 2.6640119552612305
    vertex -42.77137756347656 44.99800109863281 12.000012397766113
  endloop
endfacet
facet normal 0.0 0.0 0.0
  outer loop
    vertex 12.228618621826172 44.99800109863281 2.6640071868896484
    vertex 11.76462173461914 45.07099914550781 2.6640071868896484
    vertex 11.76462173461914 45.07099914550781 12.000007629394531
  endloop
endfacet
facet normal 0.0 0.0 0.0
  outer loop
    vertex -43.98737716674805 -47.38299560546875 2.6640119552612305
    vertex -43.98737716674805 -47.38299560546875 12.00001335144043
    vertex -43.65437698364258 -47.71599578857422 2.6640119552612305
  endloop
endfacet
facet normal 0.0 0.0 0.0
  outer loop
    vertex -43.65437698364258 -47.71599578857422 12.00001335144043
    vertex -43.65437698364258 -47.71599578857422 2.6640119552612305
    vertex -43.98737716674805 -47.38299560546875 12.00001335144043
  endloop
endfacet
facet normal 0.0 0.0 0.0
  outer loop
    vertex -43.65437698364258 -47.71599578857422 12.00001335144043
    vertex -43.23537826538086 -47.928993225097656 12.000012397766113
    vertex -43.65437698364258 -47.71599578857422 2.6640119552612305
  endloop
endfacet
facet normal 0.0 0.0 0.0
  outer loop
    vertex 12.228618621826172 44.99800109863281 12.000007629394531
    vertex 12.692623138427734 45.07099914550781 2.6640071868896484
    vertex 12.228618621826172 44.99800109863281 2.6640071868896484
  endloop
endfacet
facet normal 0.0 0.0 0.0
  outer loop
    vertex 10.726619720458984 -46.49999237060547 1.3306732177734375
    vertex 10.799617767333984 -46.03599548339844 1.3306732177734375
    vertex 10.726619720458984 -46.49999237060547 12.000008583068848
  endloop
endfacet
facet normal 0.0 0.0 0.0
  outer loop
    vertex 13.111621856689453 45.28399658203125 12.000007629394531
    vertex 13.111621856689453 45.28399658203125 2.6640071868896484
    vertex 12.692623138427734 45.07099914550781 2.6640071868896484
  endloop
endfacet
facet normal 0.0 0.0 0.0
  outer loop
    vertex -42.307376861572266 -47.928993225097656 12.000012397766113
    vertex -42.307376861572266 -47.928993225097656 2.6640119552612305
    vertex -42.77137756347656 -48.00299072265625 2.6640119552612305
  endloop
endfacet
facet normal 0.0 0.0 0.0
  outer loop
    vertex 13.731624603271484 -46.49999237060547 1.3306732177734375
    vertex 13.65761947631836 -46.03599548339844 12.000007629394531
    vertex 13.65761947631836 -46.03599548339844 1.3306732177734375
  endloop
endfacet
facet normal 0.0 0.0 0.0
  outer loop
    vertex 13.65761947631836 -46.03599548339844 1.3306732177734375
    vertex 13.65761947631836 -46.03599548339844 12.000007629394531
    vertex 13.444622039794922 -45.61699676513672 1.3306732177734375
  endloop
endfacet
facet normal 0.0 0.0 0.0
  outer loop
    vertex -41.88837814331055 -47.71599578857422 2.6640119552612305
    vertex -42.307376861572266 -47.928993225097656 2.6640119552612305
    vertex -42.307376861572266 -47.928993225097656 12.000012397766113
  endloop
endfacet
facet normal 0.0 0.0 0.0
  outer loop
    vertex -41.26937484741211 46.5 2.6640119552612305
    vertex -41.342376708984375 46.96399688720703 12.000012397766113
    vertex -41.342376708984375 46.96399688720703 2.6640119552612305
  endloop
endfacet
facet normal 0.0 0.0 0.0
  outer loop
    vertex 13.111621856689453 -45.28399658203125 1.3306732177734375
    vertex 12.692623138427734 -45.07099151611328 12.000007629394531
    vertex 12.692623138427734 -45.07099151611328 1.3306732177734375
  endloop
endfacet
facet normal 0.0 0.0 0.0
  outer loop
    vertex -41.55537796020508 47.38300323486328 12.000012397766113
    vertex -41.55537796020508 47.38300323486328 2.6640119552612305
    vertex -41.342376708984375 46.96399688720703 12.000012397766113
  endloop
endfacet
facet normal 0.0 0.0 0.0
  outer loop
    vertex -41.342376708984375 46.96399688720703 2.6640119552612305
    vertex -41.342376708984375 46.96399688720703 12.000012397766113
    vertex -41.55537796020508 47.38300323486328 2.6640119552612305
  endloop
endfacet
facet normal 0.0 0.0 0.0
  outer loop
    vertex 12.228618621826172 -44.99799346923828 1.3306732177734375
    vertex 12.692623138427734 -45.07099151611328 1.3306732177734375
    vertex 12.692623138427734 -45.07099151611328 12.000007629394531
  endloop
endfacet
facet normal 0.0 0.0 0.0
  outer loop
    vertex -41.55537796020508 47.38300323486328 12.000012397766113
    vertex -41.88837814331055 47.71600341796875 12.000012397766113
    vertex -41.55537796020508 47.38300323486328 2.6640119552612305
  endloop
endfacet
facet normal 0.0 0.0 0.0
  outer loop
    vertex 13.65761947631836 46.03600311279297 12.000007629394531
    vertex 13.65761947631836 46.03600311279297 2.6640071868896484
    vertex 13.444622039794922 45.61699676513672 2.6640071868896484
  endloop
endfacet
facet normal 0.0 0.0 0.0
  outer loop
    vertex -43.65437698364258 47.71600341796875 2.6640119552612305
    vertex -41.26937484741211 46.5 2.6640119552612305
    vertex -43.23537826538086 47.92900085449219 2.6640119552612305
  endloop
endfacet
facet normal 0.0 0.0 0.0
  outer loop
    vertex -41.88837814331055 47.71600341796875 2.6640119552612305
    vertex -43.23537826538086 47.92900085449219 2.6640119552612305
    vertex -41.55537796020508 47.38300323486328 2.6640119552612305
  endloop
endfacet
facet normal 0.0 0.0 0.0
  outer loop
    vertex -41.88837814331055 47.71600341796875 2.6640119552612305
    vertex -42.307376861572266 47.92900085449219 2.6640119552612305
    vertex -43.23537826538086 47.92900085449219 2.6640119552612305
  endloop
endfacet
facet normal 0.0 0.0 0.0
  outer loop
    vertex -42.77137756347656 48.00299072265625 2.6640119552612305
    vertex -43.23537826538086 47.92900085449219 2.6640119552612305
    vertex -42.307376861572266 47.92900085449219 2.6640119552612305
  endloop
endfacet
facet normal 0.0 0.0 0.0
  outer loop
    vertex 13.65761947631836 46.03600311279297 2.6640071868896484
    vertex 13.65761947631836 46.03600311279297 12.000007629394531
    vertex 13.731624603271484 46.5 12.000007629394531
  endloop
endfacet
facet normal 0.0 0.0 0.0
  outer loop
    vertex 13.65761947631836 46.03600311279297 2.6640071868896484
    vertex 13.731624603271484 46.5 12.000007629394531
    vertex 13.731624603271484 46.5 2.6640071868896484
  endloop
endfacet
facet normal 0.0 0.0 0.0
  outer loop
    vertex 11.012622833251953 -47.38299560546875 12.000007629394531
    vertex 11.012622833251953 -47.38299560546875 1.3306732177734375
    vertex 10.799617767333984 -46.96399688720703 1.3306732177734375
  endloop
endfacet
facet normal 0.0 0.0 0.0
  outer loop
    vertex -44.27437973022461 46.5 2.6640119552612305
    vertex -44.20037841796875 46.03600311279297 2.6640119552612305
    vertex -44.20037841796875 46.96399688720703 2.6640119552612305
  endloop
endfacet
facet normal 0.0 0.0 0.0
  outer loop
    vertex -44.20037841796875 46.03600311279297 2.6640119552612305
    vertex -43.98737716674805 45.61699676513672 2.6640119552612305
    vertex -44.20037841796875 46.96399688720703 2.6640119552612305
  endloop
endfacet
facet normal 0.0 0.0 0.0
  outer loop
    vertex -43.98737716674805 45.61699676513672 2.6640119552612305
    vertex -43.65437698364258 45.28399658203125 2.6640119552612305
    vertex -44.20037841796875 46.96399688720703 2.6640119552612305
  endloop
endfacet
facet normal 0.0 0.0 0.0
  outer loop
    vertex -43.65437698364258 45.28399658203125 2.6640119552612305
    vertex -43.23537826538086 45.07099914550781 2.6640119552612305
    vertex -44.20037841796875 46.96399688720703 2.6640119552612305
  endloop
endfacet
facet normal 0.0 0.0 0.0
  outer loop
    vertex 13.65761947631836 46.96399688720703 2.6640071868896484
    vertex 13.731624603271484 46.5 2.6640071868896484
    vertex 13.65761947631836 46.96399688720703 12.000007629394531
  endloop
endfacet
facet normal 0.0 0.0 0.0
  outer loop
    vertex 13.731624603271484 46.5 12.000007629394531
    vertex 13.65761947631836 46.96399688720703 12.000007629394531
    vertex 13.731624603271484 46.5 2.6640071868896484
  endloop
endfacet
facet normal 0.0 0.0 0.0
  outer loop
    vertex 11.012622833251953 -47.38299560546875 1.3306732177734375
    vertex 11.012622833251953 -47.38299560546875 12.000007629394531
    vertex 11.345623016357422 -47.71599578857422 1.3306732177734375
  endloop
endfacet
facet normal 0.0 0.0 0.0
  outer loop
    vertex 11.345623016357422 -47.71599578857422 12.000007629394531
    vertex 11.345623016357422 -47.71599578857422 1.3306732177734375
    vertex 11.012622833251953 -47.38299560546875 12.000007629394531
  endloop
endfacet
facet normal 0.0 0.0 0.0
  outer loop
    vertex 13.444622039794922 47.38300323486328 12.000007629394531
    vertex 13.444622039794922 47.38300323486328 2.6640071868896484
    vertex 13.65761947631836 46.96399688720703 12.000007629394531
  endloop
endfacet
facet normal 0.0 0.0 0.0
  outer loop
    vertex 13.65761947631836 46.96399688720703 2.6640071868896484
    vertex 13.65761947631836 46.96399688720703 12.000007629394531
    vertex 13.444622039794922 47.38300323486328 2.6640071868896484
  endloop
endfacet
facet normal 0.0 0.0 0.0
  outer loop
    vertex 11.76462173461914 -47.928993225097656 1.3306732177734375
    vertex 11.345623016357422 -47.71599578857422 1.3306732177734375
    vertex 11.345623016357422 -47.71599578857422 12.000007629394531
  endloop
endfacet
facet normal 0.0 0.0 0.0
  outer loop
    vertex 12.228618621826172 -48.00299072265625 1.3306732177734375
    vertex 11.76462173461914 -47.928993225097656 1.3306732177734375
    vertex 12.228618621826172 -48.00299072265625 12.000007629394531
  endloop
endfacet
facet normal 0.0 0.0 0.0
  outer loop
    vertex 13.444622039794922 47.38300323486328 12.000007629394531
    vertex 13.111621856689453 47.71600341796875 12.000007629394531
    vertex 13.444622039794922 47.38300323486328 2.6640071868896484
  endloop
endfacet
facet normal 0.0 0.0 0.0
  outer loop
    vertex 11.76462173461914 47.92900085449219 2.6640071868896484
    vertex 12.228618621826172 48.00299072265625 2.6640071868896484
    vertex 11.76462173461914 47.92900085449219 12.000007629394531
  endloop
endfacet
facet normal 0.0 0.0 0.0
  outer loop
    vertex 12.228618621826172 48.00299072265625 12.000007629394531
    vertex 11.76462173461914 47.92900085449219 12.000007629394531
    vertex 12.228618621826172 48.00299072265625 2.6640071868896484
  endloop
endfacet
facet normal 0.0 0.0 0.0
  outer loop
    vertex 12.692623138427734 -47.928993225097656 1.3306732177734375
    vertex 12.228618621826172 -48.00299072265625 1.3306732177734375
    vertex 12.228618621826172 -48.00299072265625 12.000007629394531
  endloop
endfacet
facet normal 0.0 0.0 0.0
  outer loop
    vertex -43.23537826538086 45.07099914550781 2.6640119552612305
    vertex -42.77137756347656 44.99800109863281 2.6640119552612305
    vertex -44.20037841796875 46.96399688720703 2.6640119552612305
  endloop
endfacet
facet normal 0.0 0.0 0.0
  outer loop
    vertex -43.98737716674805 47.38300323486328 2.6640119552612305
    vertex -44.20037841796875 46.96399688720703 2.6640119552612305
    vertex -42.77137756347656 44.99800109863281 2.6640119552612305
  endloop
endfacet
facet normal 0.0 0.0 0.0
  outer loop
    vertex -43.65437698364258 47.71600341796875 2.6640119552612305
    vertex -43.98737716674805 47.38300323486328 2.6640119552612305
    vertex -42.77137756347656 44.99800109863281 2.6640119552612305
  endloop
endfacet
facet normal 0.0 0.0 0.0
  outer loop
    vertex -43.65437698364258 47.71600341796875 2.6640119552612305
    vertex -42.77137756347656 44.99800109863281 2.6640119552612305
    vertex -42.307376861572266 45.07099914550781 2.6640119552612305
  endloop
endfacet
facet normal 0.0 0.0 0.0
  outer loop
    vertex -43.65437698364258 47.71600341796875 2.6640119552612305
    vertex -42.307376861572266 45.07099914550781 2.6640119552612305
    vertex -41.88837814331055 45.28399658203125 2.6640119552612305
  endloop
endfacet
facet normal 0.0 0.0 0.0
  outer loop
    vertex -43.65437698364258 47.71600341796875 2.6640119552612305
    vertex -41.88837814331055 45.28399658203125 2.6640119552612305
    vertex -41.55537796020508 45.61699676513672 2.6640119552612305
  endloop
endfacet
facet normal 0.0 0.0 0.0
  outer loop
    vertex -43.65437698364258 47.71600341796875 2.6640119552612305
    vertex -41.55537796020508 45.61699676513672 2.6640119552612305
    vertex -41.342376708984375 46.03600311279297 2.6640119552612305
  endloop
endfacet
facet normal 0.0 0.0 0.0
  outer loop
    vertex -43.65437698364258 47.71600341796875 2.6640119552612305
    vertex -41.342376708984375 46.03600311279297 2.6640119552612305
    vertex -41.26937484741211 46.5 2.6640119552612305
  endloop
endfacet
facet normal 0.0 0.0 0.0
  outer loop
    vertex -41.342376708984375 46.96399688720703 2.6640119552612305
    vertex -43.23537826538086 47.92900085449219 2.6640119552612305
    vertex -41.26937484741211 46.5 2.6640119552612305
  endloop
endfacet
facet normal 0.0 0.0 0.0
  outer loop
    vertex -41.55537796020508 47.38300323486328 2.6640119552612305
    vertex -43.23537826538086 47.92900085449219 2.6640119552612305
    vertex -41.342376708984375 46.96399688720703 2.6640119552612305
  endloop
endfacet
facet normal 0.0 0.0 0.0
  outer loop
    vertex 11.345623016357422 47.71600341796875 12.000007629394531
    vertex 11.345623016357422 47.71600341796875 2.6640071868896484
    vertex 11.76462173461914 47.92900085449219 12.000007629394531
  endloop
endfacet
facet normal 0.0 0.0 0.0
  outer loop
    vertex 11.76462173461914 47.92900085449219 2.6640071868896484
    vertex 11.76462173461914 47.92900085449219 12.000007629394531
    vertex 11.345623016357422 47.71600341796875 2.6640071868896484
  endloop
endfacet
facet normal 0.0 0.0 0.0
  outer loop
    vertex -43.23537826538086 -45.07099151611328 2.6640119552612305
    vertex -42.77137756347656 -44.99799346923828 2.6640119552612305
    vertex -43.23537826538086 -45.07099151611328 12.000012397766113
  endloop
endfacet
facet normal 0.0 0.0 0.0
  outer loop
    vertex -42.77137756347656 -44.99799346923828 12.000012397766113
    vertex -43.23537826538086 -45.07099151611328 12.000012397766113
    vertex -42.77137756347656 -44.99799346923828 2.6640119552612305
  endloop
endfacet
facet normal 0.0 0.0 0.0
  outer loop
    vertex 13.444622039794922 47.38300323486328 2.6640071868896484
    vertex 13.111621856689453 47.71600341796875 12.000007629394531
    vertex 13.111621856689453 47.71600341796875 2.6640071868896484
  endloop
endfacet
facet normal 0.0 0.0 0.0
  outer loop
    vertex -43.23537826538086 -45.07099151611328 2.6640119552612305
    vertex -43.23537826538086 -45.07099151611328 12.000012397766113
    vertex -43.65437698364258 -45.28399658203125 12.00001335144043
  endloop
endfacet
facet normal 0.0 0.0 0.0
  outer loop
    vertex 13.111621856689453 47.71600341796875 2.6640071868896484
    vertex 13.111621856689453 47.71600341796875 12.000007629394531
    vertex 12.692623138427734 47.92900085449219 2.6640071868896484
  endloop
endfacet
facet normal 0.0 0.0 0.0
  outer loop
    vertex 11.012622833251953 -45.61699676513672 1.3306732177734375
    vertex 13.65761947631836 -46.96399688720703 1.3306732177734375
    vertex 11.345623016357422 -45.28399658203125 1.3306732177734375
  endloop
endfacet
facet normal 0.0 0.0 0.0
  outer loop
    vertex 10.799617767333984 -46.03599548339844 1.3306732177734375
    vertex 13.65761947631836 -46.96399688720703 1.3306732177734375
    vertex 11.012622833251953 -45.61699676513672 1.3306732177734375
  endloop
endfacet
facet normal 0.0 0.0 0.0
  outer loop
    vertex 11.345623016357422 -45.28399658203125 1.3306732177734375
    vertex 13.65761947631836 -46.96399688720703 1.3306732177734375
    vertex 11.76462173461914 -45.07099151611328 1.3306732177734375
  endloop
endfacet
facet normal 0.0 0.0 0.0
  outer loop
    vertex 10.726619720458984 -46.49999237060547 1.3306732177734375
    vertex 13.65761947631836 -46.96399688720703 1.3306732177734375
    vertex 10.799617767333984 -46.03599548339844 1.3306732177734375
  endloop
endfacet
facet normal 0.0 0.0 0.0
  outer loop
    vertex 10.799617767333984 -46.96399688720703 1.3306732177734375
    vertex 12.692623138427734 -47.928993225097656 1.3306732177734375
    vertex 10.726619720458984 -46.49999237060547 1.3306732177734375
  endloop
endfacet
facet normal 0.0 0.0 0.0
  outer loop
    vertex 11.76462173461914 -45.07099151611328 1.3306732177734375
    vertex 13.65761947631836 -46.96399688720703 1.3306732177734375
    vertex 12.228618621826172 -44.99799346923828 1.3306732177734375
  endloop
endfacet
facet normal 0.0 0.0 0.0
  outer loop
    vertex 12.228618621826172 -44.99799346923828 1.3306732177734375
    vertex 13.731624603271484 -46.49999237060547 1.3306732177734375
    vertex 13.65761947631836 -46.03599548339844 1.3306732177734375
  endloop
endfacet
facet normal 0.0 0.0 0.0
  outer loop
    vertex 13.444622039794922 -45.61699676513672 1.3306732177734375
    vertex 12.692623138427734 -45.07099151611328 1.3306732177734375
    vertex 13.65761947631836 -46.03599548339844 1.3306732177734375
  endloop
endfacet
facet normal 0.0 0.0 0.0
  outer loop
    vertex 13.111621856689453 -45.28399658203125 1.3306732177734375
    vertex 12.692623138427734 -45.07099151611328 1.3306732177734375
    vertex 13.444622039794922 -45.61699676513672 1.3306732177734375
  endloop
endfacet
facet normal 0.0 0.0 0.0
  outer loop
    vertex 12.228618621826172 -44.99799346923828 1.3306732177734375
    vertex 13.65761947631836 -46.03599548339844 1.3306732177734375
    vertex 12.692623138427734 -45.07099151611328 1.3306732177734375
  endloop
endfacet
facet normal 0.0 0.0 0.0
  outer loop
    vertex 11.012622833251953 -47.38299560546875 1.3306732177734375
    vertex 11.345623016357422 -47.71599578857422 1.3306732177734375
    vertex 10.799617767333984 -46.96399688720703 1.3306732177734375
  endloop
endfacet
facet normal 0.0 0.0 0.0
  outer loop
    vertex 11.345623016357422 -47.71599578857422 1.3306732177734375
    vertex 11.76462173461914 -47.928993225097656 1.3306732177734375
    vertex 10.799617767333984 -46.96399688720703 1.3306732177734375
  endloop
endfacet
facet normal 0.0 0.0 0.0
  outer loop
    vertex 10.799617767333984 -46.96399688720703 1.3306732177734375
    vertex 11.76462173461914 -47.928993225097656 1.3306732177734375
    vertex 12.228618621826172 -48.00299072265625 1.3306732177734375
  endloop
endfacet
facet normal 0.0 0.0 0.0
  outer loop
    vertex 10.799617767333984 -46.96399688720703 1.3306732177734375
    vertex 12.228618621826172 -48.00299072265625 1.3306732177734375
    vertex 12.692623138427734 -47.928993225097656 1.3306732177734375
  endloop
endfacet
facet normal 0.0 0.0 0.0
  outer loop
    vertex 13.111621856689453 -47.71599578857422 1.3306732177734375
    vertex 10.726619720458984 -46.49999237060547 1.3306732177734375
    vertex 12.692623138427734 -47.928993225097656 1.3306732177734375
  endloop
endfacet
facet normal 0.0 0.0 0.0
  outer loop
    vertex 13.444622039794922 -47.38299560546875 1.3306732177734375
    vertex 10.726619720458984 -46.49999237060547 1.3306732177734375
    vertex 13.111621856689453 -47.71599578857422 1.3306732177734375
  endloop
endfacet
facet normal 0.0 0.0 0.0
  outer loop
    vertex 13.65761947631836 -46.96399688720703 1.3306732177734375
    vertex 10.726619720458984 -46.49999237060547 1.3306732177734375
    vertex 13.444622039794922 -47.38299560546875 1.3306732177734375
  endloop
endfacet
facet normal 0.0 0.0 0.0
  outer loop
    vertex 13.731624603271484 -46.49999237060547 1.3306732177734375
    vertex 12.228618621826172 -44.99799346923828 1.3306732177734375
    vertex 13.65761947631836 -46.96399688720703 1.3306732177734375
  endloop
endfacet
facet normal 0.0 0.0 0.0
  outer loop
    vertex -35.77437973022461 -2.0029983520507812 12.000012397766113
    vertex -35.77437973022461 -48.99999237060547 12.000012397766113
    vertex -35.77437973022461 -2.0029983520507812 6.662678241729736
  endloop
endfacet
facet normal 0.0 0.0 0.0
  outer loop
    vertex -35.77437973022461 -48.99999237060547 4.0000104904174805
    vertex -35.77437973022461 -2.0029983520507812 6.662678241729736
    vertex -35.77437973022461 -48.99999237060547 12.000012397766113
  endloop
endfacet
facet normal 0.0 0.0 0.0
  outer loop
    vertex -35.77437973022461 44.00299835205078 12.000012397766113
    vertex -35.77437973022461 44.00299835205078 6.662678241729736
    vertex -35.77437973022461 48.99999237060547 12.000012397766113
  endloop
endfacet
facet normal 0.0 0.0 0.0
  outer loop
    vertex -35.77437973022461 49.00299072265625 9.5367431640625e-06
    vertex -35.77437973022461 48.99999237060547 4.0000104904174805
    vertex -35.77437973022461 44.00299835205078 6.662678241729736
  endloop
endfacet
facet normal 0.0 0.0 0.0
  outer loop
    vertex -35.77437973022461 44.00299835205078 6.662678241729736
    vertex -35.77437973022461 -2.0029983520507812 6.662678241729736
    vertex -35.77437973022461 49.00299072265625 9.5367431640625e-06
  endloop
endfacet
facet normal 0.0 0.0 0.0
  outer loop
    vertex -35.77437973022461 -49.002464294433594 9.5367431640625e-06
    vertex -35.77437973022461 49.00299072265625 9.5367431640625e-06
    vertex -35.77437973022461 -2.0029983520507812 6.662678241729736
  endloop
endfacet
facet normal 0.0 0.0 0.0
  outer loop
    vertex -35.77437973022461 -49.002464294433594 9.5367431640625e-06
    vertex -35.77437973022461 -2.0029983520507812 6.662678241729736
    vertex -35.77437973022461 -48.99999237060547 4.0000104904174805
  endloop
endfacet
facet normal 0.0 0.0 0.0
  outer loop
    vertex -35.77437973022461 -2.0029983520507812 6.662678241729736
    vertex -45.27137756347656 -2.0029983520507812 6.6626787185668945
    vertex -35.77437973022461 -2.0029983520507812 12.000012397766113
  endloop
endfacet
facet normal 0.0 0.0 0.0
  outer loop
    vertex -45.27137756347656 -2.0029983520507812 6.6626787185668945
    vertex -35.77437973022461 -2.0029983520507812 6.662678241729736
    vertex -35.77437973022461 44.00299835205078 6.662678241729736
  endloop
endfacet
facet normal 0.0 0.0 0.0
  outer loop
    vertex 5.231624603271484 48.99999237060547 12.000008583068848
    vertex 5.231624603271484 48.99999237060547 4.000007629394531
    vertex 5.231624603271484 -48.99999237060547 4.000007629394531
  endloop
endfacet
facet normal 0.0 0.0 0.0
  outer loop
    vertex 5.231624603271484 -48.99999237060547 12.000008583068848
    vertex 5.231624603271484 48.99999237060547 12.000008583068848
    vertex 5.231624603271484 -48.99999237060547 4.000007629394531
  endloop
endfacet
facet normal 0.0 0.0 0.0
  outer loop
    vertex 5.231624603271484 -49.002464294433594 6.67572021484375e-06
    vertex 5.231624603271484 -48.99999237060547 4.000007629394531
    vertex 5.231624603271484 48.99999237060547 4.000007629394531
  endloop
endfacet
facet normal 0.0 0.0 0.0
  outer loop
    vertex -35.77437973022461 48.99999237060547 4.0000104904174805
    vertex -35.77437973022461 48.99999237060547 12.000012397766113
    vertex -35.77437973022461 44.00299835205078 6.662678241729736
  endloop
endfacet
facet normal 0.0 0.0 0.0
  outer loop
    vertex 5.231624603271484 49.00299072265625 6.67572021484375e-06
    vertex 5.231624603271484 -49.002464294433594 6.67572021484375e-06
    vertex 5.231624603271484 48.99999237060547 4.000007629394531
  endloop
endfacet
facet normal 0.0 0.0 0.0
  outer loop
    vertex -45.27137756347656 44.00299835205078 6.6626787185668945
    vertex -35.77437973022461 44.00299835205078 6.662678241729736
    vertex -45.27137756347656 44.00299835205078 12.00001335144043
  endloop
endfacet
facet normal 0.0 0.0 0.0
  outer loop
    vertex -35.77437973022461 44.00299835205078 6.662678241729736
    vertex -45.27137756347656 44.00299835205078 6.6626787185668945
    vertex -45.27137756347656 -2.0029983520507812 6.6626787185668945
  endloop
endfacet
endsolid Uranium STLWriter Wed 01 May 2024 14:28:18
